V1,V2,V3,V4,V5,V6,V7,V8,V9,V10,Time,Amount,Class
-0.8137727282478777,0.5949524581768018,0.20399946111071426,0.6753186579931079,2.0208417130395606,-0.3659696437322058,0.5001736724429345,0.7795430797679663,2.315803203581627,-0.8436586927634225,142675,24.61,0
-0.16172100304124704,-1.215253464302734,-2.527929578593109,0.2717460329342649,0.20102689621612732,-0.6529933973012879,0.101467693461478,-1.115215859388617,0.18442342112453017,-0.821891869796174,32870,13.92,0
0.7715332597619193,0.4937227144602481,-0.1409618614905171,0.89741719493132,1.9520658700471099,-0.8060859240170528,-0.016866829996716345,-1.2352036558529162,0.27691589708350783,-0.02866417635496403,66009,129.59,0
-1.7349760820454327,-2.834244782633218,-1.0411871713037413,0.15219288177190468,0.16495058607731836,-0.34098995588908926,-1.6614592002832689,1.1427061072303937,1.2943874171083836,0.334813647003054,138157,27.96,0
-0.8456610327673472,-0.2677945736751827,-0.5664418879967954,0.635544571242232,0.13509141429097746,1.3540428872992891,0.5554261336510725,0.9223300850147598,-0.27109071918026306,-0.2980075276990606,21513,77.07,0
-0.1440276600546764,1.1617347900146988,1.3068512236723466,2.2427407235897676,-1.1192531307043045,3.0097701334193614,0.17804993371368696,-1.1219974322274493,-1.281983056749377,1.4544988840793185,125391,49.64,0
1.0455322747896802,-1.8863049279833795,0.6885145981148411,-1.3637638078299683,1.190178046191512,-0.252557480459196,-1.6823916332877236,1.4631160223687936,1.6484164160511827,0.36631541242409676,48107,91.38,0
-0.4886825689629625,-0.5799058273119273,-0.19820741809966577,2.8006844473432873,-1.4064802420048998,1.8698884728463603,-0.7690377035905946,1.3682739343904182,1.3943607600052987,-0.8156172289220969,112794,66.27,0
-0.3474185762807749,2.8899174499446363,3.1407203979460254,1.6284534034561688,2.550536365103003,2.5048048407745234,3.0896414511669708,2.007452446034268,5.5055311324308835,1.8006827622904962,120932,1.98,1
-1.3683342975511175,0.45225412270219334,2.82582696895091,-1.2490537522004106,0.4869304410933395,-1.4913876349798483,-0.7226684855549192,1.1600358993963054,-1.585464357237008,-0.23533731513568343,132554,99.76,0
-1.3538075195468575,2.118209812430197,-0.9006709800519722,-0.08903368912477153,0.4172544718659806,-0.5787189499089014,-1.8610409770567033,1.46544952756248,0.15436920011455715,2.2814070067272048,70145,73.57,0
0.9355471254651493,-1.3730506595686418,-0.2443333912736707,0.161133351784875,1.049823811532478,0.7204379830848138,0.38674981591470886,-0.43966342800249425,0.01614805269588526,-1.7093067251324054,116356,2.51,0
0.17726136694885572,-0.3166228050618577,-0.1742070470263107,1.0643701624194226,1.8222382267295831,0.3888461549835758,0.8314594195090657,1.928000319732121,-0.03239832563419534,1.6939647130333415,143718,52.38,0
1.7396480419310116,-1.4874711933807585,-1.6118082676014285,1.3038267738563416,1.1756003382308513,1.477514541943261,0.06458822773864592,-0.950947460073254,0.6210850400888195,0.08485133575552457,74572,33.42,0
-0.694465241925353,0.8837849612619612,0.5534679013881464,1.1665402012943862,0.9307787443246629,-0.7072556052356674,-1.9103906545761233,1.5987197226039267,-1.5351895736129901,0.4494194634168342,31023,56.92,0
0.9001845640199633,0.5012083271142144,-1.208474795904233,-1.1951571807787262,-0.22808904248720263,0.559636246304464,0.0944926997905119,0.6389384741346508,-0.892467767981082,1.929934665532375,27271,47.92,0
-1.7763982963422946,-1.8081627135937397,0.7954892582045359,0.45645034041423266,1.9835157133335595,-0.3114232441637862,2.353350863781843,-0.18048975863830488,-0.6128486875756598,-2.198619485110855,154586,96.78,0
0.5484279208297995,0.6421529522992627,-0.9668760917306345,0.2554031112714188,0.2219797288210042,-1.6680951496718293,0.13082252989655052,1.0848701715208642,-3.1018500303731154,0.14176457768971087,20526,108.01,0
0.2667361679766415,1.55356466849423,-1.5629808516390824,1.0945843158173858,-0.05369444720276938,-1.6392206767779147,-0.6445158714970135,-0.7936135565568602,0.6832800011017057,-1.9263278946397526,105042,11.5,0
0.9476496098482997,0.27200110688318835,-0.07147849366199094,1.5487104966609837,0.2918612035602047,0.8120197407652732,0.6707697428073575,0.610068762860433,-0.9680157700920731,0.23395870262347823,108294,164.64,0
1.9229461940665773,3.179864488823514,0.8103260167685212,-0.23848408211842734,-0.41082115600974495,-0.35332488744912666,0.0683194144559118,2.0214494817414748,-1.0702908751696045,-0.2371999826998396,116021,126.9,0
1.1352747316531886,-0.9370084285957558,-0.32231184425201137,-1.39065674847008,0.3711859306174261,0.9880431911327604,-0.5754378443989939,1.2372609327869362,0.09293910843724024,-0.7641650158181347,93746,21.89,0
-1.18147906792882,-0.7685457897914107,-1.0606925062318246,0.4816750622757203,2.4130787367698687,1.3957751649705066,1.2292674810165194,0.4018710675549277,1.9532357789016481,0.7691426693821504,59288,69.21,0
1.5756775921706603,0.07292489171713287,0.13371680774651215,1.200553998907298,0.8746940500325806,0.8560991366686891,-1.9984286073005315,0.9572109694752086,0.5077759629840716,1.468132697338994,67929,21.9,0
-1.3226996123544024,0.5503451014048882,-0.21371023394730407,-0.7801445841439879,-0.38866588724738077,0.730067177405201,-0.5385761184626445,-0.9051775209101217,-0.5086928807305496,1.4545346954494796,43626,32.66,0
0.3282739620810305,0.7479422288218825,0.08136994395373587,1.0288177791774493,1.246790275725483,-0.5262307938622197,-0.587976820035359,-1.2475795641449765,0.5066382825412106,-0.49580974009681006,29885,89.2,0
0.5223602138344686,0.09108996678502743,0.5242282857304499,-0.6698828063790009,1.3846451230860892,0.4244526882825988,0.2688625583870938,0.3854085388217769,-1.6803455751302065,1.0001534782949781,83332,75.94,0
-1.7273204231923487,0.029833787126638218,-0.8245546421329034,2.0774998319122866,1.159215702561221,0.4307757777089527,-0.42711982356249556,0.0019011448389050713,-0.43210211243366137,-0.7298060520533185,167089,82.78,0
0.8257136414253099,1.7684253285138456,0.6688085075182737,-0.7773635613937209,0.1478485549519405,-0.748063647230787,-2.20885617966597,0.7747718432115515,1.0943928817301192,-0.6611837000386143,144827,6.77,0
0.924699196769792,0.5540648364458706,-0.138175872408474,-0.15250202621506806,-0.7030805759400762,1.9419194692885138,-0.3010911470597567,-1.2486061896016452,-1.1828174122930073,-1.154666886999657,146388,113.92,0
0.5711740662910472,0.1676514647267018,1.7152571026625716,1.0959522736975829,-0.7900677508179633,-0.28546518796484144,-1.2011329665351465,1.2824970617344205,-0.5434565838518332,-1.078056160833228,24448,118.45,0
-0.7258582206871392,0.6215507604598759,2.1055880368415036,-1.5523468453592213,-0.6977934544676601,0.6810730770173063,0.9539003732611667,0.9044047842953582,1.4545792886223865,0.23965644694050092,73787,93.31,0
0.6294040061022004,-1.2893351974019516,-0.13174352571197195,-2.1515632347735676,0.006323989816705009,-0.1367324164624988,0.1937102734020166,0.3731298413534266,1.070645154415591,-0.6694058937885453,171665,6.04,0
-0.022247794849210738,-0.6548956413099721,-1.4154079083229805,0.22011834617736706,-0.42334172933427894,2.069198129556991,-1.4721508867300803,-0.7259358533029165,-1.4687137099617364,0.5960787577695421,165059,48.8,0
0.48398229395152703,0.43846362477666,-0.2733902187499678,0.4042884622647964,-0.6711783070441786,0.8239492471907172,1.8463376620200072,1.616595172135364,0.30985801883708297,-0.8286038865173898,100218,116.47,0
-0.8681934306407798,-1.0865350262342919,-0.4142570241548305,-0.5816980607695965,-0.6503651773718636,-0.7520778697056207,-0.27970832214143765,0.35809104640766465,0.23277499175658944,-0.12002552362737859,23928,86.88,0
-0.3061190484599539,-0.5603514924222011,-0.24103544254798545,0.31077995682991316,0.8665217208419668,0.07259232424309639,-0.05648543811091493,0.8825756619804925,-0.05178541308297068,0.40339243982479606,85112,25.04,0
-1.984143223128996,-2.1556068785835505,1.0445095432712728,-0.7948719909630466,1.3936742224562821,-1.2056204167600297,0.31224583872439793,-0.13699827306465254,-0.0884521558973705,-1.156733614867214,125907,15.53,0
0.8421269591376328,1.6519918374433393,-2.5363655052011467,1.1572813074935637,0.06125325025627931,0.3417929633297362,1.0502430456593095,-1.8350231302025264,0.48325368814475356,1.5335085844466625,131892,10.7,0
-0.7286104852595274,0.2462780914938584,-0.6822167189548592,0.029455367464284527,-1.0183266983729435,-1.199164219986234,-0.8042073999941806,-0.5925025059941333,0.26844013141836437,-0.25733829891542803,10353,91.49,0
-0.2873833615491761,0.9049185186938843,0.10486326594188623,-0.752098352331968,-0.6905006624125621,-0.32989774250221926,2.98559303778425,-0.35132692133545923,-1.1478763094459161,-0.6965341718858925,103734,55.8,0
0.2898854759184008,-0.6075290409554163,0.6371524153104868,0.06524712797985452,-1.3323769568431125,-1.1696204681748614,-0.5165428006124736,0.04048148417039614,0.031092859655171515,0.9889678071505387,136442,123.62,0
0.47752933726679525,-0.0774388676322022,-1.3505500487458946,-0.7684146014890327,0.46727626850514764,-0.7004071762641193,-0.3498049642806596,-1.5369914283307409,1.0264819577047986,1.9253179539879923,153601,11.2,0
-0.43998770452970876,-0.5892708590639962,-0.8938154934519152,0.26883017049547747,-0.22908081204594863,-0.8081068632553141,-0.6107056129846442,-0.6627562966884569,-1.1568783951357542,0.2803430736426541,162741,84.37,0
-1.1904837546883553,-0.05461488085006111,-0.8203403227430952,0.938892608723679,0.9288157801261377,-1.253769883342659,0.3313651411533551,-0.5154948762809228,-1.4483345077211902,0.7668722190518679,151272,65.98,0
0.7412817669850216,0.04136616368087278,-0.9958919258744972,-0.003719665087893742,-0.14248804924595843,-0.5193782348506476,0.5240593723448432,1.6800668868845343,0.7558044372151379,0.006119378528018843,98220,66.71,0
0.2342983603768977,-0.2979083142853102,0.43470786877039785,2.436394638034791,0.8195874593727144,-0.5083618753435353,2.6071395566286717,-0.03999718963038264,-1.3747952773390484,-1.516370286828129,1413,48.0,0
0.3319954934569346,-1.1602871459598532,-0.16468002244534266,1.3642829537022556,0.5777305473826826,0.9301154737777166,-0.32245666365025755,0.22712595147916922,-1.4442855799313163,-1.2037491175796746,103535,27.41,0
0.26142041272996835,-1.4469455214256013,0.483407315973259,0.010209286562754749,0.7258321937717044,-0.54900735221085,2.349416125281837,-1.4947651696910236,1.4258264613130538,-0.09428228144953203,106903,18.23,0
0.2959939896870995,-0.2614212071730376,-0.07285705542694518,-0.7161638631726466,-0.48269451761063775,-0.26763633107926194,-0.03881529387363945,0.26558584114610917,0.4879464803903447,0.026058779255487816,127588,65.56,0
0.7307746911386448,-0.44247294285001093,0.5439316941833399,-0.8242747403508524,-0.41319795297559575,-0.6855198901631185,0.2748585039911937,-0.49816206956786846,-1.290855732620402,-0.7260487634329718,20623,94.32,0
1.3100396928669502,-3.0163812465202113,-0.7917368066597202,0.7704103507492184,0.8057915963088538,1.4126981141600155,1.1544752476592246,2.2666095289141754,1.2485667905842046,-0.5446242792037493,16557,131.12,0
0.6433267946890444,0.2832867981506457,0.16355801139526788,0.5504131896912926,0.08572227524128519,-0.14729338595109662,1.1477327921456575,-0.8679358332951316,1.2899281407622671,1.3029252972552734,4494,83.98,0
-0.25237412498448336,-0.6921540716928671,0.6637187436854202,-2.459853579994204,0.4890946992298039,-0.40400601806041114,-1.1227727465764106,0.3257476167915652,1.1828175562629524,-0.623661222479622,142444,121.5,0
1.030195403152731,-1.3040162572279212,0.24778505884688073,1.720505214605611,2.196692756330447,0.7678923114813664,-0.0681351295974623,0.7169331212360757,-0.9709126137375748,-0.8303063330776225,130824,61.43,0
1.6642332514976381,-0.78651511399908,-0.29263069761272065,1.241224524059651,-1.7532298067972054,-0.12719232215678342,-0.20823175381729211,-0.004620418673325315,1.3802591534950248,-1.017077790234514,116249,2.1,0
0.43400982345010697,0.8640436260742304,-1.4722706158336862,2.228459500705877,-0.6687912001471484,0.18194775634353694,-0.34141042682608186,-1.3463657307595698,0.7763265766431535,-0.8716895316885217,115745,41.25,0
1.4680818226652972,-1.1656613399057127,-1.0813064563962387,-1.4669626257534132,0.2646190067284926,0.8250690960820548,-0.40790591232644685,-0.3389484590961753,0.1615169585352671,0.039562187969460906,52636,8.11,0
-1.5657590721805144,-0.007726281105681772,0.10033428983711615,1.077440362252924,1.518269107037796,0.7115436789237772,0.36098101048333125,-1.1605045860811183,-0.2551527144036374,2.202456126998669,51447,30.15,0
-0.5003610773968998,1.2520435636986627,1.4279797691084526,0.6534195111193511,-0.5642774619101438,-0.7371324454764893,-0.6474156501174982,0.20195531186049384,1.538164957824213,-0.211533814566132,76960,40.91,0
-0.8263431768289082,0.3913136004273458,-0.6101250410080655,-1.293558699814695,-0.3853112654294217,-0.4933317444243156,0.2831398530560002,0.15772335763370007,-0.10255021836669004,-0.6145518436267603,155591,53.16,0
1.6819947656800112,4.6925727429571245,3.467756353540172,2.7806453451141793,-0.4401078266982017,2.09267097233756,1.6503477457861373,3.4263048727377745,3.127939389138934,5.171670691166262,26491,111.73,1
0.582655241987707,0.33624824635237044,-0.5071916431308481,-0.3936867839234699,0.4097120058435059,1.6792245927130354,1.548409232959876,-0.3476661547958962,-1.1235793134937833,0.4709107479718175,76061,33.61,0
1.1692701090701714,0.76677429226312,0.07379681384742741,-0.5972873958950655,-1.0475619506479805,0.62438925730379,0.8467610404467162,0.260154875825153,0.6161459956972797,-0.7673630899887285,35316,81.14,0
-1.4176841701595697,-2.117243312120527,1.2814350974566557,1.2483885759980713,1.1696001436820296,0.7085615848373332,-0.5998277840939689,0.2505541836365928,0.3390647287524973,1.3983544765726839,64835,117.57,0
-0.6539631336369219,0.4267689222175041,1.021751087651711,-0.6966305213662353,2.085827163443204,-1.9805560711064139,0.034929609456508935,0.7441581885099893,-0.01941641843247928,-0.15379809542040057,92106,107.3,0
0.2858261396025429,-0.785677028267503,1.8364237074134229,0.9200895143318293,0.6679356671805321,1.5057055948129585,-0.3950920586590615,0.03561291905198759,0.32356628458903347,0.5139386269639443,162266,4.35,0
0.2242893994169245,-1.4226085984766192,0.27472364844982017,-0.23595484984027074,-0.21816545533062276,-0.6642693275955764,1.6981164243082503,-1.2217785933831198,-0.8002648237067083,-0.285778092562294,95154,76.86,0
0.14984241398728004,-0.27276204767104256,1.984955013783783,0.2255818067063648,-0.8283985150905401,-1.130044432656839,-1.2647892526907165,2.0360103178734716,-0.8685444906870606,-0.6613430524268527,29776,26.03,0
0.8237209270437923,-1.0816997176829206,-1.7347550023946687,1.0156560625479392,-1.599236776782504,0.8413970263814929,-0.8329409969796399,1.1989539546199401,0.3008374771132397,-1.3785129353403196,21604,45.44,0
-0.08792740941989748,-2.3860414723640693,1.0740370879876142,1.4387332500289147,-1.4567561169159648,-0.6342184335615665,-1.0923219730735712,-3.0124825125285133,0.41227494573519735,-2.457622371318385,157936,105.12,0
-0.26639707519250877,-1.393282505355397,0.5569161527640661,-0.11587409745823536,1.9258727005684446,-0.3639819253226229,-1.6393848940848423,0.05222605974470675,1.1342480744602244,-0.9306209328161827,37790,96.27,0
0.15704856744534462,-1.7333010446480788,0.634379654495751,-0.406192368090936,-1.4369843501669224,1.961095788459011,0.438258019764092,0.2740208079466901,1.797410060386223,1.1486607170966345,5376,138.33,0
0.5705370361384854,0.3358456728858239,0.7164652043104087,-1.505549970050106,-0.5572658883854549,0.23130329218186066,-0.7166607603462448,0.08104758886070158,-1.2972425802224925,-0.12594563430016648,92389,47.17,0
-0.02798245653021798,-1.0989245655905424,-0.7984737327699676,0.1958928349675855,0.5601509888034351,0.28047273884460494,-0.5217338269296156,0.7889465394517485,0.7994367391658113,-3.3758193429136205,48810,142.4,0
-1.7040996256474057,0.6702214569915914,0.47654630923866603,0.6428165751670194,0.7980906964011155,0.6861572938052026,-0.5524002177529503,0.7999578897940776,-0.04251659078536873,-1.758705631138986,160562,2.1,0
-0.6014608115590059,-0.6519090880198202,-0.5461924511472189,-0.061997809369039564,0.9076746150282285,2.507583296192893,-0.10098100114286084,1.5544103617133658,-0.8645931389981188,0.1448649047002146,129743,97.09,0
2.0638945356566682,0.44521271024701903,-1.1160387151997586,-1.20822152798315,-0.8352829312605818,0.7988304506042805,-0.1082388660421918,0.9869586244805224,0.2186793944754372,0.708661683086706,84640,157.97,0
1.9154346915728602,-0.413086387660893,0.2019572698625939,-1.1696028349685499,1.1457622883908887,0.12307247924313738,0.9662795511911747,0.291537254086121,0.21710610558772986,-0.33166091738505227,46136,66.41,0
0.28729076103636375,-1.4941553065496669,-0.6812176235921815,0.7235288467288058,-0.354375367374211,1.2914922913513938,-0.9709511624206272,0.8037126389916157,-2.281841421944396,0.21754215721719042,99796,110.74,0
-0.2615619010664018,0.29005009166375534,-1.7511158614855973,0.34945688912984085,-0.045300793188042504,-0.7803829025639386,-1.1583533121046916,1.2666419019075918,-0.010324624219021496,-1.2275543766201802,49363,76.05,0
-0.27809629298790933,-0.25652555734260035,1.497743878133629,0.11540008605315935,1.305925908632233,-0.8608270507861857,0.035154344478332454,0.43363162729290916,0.6686156306080209,-0.32969225006433606,8149,112.63,0
-0.0011197219978901704,0.6850489636505139,1.7453450188024677,0.9647932363648231,0.27812000826673117,0.9820257394008927,-0.11986934630206782,-0.7691045476676663,0.2877906952392979,0.6502050619467634,79846,214.03,0
0.7583530326440655,0.4184493689849223,0.6230857335158502,-0.014430255720158127,-2.5818397398122745,0.8740127530155358,-2.440719109853175,-0.04127818669181982,-1.6923958208608505,-1.7416729368155364,168331,155.33,0
0.4906069024558882,1.2659435841485986,0.2116987594698118,-0.6253494165607089,0.5958774356488822,0.7530454870613272,0.6080167728860506,-0.35044249835492297,-0.47157999073088963,-0.541404072335322,79818,32.24,0
1.5452321516965593,-0.5594707431489028,-0.13527005656625035,0.3658007330936959,0.9278385712881022,-0.08968426619184752,-0.405022351740115,0.2639158534832956,-1.3208874796599568,0.23396626670626652,70186,35.13,0
-0.4768840230332781,-0.4554436626696503,-0.5854102218195238,-1.481628871787679,-0.9957381111270069,1.2004966876433938,-0.3586717047866023,-2.2365584478859493,1.1912317729374313,-0.5774779795949948,159566,55.68,0
-0.5634714254250696,-0.7756094792616043,0.5818649344542106,3.1006471968329445,-0.6832820926623819,-0.4198498589157446,0.059853902126576895,-0.6799838084387615,1.6897790792438219,0.09533294917070353,37408,19.0,0
-0.8045266302248135,-0.8428122722176108,-0.3571940780807189,1.3067897496253924,0.7866486699856475,1.1423547635088067,1.0940302266182664,0.5057356512970363,0.39272573699621927,0.7828778003722918,131926,26.16,0
1.3120252622199142,1.4255413723710189,0.1010126396618833,-2.1135577062037103,0.4522970861121,1.6635319868837088,-0.15753923471929213,1.16288987802892,-0.8143101958053717,0.023610184746445658,121907,82.3,0
0.8743424284463873,-0.3922536181361517,0.44625076405985364,-0.1748405039583434,-0.7871029985946293,-0.9499731890155309,-0.1942304393492519,0.7422976052457452,0.8420610010646401,0.6133203921138765,72052,74.59,0
-1.1515935334079561,-0.28966454982543055,0.14474704716741205,1.153806130248567,1.3326617018404776,1.1918253180160974,-0.2467491050921933,1.114109541767981,2.5228755695971703,-0.3609145852770684,156973,77.07,0
0.8985552801426162,-0.979394166902769,0.6318625177240305,1.5569813354906985,0.3389153580775631,0.9556018103090642,2.6007431886278556,-0.43898303698163843,-0.7971501426032249,0.29270135888580084,11839,126.63,0
0.2768197293308208,-0.22999919602778213,-0.4128497482022511,-0.31555368832751896,-2.1512070041123073,0.17057827067284828,0.8284525529557684,-0.9527967206069873,0.3043837419909422,-0.17714449461543613,82731,137.07,0
-0.774651856262063,0.8684723215011957,0.9017050813223565,-0.453201646022752,-1.0876372010831383,-0.4912316767984467,0.625133767928624,0.2769438068457563,-0.978176803424628,-3.272966546904802,69638,3.47,0
0.8617584942033671,-0.6786776618959786,0.10552193400288436,-0.1439819498221597,0.792705131739008,-0.44105586595317514,1.9141037520590851,0.9948529693931075,0.8484130296949599,-0.9511482436785268,75596,1.79,0
0.32371889557906497,0.06097654243366502,1.1515917063236467,0.5802241352988272,-0.4302700605070151,-0.5532692339012398,1.6178051404774607,-1.0939362712240275,1.7039834938059766,0.19367811797896126,146694,5.0,0
0.34155555094050954,-0.433426984781509,-0.16679546609287513,-0.8739725606457408,-0.5672401108083478,-0.277953532658498,1.609409667786361,-1.1409976430152842,-1.722161670653349,-0.012124372256320298,105228,16.82,0
-0.7215580335428474,-1.2712491599124032,0.48092586772791107,-0.22809895734323926,2.017871381482644,1.032811733676764,0.8433587179397891,-0.6133675611531239,2.0898735252488163,2.046930483094217,31878,30.3,0
0.6351509468144043,0.3497718177150592,-1.2950396768313994,0.2086785243654316,-1.3892382943521004,0.6170752351160163,2.761011747279755,-1.6518983637279965,0.17173761860476894,-0.9497045760473027,89107,37.54,0
1.165307535547177,1.7314287510323434,-0.9934859348064183,-0.029172342998783154,0.00813701410781842,-0.32948322705273764,0.2490107074245947,-1.10998224211312,-1.054444477350593,1.0198790281123857,69663,42.28,0
0.21723119481052466,-0.06580332107218435,0.4865989977486106,-0.9700480016220215,1.0330944190195595,-0.15110227783694102,1.6249616391019226,-1.594547276124473,-2.1558183997322375,1.3414700604011194,159499,72.03,0
0.3407914080021059,1.2056731451919556,1.4066742089609758,-0.5206669646091963,-0.021975631580239508,-0.7972458639802081,-0.35697382597705546,-0.4818012331266243,-0.25149671481485364,-1.341995532252021,129699,88.12,0
-1.616959400164946,-0.3878106853742732,0.11554617241010676,-1.4781768719571002,-0.6590707899115033,-0.05136778900174049,1.2362037222763187,-0.17630346404039993,-0.02330455433213599,1.104412790622376,4222,90.71,0
-1.2756863233379219,-0.21959398925875973,1.6310455439079523,-0.6850207686394431,0.09748531298971336,0.46006261064892634,0.8228490983695855,-0.011800348490700519,0.21959452973512267,1.0616808488483571,129123,63.25,0
-1.6182272695183921,-0.7429207679090358,-0.09691856962926526,-0.11169276650414407,0.18516293973401493,0.965997231882817,0.4033675143178838,1.8475653485417256,-1.4316476500867232,-0.25843989923946153,1525,69.78,0
1.1360486835554284,-0.6088509081453577,-0.47990240767496084,-0.6100513691976166,-1.0941429216303153,2.2422020885964304,-0.407880213235845,-0.9144545563384058,0.9387247016836515,1.9078467140058948,117550,137.15,0
1.4729535721895743,0.49493130452329864,1.6792494877461053,-0.48747211480156466,1.0743921084616148,0.9321218244806693,1.1848250064980184,0.5030603803192918,-0.6693994267666018,0.514404423008002,82766,82.76,0
1.0269057463206197,1.7073620136715535,1.99068979439604,1.3848905006026038,0.9013025951587312,-1.5302264415929525,-0.16342129812592304,-0.19639779878733077,-0.7129627979330692,2.165025493908565,154988,78.09,0
-1.052898510703949,0.00027010408817970173,0.5191694384264413,1.694198974580798,-0.4265775298368483,-1.8116835364114072,0.8544864018300032,0.7751053490849977,-0.8155235098950259,1.0379384506813507,13636,15.22,0
-2.0729834359912918,-0.6169795037547775,-0.2521827244746376,2.6843766067963357,-1.1663093657640848,1.7958348093792744,0.9664821539213713,-0.12659255553717957,-1.8327227716525976,0.3803932187949782,14967,43.34,0
-0.29657095353470836,-0.052612093055389005,0.45462102356748946,0.01610507313726618,0.41238229202048804,-0.6288495611832894,-0.8385197864740572,0.4771587194779645,0.1555450542677381,-0.8840722072800374,131466,85.54,0
0.4675093422520456,0.17095535218750518,-0.8496410351358846,-1.1367864910537042,0.03093086733472682,0.4595608383700958,-0.5542824478353274,0.8584657091229847,2.3168732217700887,0.07973566052425837,171306,85.57,0
-0.39457285186939384,0.33893852246206824,-1.6827854554393802,-0.36435166988762735,1.8161544113709476,-1.092675817717898,0.5875760103912714,0.8640374561567171,1.368293821588256,0.4023861113120968,5403,79.22,0
-0.08485053166200977,2.0597658993397405,2.357799723374719,1.9738110352804106,-1.4641590995394322,-1.0543092230590376,-0.7214369921967101,-0.672716445581102,2.2807442904271404,-0.4884401478855429,104616,43.81,0
1.021222289219133,-0.733118331282596,-0.8003645610918834,1.1134093418671713,0.22444797104701178,-0.36023248499867455,-0.3928622153101874,0.8762756143384679,-0.7262308395576645,-0.9175675653379308,68982,99.39,0
-1.7266066811237784,-0.10812083821692123,-1.3861072770209515,1.01903828001661,-1.2170437000299426,-0.5222380165853108,2.3379144055368037,0.23812589406637003,1.7241183849758055,0.327814641288836,72484,23.55,0
-0.7246110515177244,-0.16112351745637007,0.26236035860301515,1.0901340044757244,0.2770533383899935,-1.7534869590840183,-1.4777625366921907,0.10433499522723166,0.4942590342593519,-0.7177991827651808,96201,123.75,0
0.7212253727997919,-1.550251420285287,-0.9975824103098268,-0.038719306477064175,0.6065438360128927,0.38724192667803975,0.08310056115548563,-0.41439415065527285,-0.47030859916608486,-0.4496872887801242,18331,82.17,0
-1.9168158717650765,-1.0167595748385274,-0.12104764266231073,0.650135695580284,0.6461164549466722,0.4610690275555554,0.044678232205685064,0.7576409855887405,1.355791407955194,-0.04772445275805646,92671,34.21,0
-0.016801157504288795,-0.8380191804256851,-0.1863824259605165,-0.6317946729270923,0.29370278557554075,-1.1391074640692798,-1.2296215128794679,1.502439349957333,-0.06832663218454633,-0.48646266165058716,133527,89.85,0
0.9315730128742441,-1.1375939953626888,-0.03153878209776703,0.008812391506857966,-1.200321513479293,0.6706140857884296,-0.8670219238577941,-1.5521668645160998,-0.6757070868755435,-0.5648653374056279,106032,40.74,0
0.028022187025876687,-1.2107735775251085,0.4623524606710589,-0.48818806203637516,0.0977464329294194,-0.1580137365223362,-0.9746094224524149,0.7765448419411262,-1.0855013824413529,0.18332165867724248,94108,31.42,0
1.8309542887565653,-0.41708822714195104,1.2207464423288639,0.28467606529839856,0.44356219360673566,1.3422557260266326,2.252442979668475,0.45528127100631993,1.873140266277879,-1.400660802405447,21998,50.31,0
0.046513170214741384,-0.4241552582309427,-2.2923013746251835,-1.013521624093676,-0.5545702490828831,-0.7253068304262513,0.698654438538879,0.09322537992444765,-0.007229433745280785,-0.11379684230166512,33061,141.29,0
-1.9081304132252668,-0.09204253862102917,-0.13925731219049714,0.2899804984934966,-0.4328869589705256,0.7728866602885157,-0.4182379338853215,1.1914026971815728,0.40393297872749906,0.6471387151307634,145758,93.14,0
-0.6610690958071401,-0.031584749213130925,0.5005419293798373,-0.9268543647037955,0.08733681890629923,0.00852428327012511,-1.6050073669962046,0.3284587403256437,1.662705719712721,-0.06945049396281161,158484,39.58,0
-3.6484128252147836,0.844201190692885,1.152337024924303,0.47313165299275506,-0.789252893921216,1.913339744159529,-0.6438118642490992,-0.35987974211178314,-0.2351164263125392,0.3753418905871756,34654,11.41,0
1.549890566129126,-2.672587582219401,-1.1096475940087958,0.18163246152835105,2.1214745513897446,-0.47536414021209417,1.2772441773530157,0.5765706656608327,-0.04605847503208741,-0.3325300659450968,120443,7.4,0
-0.5357148727694001,-0.6483584136249257,0.30167471880971813,-0.06068031670928348,-0.24568792774209228,-0.7452346497234653,0.7068253608579596,0.5191910720378051,-0.5081941648838711,0.18722474854291624,110758,83.42,0
0.8205284754174188,-0.6856069923582623,-0.39273757822956723,-1.622169636210481,-0.8694935587098114,-0.7568316836883636,-1.6672603663432926,-0.8096050056963733,-1.3247272904504703,-0.14636006668241858,124351,62.99,0
-0.3483693632340722,-1.6925606735716086,0.23362635124431366,0.18470549500770564,-0.5969310688011311,2.255340013186467,-0.5938922505123727,0.16733094524442294,1.2245085264879219,0.6842265551850786,99986,118.18,0
0.09903482100720092,-0.1879991015167995,-0.7809819511515705,-0.33165226659745056,-1.2893264312323773,-1.1253961654178486,0.25075575183203874,1.1173248137655518,0.26588258459896114,0.2121050711442457,56022,47.52,0
-1.5452999455287577,0.19410410804883196,-0.46268128838457045,1.7672952381553557,-0.8359729436834187,0.7337322874352226,0.4300069444939423,-0.23862761549511355,-0.18299792220435596,-0.4868507060265345,46750,0.72,0
2.337845119172165,0.17004552856063573,-0.08288953635802004,-0.18297348376045655,-0.7623291856193604,-0.16096190319500647,0.331122347445175,-0.6068886882310286,-0.4292310366583807,-1.1556818063490835,156399,68.03,0
-0.9006921837126766,-1.426693421297779,0.5589472872248251,-0.5361099853253575,0.24462878487985176,0.7365734195264622,-1.1110383142256373,-0.23144481705556852,0.2778097404655912,-1.8710179111344463,69704,64.77,0
1.4066155336506445,0.8516798732290504,-1.6421352496329535,0.20374622897613145,-0.8388607841960342,-1.0411645919359875,-2.2203673450786794,-2.088883658754756,1.7323386519275694,1.9293496036723548,131486,112.59,0
-0.38863318106681816,0.7656955258921091,1.8142548833484688,-0.6212740137725519,0.708065532010135,1.9583735557262432,0.622196636107955,0.5491526948711534,0.4574081237553314,1.5846233049551317,152082,12.68,0
1.4662028196256818,-0.2507189127222754,-0.1524752493415862,2.133021769949211,1.2520750212585894,0.219310314122081,1.5294137883044228,0.0038013645058180908,1.0941233787019775,-0.7098188640617148,65362,96.53,0
-1.5073256477730475,0.1767876377631527,-0.29305120340188257,0.20587410658260533,-2.4646951804792008,0.33040495357337474,-1.8008878770315262,0.0002494756959870948,-0.22773102870650314,1.6899758694702103,40290,46.82,0
0.7738911809098658,-0.2774035847561625,2.375118146274932,-2.1509045675039107,-0.3428677067016797,0.41480087364599477,-0.7877033569462687,-0.9554794776029498,-0.34831140601479227,-1.3264325957574858,162500,83.54,0
-1.7405029890278156,1.0096857385188218,-1.1834882108688618,-0.6744449793870979,-0.6983402985723312,0.25709640070502887,0.438552984723112,-1.1866029673884124,-0.3938557026175791,-0.8601959571620368,75773,42.79,0
-0.7232356859408393,0.7101363528765408,-0.563730553179261,1.6230542386835534,-0.8236887091431336,0.2726919553560268,0.01278043502973612,-2.270736260677002,-0.5389969019800546,-0.8924203577952188,147020,82.02,0
-0.09983458049545033,-0.18045002712716604,-0.9214827716810559,-1.9593918042559506,-0.9927501245562359,1.3860744288829663,-2.8341124155091135,-0.2945084966017974,-0.8754991392001988,-0.4126983766400148,34626,21.8,0
1.133789272564012,1.4860388935151474,-1.0182267636010525,-2.1300726437585205,0.8008792397130408,1.1458028720454552,0.5732973027154844,1.8376794179293596,0.30456317579028896,-1.7608207187682068,69598,109.11,0
0.7287142340743459,0.048924824680156194,-1.2150495270738728,-1.8381344684552756,0.18998708002714262,0.4630868161622686,0.5565666647330694,-0.07976260817838131,-1.4997235639921145,-0.8984524255275947,149230,107.85,0
-0.5122427290715373,0.5872576617448404,0.5413558395859803,0.48738901914234883,0.3660169207685819,-1.314395639265646,-0.33063003179733347,-0.24732247820085748,-0.7463561892892113,-1.4843484592555873,7158,24.98,0
0.5321293738814383,-0.3907709421333212,1.9454724558645653,0.8141305654332462,-1.414915988808215,1.3471089708472859,-0.7152760786981217,-0.5572549334824026,1.111504518907733,0.1400588079125574,12297,27.96,0
-2.214187371043003,-0.8457727947258943,-0.36808710928656624,-0.5685080445083084,-0.4043986487851151,-0.5904366372401125,0.09605536848628529,-0.04358025252462945,-1.1027591834342336,-1.386160505491837,89794,5.18,0
0.10710503000947168,-0.06834778836196333,0.11396107883724602,0.8176034060217474,0.6515098396603243,-0.5480223263456659,0.09538848913042,0.03750570108252711,0.4685372841113179,-2.346020280558312,40207,74.85,0
-0.279676831132893,0.30741076649402355,0.29456284382781067,-0.9787273627465037,-0.02976261961043513,1.7389768762939861,-0.5424462679222075,0.18868502143664276,1.3006539859447266,-0.8586946112362667,136192,95.11,0
0.03269522525327079,0.9621645431462449,1.3164399478541957,0.8050074836562757,-0.41449749016302595,-0.3590874030973931,-0.3123025006102262,-0.00578691043936403,-1.664631946527205,0.4629536067940666,157837,3.59,0
-1.2026965859010301,0.7805411094965004,2.46147641402415,-0.8616011211798119,0.3251675410557241,0.5413209613564595,1.0926873330614792,-0.8067896720369911,0.7859301330977354,-1.185044964247514,143022,83.99,0
-0.5851884489270115,0.7015654719404685,1.4074391139172275,1.4284311467398303,-0.9251162743047414,0.4515035201263798,0.404207387777017,0.15683560762429954,-0.5180633270166585,-1.5933222361433454,127161,43.43,0
-1.3864422532701932,0.06577167518766158,-0.6626495500597784,0.03608728189444972,-0.005244922510148693,-0.302715502342898,1.6541676887127479,-1.0954141871348322,-1.5166972610948128,-0.9888801250587383,94109,18.06,0
1.2676235608039048,1.1812267644149919,0.30657753766456786,1.5059441239789821,1.090660885332474,0.9572721652797633,0.3306476758996663,-0.6957703825869478,-0.7817945401483878,-1.5706625975756416,52572,46.53,0
-1.9738338698589637,0.4664928167495073,-1.501378525476802,-0.2889687029167053,0.52518385695608,-1.4540556006084089,-0.21591341968182035,-0.9227434819800298,-0.09028908183258547,0.8938879021478812,51178,71.82,0
-0.30708321833457675,1.6235871779728863,-1.035002230140867,1.1225981847545703,0.541107171140971,-1.1267750469893425,-0.1645717054235552,0.6201924069959888,-0.6475396004929517,1.7307017424004953,132568,49.05,0
0.24410438897835213,-0.14728831353455754,-1.2533222290216288,-0.6536971737825101,0.9769072641522994,0.7200731732094269,-0.782554883164555,-1.1086669304350254,0.9238606365819626,-1.2120434811115397,88418,28.54,0
0.8244270623849798,-0.684583688827855,-0.7591833874594441,-0.4273413546948073,1.2115908787941763,1.0358210686017664,0.7285439734227724,0.5650939646483766,1.003199918007952,-0.07459930691167917,89978,83.74,0
-0.15513028953240038,1.2302584578796958,1.0414090077269296,-0.014589910428114545,0.8377449040461442,-0.058995195036868626,1.70613040240663,0.8016555455671923,-1.365456277963046,-0.24869076082703084,59518,22.08,0
0.816775867200791,1.6141139230244876,0.15287071112000175,1.3510473056343117,0.33411263298353794,1.0724372172227898,0.25839704103481737,-0.2846034048267439,-0.3647975511598388,-0.15383109476167509,6319,87.64,0
-1.7567217824785826,1.677569449875411,-0.5138134834059732,0.06067909703706763,-0.41317578313970504,-0.7449489385030598,1.7173953182963313,-0.9145266129488729,-0.40485571964760636,0.9074824349232624,159652,11.86,0
0.03605992679779541,-0.17011919113015858,-0.7229813466010591,1.1475804646983012,0.6335134738849201,-1.6045443561459176,-0.18249728676057775,0.5585120787317357,-0.22027479211988152,1.001706950018826,37789,0.24,0
1.060327204779694,-1.5797186971944246,-0.4559074201746574,0.4753625836642024,0.8344521176154668,0.9870977413840473,-0.800257597286557,0.9870589363405647,-0.19738638068667638,0.6526628703372532,63681,100.83,0
-0.9810871581162783,-0.6162172459755669,0.22611960514560306,-1.0490959923370353,-0.02738254891043338,-1.4677721254245275,0.38756465881973906,-0.4671955842600129,0.5919731303509556,-1.2532902827317778,133251,29.28,0
0.38288573638504947,-0.025294265564952366,-0.4172106692157472,-1.4842897875365075,-0.2347962368714901,1.2368798568138026,-0.4243849816516148,-0.8167750158266772,0.6487237071652568,1.7437393792760607,86847,2.6,0
-0.8438099785247232,-1.3124388522005235,0.682767512307893,0.5634742829724668,1.1849839904909205,-0.2609215412202451,1.4610606937954238,-0.21214464898110072,-1.3948524386685315,1.1749519548837346,68322,77.4,0
-1.6680345998890966,-2.4999307240823962,-0.25287846945038367,-0.27904236756343237,-0.7014903615096384,0.1951038552133674,-1.666277691581314,-2.178640722318831,2.4266612518016806,-0.29240463826448687,127953,45.12,0
0.4287564384616135,-0.028941732314764643,-0.12512802824473812,1.5005746443549572,-0.15633542897648545,0.2124474277695408,-1.0702503815931115,-0.6809668503361826,-0.7670063211468412,-2.7303940536640914,121292,86.92,0
-0.49672470279370545,-0.2830371808709837,-0.08923523646607896,0.4388517895955985,1.0115514390786569,-1.0946179668937481,-2.1377468066474012,0.07445133415658964,0.6586171691017203,1.430253910095009,6409,97.29,0
1.3567631574639631,-1.0141596921402123,-1.647510643852944,1.1273863859339939,-1.5929545250727766,-1.426985074805238,2.1708230024062236,0.6158680983806648,1.0054447016087313,-0.00041238824004280174,130505,94.39,0
-2.0547613076752937,0.6222587482702062,1.5921196479887945,-0.14003064595376932,-1.7277479909857951,1.0444578738347208,0.4630407110329685,-0.19820795390176538,0.017440134974847837,-1.7690154268286116,45721,18.85,0
0.17017694319193222,0.7710362167598054,0.5602983435601032,1.1167105506453896,-1.0601678948679611,0.33654896516011623,-0.5336807590929972,-1.8712735061590444,-1.0115116958690493,0.398524746731374,89876,182.46,0
0.5457937598499527,1.1704970934267551,-0.3026902319503614,0.31244294207806683,-0.5719874842699945,0.7163735861527867,-1.9175362084576475,-0.22842509029738453,-0.0987941489031076,0.9174322387569989,43659,82.03,0
-0.8333688059494058,-0.05337484442851077,0.14609578573239815,-0.7915103009577013,-1.6027063258803063,0.6268877214515259,0.5927944789352382,0.621795104950817,-0.378567465395371,-0.4775825775205952,168100,34.31,0
-0.4211529826571552,-0.4010438174190893,-0.8576223481606312,1.6541001035836127,1.3507926484737003,0.5086177899281171,0.17775580506590558,-0.15329761377518725,-0.9893351184311101,-2.3137260667804114,138901,137.44,0
-0.6696814280722031,0.14795846542479205,-1.5365738456897544,1.065379770075975,-0.25941169847577666,0.6907430198711753,-1.7051546673252722,0.9431830469104908,-1.13248828613947,-0.3914750979732823,97434,89.92,0
0.6658330978067158,-1.6749463149753558,0.2614526550804537,-2.4762115997213816,1.594196362759815,2.8985093185978723,0.7133530568794273,1.849728827898956,0.7161102323653554,-0.2695921080735027,160489,0.81,0
0.8279881767970589,-0.028678287674799376,-0.607167086144011,-0.8228344575237161,1.8101614941934243,-0.5491710535946662,-0.26260800809400964,1.088618460662226,-0.12426644461817643,0.650747038277568,48372,127.24,0
-1.326392717739564,0.30061480676453645,-0.1516766230932871,-0.6292152476441543,-1.4530964310697694,0.3282242093337605,-0.24744423010100727,-1.8853406671493753,1.1708606234339867,1.5401929848656268,143890,75.0,0
0.041206066781619685,-0.30011509298501327,0.29988908474059767,0.06700434180048112,-1.1050508262144687,-0.13687369214197828,0.8958653562957967,-1.1327146225648415,0.08771152283539381,0.6240178868320864,83399,94.87,0
0.23216132306671977,-1.4434467969368396,-2.0677229317665247,0.3660477974991784,0.7305176393302107,0.8197663671870976,-0.2035455894739064,1.498627694740107,0.06571280393659414,0.13719918326664163,66160,105.49,0
0.21171378417059702,-2.105539278208984,1.6612138435723098,-0.3279348327877281,-1.6756182498674532,-1.1446864844840328,2.770913210532955,-0.838741845462897,0.38970797116976896,0.31580224844226573,160130,76.5,0
-1.6002058490434774,-0.1887487018643749,0.23366374340532553,-1.0098854360721943,-1.4377408037578108,0.706632632504221,0.7082567378433953,-0.6789559607511448,1.5871687179536569,1.3523937716415633,40161,120.96,0
0.7718742923698284,1.7423138461962333,-1.7195360908657837,0.24162564218405003,-0.9172952999115911,-1.730592123378259,2.2789979443108566,0.8702488839740117,0.4859302517258676,-0.4427130482766581,3967,26.82,0
-0.4019925801292048,1.8808763070078494,-0.08843187644227794,0.25414542769028586,-0.26980111947260843,0.6205708661328546,-2.0399606717519947,0.47982980805014097,-0.004261532178775855,0.45727555517357354,69024,23.72,0
-1.0323970195548475,-0.080398393905874,-0.4705724860109197,-1.258863462634087,0.08021603968896353,-2.331296730220838,0.07181522551001375,-1.0068095252658023,-0.41444496221771515,-0.7976500249543004,152326,60.45,0
0.248787309801083,-1.5567159521360834,0.42510313406343103,-1.4146992952093247,-0.880443583007951,0.1380543802611692,1.233989039096018,-1.3635944295890177,1.5530235418310676,0.44877466915805325,2245,34.47,0
-0.6196429830140117,0.16715328758484124,0.2572759150908748,-1.740914883756743,1.4338131332739619,0.45736195435647853,-0.8917340638495348,1.4213027867696928,0.038216591666640064,0.43069205203415617,28257,91.21,0
-0.5292723066998932,-0.5434503273034238,1.2305579759317014,0.15426294714170982,0.06084105050342878,-0.5257631096130041,-1.039841878542856,-0.5294682949528937,-0.46394802138052277,0.19843244306844532,115861,34.97,0
-1.1500854941523635,0.5899608453629039,1.8510842165068195,-0.3736552783867337,-0.049248947611365654,0.1817623463107941,-1.4835034051424818,0.790188743786225,-1.134495292617693,-0.5866377711134967,3110,135.52,0
-0.08787674241562057,-1.6710590848384548,1.351347088752486,0.591857319729954,1.568943492349374,-0.2345830986138149,-1.3170883569796352,0.17442417121508366,-0.6231325976056798,2.6053354334160836,85328,132.04,0
-0.05568505264999431,-0.45375773476274617,-0.23207807535837705,0.3413860830560752,0.5339611518163068,-0.41618425343394433,-0.249740722101356,-0.17137005544237432,0.15334480518107396,0.08922417110361472,157612,54.14,0
0.7257079833187221,-2.599534498370238,-0.04185920406504428,0.6066591179592864,0.30680493510414963,-0.1788014787668398,0.20720169830350924,1.3619771398082439,-1.1967978089020488,-0.8682777858034701,111663,11.35,0
1.3679074507209708,1.3609015874770531,2.0399641600719596,-0.09768928087269177,0.22079509954797583,0.3084904245684206,0.9960002601965614,0.9246425286945944,-1.7386196718373588,-1.720099508616713,70751,92.68,0
-0.1380470752815336,1.2564189138576347,0.19217091466180267,1.4789657343651517,-0.20471300513749557,-0.28218595772350924,1.4113345937089603,-1.3145000039219272,-0.10426967492120225,0.3994673372869979,71298,85.49,0
0.5411316108045314,0.18964049902238825,-1.1027606772673566,0.1783076031585494,-0.2500875956445107,-0.913196436385215,1.5796317448086095,-2.0478929505075207,-0.3837602378230378,1.5213897973307664,21514,53.1,0
-0.458675284939333,0.5384978536410825,0.6059325076467968,-0.0929885151073637,-0.1977372296181141,-1.198926353941103,-0.8475661662360984,1.285771704336988,1.3332198279347687,-0.6364871852010423,26180,53.2,0
-0.7672170685306403,-0.48144002289050875,0.3028665145015353,-1.0373860006522035,-0.683989304453616,-0.06765967361924727,0.5207747718851095,0.39687452852853167,-0.21937071807241018,-1.157167566896646,63350,93.34,0
-1.5328648783527072,0.7277129120327611,1.9544909119614478,-0.7400021099732134,-0.22808990331850998,0.8838955762448353,1.831459031859799,-0.5990314643235232,0.010329116382568502,1.4041183774024586,135315,37.92,0
-0.9588826008289989,0.9675504159911353,1.149203137670543,-1.7896740223881207,0.0562763140152175,-1.2273016561724444,-0.9979284582573041,0.6134635783379208,-1.4182425616931185,-1.5820366585769232,5819,22.2,0
0.7552517759761007,-1.6376193029441979,-0.6862469680194502,-0.03701062048807586,1.6877797868303248,-1.8939835811634371,-0.6624893260377074,0.9862482232621212,-0.2550742570428718,0.27906454626451743,59621,55.93,0
-1.281069206845832,0.7571183686744447,-0.14147109361988489,-0.16332628181541928,0.826902898872407,0.7707379254559359,1.7095572080877297,0.6587214625269537,0.8818785908660279,-0.7703767016350556,965,98.38,0
0.11518088315279006,-0.08974113872932903,0.7509563049891836,0.42643604025989235,-0.11024098143654597,-0.09936948915525076,-0.48152828780396206,-0.4615676483544236,1.5301814051454,-1.3331316905751607,162466,38.3,0
-0.624603408215179,-2.2253631870979826,-0.7551012567913739,1.022988191077335,1.639946892824547,2.7761196575361344,1.3784387402568954,-0.22735559505146477,-2.1925814643386885,2.115259478781488,59835,93.27,0
0.14141947334054417,0.5988341726560692,0.5931395305439708,1.3309337583314786,-1.0022331360172423,0.1364026634449818,1.3247748224438713,0.3326230077137125,-1.7180823402675425,0.03745678441559858,158963,102.51,0
-0.5831150723026911,-0.10328841503855507,-0.3543979441938586,0.30022765524400286,-0.8071823649665381,0.6524748644050148,-0.3133553500311543,-0.7896091052196401,-1.2083079189211956,-0.2780442467075762,139834,17.26,0
2.2297318414095484,1.2871702425080878,0.4136198854746102,-0.25221985825821086,1.453912503787458,0.9244835688697693,0.22579295067896646,-0.852861267836985,-0.2105894989218028,-0.6385951814293537,56576,32.85,0
-0.690115541151946,-0.3989647753269165,0.7195618315979349,0.47864366466178415,0.03877133035603234,-0.9974959492459441,-0.9242043345531175,1.0321346981632022,0.14003586307398105,-0.3099377909567976,18017,111.38,0
-2.2517772906190467,-0.7431204075544506,-0.44812080765554363,-1.2804130129469637,0.5338410165749355,-0.03131500614289812,1.4816901708869763,-0.5634086329372383,0.4625155036887168,-0.7192972826975448,59819,97.82,0
-0.7295771941356465,0.39314090314742434,-0.02928780913063744,1.9862215672632384,-2.157742885710403,-0.4996809586010486,1.9567471771130562,0.9125305572860902,0.6042329288603249,0.7274921359734977,7167,101.66,0
0.4922969119380367,1.5511771328922608,1.1679583160123588,-0.175125138068722,-0.4582066254948458,-2.041322615969686,1.1886370189569544,0.8967876027269497,-0.10265682601082989,0.1768221168004154,140163,2.1,0
2.052684981945891,0.8809234631991979,-0.5838034222561184,0.7478451949043599,0.11179591879645313,0.17577524924004453,-0.5480774628714136,-0.6136003450397964,-0.8132501920044102,0.04851681181523809,8277,110.56,0
0.6876524845090128,-1.6457831648142445,-0.30742829091656576,0.6490618805588924,2.163983565744372,-0.6322455786784477,1.0102201778666928,0.2351017345721631,1.2705275263824707,0.8755328636226373,69013,29.16,0
0.6062911561087082,1.0363742425589795,0.45974469944882207,0.6802540043027369,0.10669555438844522,0.15525032504097389,1.3031840977178557,-1.1961062966152547,-0.09174674437593262,-0.228477259607651,125188,136.27,0
0.8241996197958629,1.7707977217275628,-0.0029049335973952714,0.8287953801606809,-1.296479538470473,2.002536978676355,1.209212457940401,0.10840605711956422,1.1365374531011008,-0.5408705362914867,90216,9.46,0
-0.5136362607149101,0.09605713911744292,-0.6255117417362148,-0.43062535018479275,0.480248194083588,0.8321152873843225,0.2476669784889451,0.6646148093815174,0.5064421040421301,-0.23860279967915995,45547,41.58,0
0.13660228301270078,-0.2938668974735878,0.12012676591124238,-0.31796710127038064,1.992832044246513,-0.03227122661494361,0.38921024220877953,0.6450194441340833,0.7714368991309327,-1.1856495131772742,122637,55.4,0
0.989583934594853,-0.9476863356391756,2.0154063637827733,-0.9586317256706854,-0.031300331751797576,-1.313501949329265,-0.5132605224634809,-0.7538663981784076,0.3349849506561553,1.1637173215203156,162431,83.87,0
0.03648075561423148,-0.8725591090815651,-0.3268539965989834,0.9049599485840485,0.24850944350710708,1.4331239415397288,-0.7792468981385897,0.16779112903878252,-0.3902007329309809,-0.6126456453043193,19424,89.75,0
-0.9851580323108263,-0.9051750567435755,1.6609630540608336,0.08455021641444835,0.614895616247997,1.3346512716780043,1.2018476020787738,-1.765859371083207,0.1309543543732453,-0.5861770729695606,64025,54.48,0
-1.4271364021862412,0.3717676405528632,-0.752209731643056,-0.17567789932136524,1.7443763934256975,-0.3716522260476548,-0.8039483095430128,0.9645013606985009,-0.6005993732770544,1.2742432024908135,127617,109.07,0
-0.6320858228089109,-0.14248242438660505,-0.3264126101168869,-0.5771690138231336,-1.284625119614848,-1.6340886755150135,0.5139721177685398,0.3993535091474883,-0.46085595997650514,-0.5192492686122411,159892,253.38,0
-1.1619344063800876,0.7641082236837743,0.786599734660454,1.388546301657105,1.6956870090748706,0.5405013115277916,-1.2465543012242044,0.2973401200414749,-0.49974943979828645,0.26593554254576357,41958,0.12,0
0.5565334427512632,-0.6775400129068989,0.2461802823254352,-0.6821262698445731,0.4001238323252412,-1.6786615521872594,0.5878312589785422,-2.3761492726841023,-1.183475909305473,0.22523115507715424,117626,22.57,0
0.18605284365218855,-0.02242430826978004,-0.4107905124005407,1.2844812434196993,1.3659878354682442,-0.0888402365473537,-0.09031334929791283,-1.1995809103641266,-0.19386671229313573,-0.8048541107073603,14595,56.08,0
0.038581122980917065,-0.8335958830698964,0.71129468479365,0.001746313450329094,1.6461860091125715,-0.22019573494393999,0.7802018191652814,-1.1774896769240053,-0.0009289353094979465,-0.48831721916712606,162322,94.88,0
-0.04871840193011795,-0.2573178852656725,-0.35196442882450824,1.2881172178310354,1.5922225009389395,-0.5241716983237139,-0.4700988026449659,2.5037461496038547,-0.9169701424365914,-1.3553632963411402,148417,49.68,0
0.44614100424767456,-1.4444793411528907,0.633138398182844,-0.2504240584376609,0.6704179527719332,-0.5676913090340407,0.43119170537287405,-1.1930758925458764,-1.6781456213932957,0.7284819138784863,6139,3.45,0
-2.3442978937886774,0.40231539135661587,-2.723154312875058,-1.6962945126071802,0.10461089711583525,0.036507772766668604,-0.071471591642292,0.16816260394714022,0.9919890295413409,0.2853942255355381,143023,113.54,0
-0.8974929708546623,-1.34430712352563,0.864408852668744,-0.6624700986121024,0.1489427913794047,-0.5044448237719364,-0.8321450839832768,-0.10328550042325643,0.5956928505794573,0.6471585753802782,15812,10.38,0
1.5882761071492624,0.18292875353895768,0.5651280405088313,-1.7707360289764424,-0.1973185497108095,-0.2207252557763486,-0.3911725111825011,0.4412546590052925,-0.13624160678983105,1.4452703258219342,16691,99.76,0
-2.1706154097954116,0.38287113537147105,-1.349961854004778,-1.4317076828771276,-0.9433002368286546,0.35337302341920734,-0.5954884869308772,-0.4069794753197185,-0.7108782567333014,0.7071730663350833,117779,11.84,0
2.3826022826840734,0.3820575744624996,-2.8503241052013646,1.0255583557177004,-0.21038988389078375,-0.2933521870394913,-1.2613033780259002,-0.7775129424921157,0.4661175351193264,0.703608617837259,115195,7.13,0
-0.4061336454709856,-0.6061869476341336,1.4295623975478253,-1.7490584232715904,1.1032565448777163,0.22757484082057314,0.3225892383498528,0.016673988306843534,-0.08356139314828546,0.028432111391942134,113906,105.66,0
1.4034703847675043,1.3511843284590006,0.33497609022887453,0.3457919212581986,1.0489212805426362,-0.8215297970402053,-0.3866921459447502,-0.2610238154693711,-0.3022163861268886,0.426998986297822,45992,80.02,0
-1.216718418386407,-0.48711581039762725,-0.29372203986787376,0.4937052337068637,-1.7469441351768673,1.0923885674907958,-1.1313149590228213,0.2632437869049264,0.16707569251622167,-0.5893528817867505,63170,90.66,0
0.5077284516382525,0.03415794354078901,-0.46889947188421555,-0.1329121641330784,-1.4462832373621035,-0.4201275549023192,0.4384840324821151,1.6226620185250187,0.18637156610995742,0.7899009606236028,168215,20.38,0
-0.724342519408201,-0.15802122874684088,1.1430755885056563,2.1805295610432003,-0.198646917823752,0.9810606294734381,0.07652391040577229,1.140016987305268,-1.129021536721046,-2.27370925461957,169941,16.88,0
-1.8979355185014963,-0.19268762608682777,0.20359300788397736,1.8733826408134555,-0.6397149071870721,-0.5335185133643757,-0.6221616027278304,-0.3244998555075754,0.8169719737921174,0.9474659478735772,113913,27.21,0
-0.11580350997176611,-0.6989163374066718,-0.4409327625428967,0.2277913001222113,0.7700219908959701,-1.38318280465793,0.8792051103675983,1.0105347676520502,0.9270873190059767,0.5227196236775871,140996,18.5,0
0.43545833595741784,1.3666791787182826,-0.24474717380327135,0.10586015317114122,1.7457708556984672,0.6387974862278913,-3.385512661750694,1.1295555205972423,0.44562890370047303,0.45306383119209614,151537,69.16,0
0.27380384532351953,0.5723951080293523,-1.6947584996051934,0.5702168440443536,0.13161804323697918,-1.539285998285257,0.03277258128831034,-0.5257023196333621,0.7564700217383904,-0.6810001734941195,66889,28.73,0
1.579185502981632,1.0757056248263945,-0.26427709413354983,-0.46007005462720213,-0.38663173436401965,0.5941480464059347,1.4215460579259485,-0.8712125417599786,1.679908456242031,-0.31095695364425274,85601,51.14,0
1.8248790178071153,-1.115933858591372,-0.4615909991459365,-1.0188607670667127,-0.32744121675063403,-0.6792564280333756,0.4190093112070743,-1.0540113125272748,-0.12614167962270417,-0.8425673665463373,103184,18.45,0
-0.07971821090639905,-1.184965208284214,0.09967220754683649,-0.4674564604920708,-0.025016722818516402,-0.2562104236290778,-1.542002039785738,-1.9224751858071523,1.1512407029592042,0.007599239631291492,95501,70.45,0
-0.24043719707034283,0.7953554137930766,-0.30319335337975234,-1.544074765979174,-0.31892690132953483,0.17107986210176426,-0.44826385121823564,-0.06358966056762974,1.534745975273101,0.0949793426629558,63006,101.96,0
-0.3632606475688056,-1.4802126611248094,1.1089505729564282,0.5725410611184019,1.2002567810201206,-2.747182706515698,0.9649168878542486,0.3815201134828798,1.2707548298428364,-1.0182943500515698,127901,2.45,0
-0.3066972878259372,0.17629262109645927,1.0839662438630937,1.6022097613659732,-0.16674153952334367,0.8945926060417757,1.086294730399866,0.026535282286987996,0.5985492431624022,-0.24723907464621278,17530,99.52,0
0.6423171465004947,-0.5262056387941353,1.0896648122369366,0.23465806563492655,-0.9916245447619685,0.4947790702049813,0.1973305787368691,0.5951529038741488,0.7577806282931572,0.18213720913714446,58295,0.8,0
1.5860038309598667,0.7402843336529155,-0.0026471312461035243,1.8407658022347948,-0.5902909410086109,-1.3211099429393751,-0.18163565372659077,-1.3262345859312439,-1.1884031302527271,-0.10469014602095225,80402,40.48,0
-1.2645419919479142,-1.6407346102868243,0.8658072149327748,0.9020668190424783,-0.742215380225654,-0.5274677801539326,-0.4169601487059409,-0.017818135501191584,-0.5075232625900649,1.1920493544366026,143640,63.15,0
-0.15452948206880215,-1.5424846078015602,-0.4933377145999715,1.0668229301875187,1.1049612748983266,-0.4723198153133484,0.7801545266128417,-0.6037170610190663,0.8264343839205704,0.20952395190084533,157427,71.43,0
1.4873982896858626,-0.18799493808322118,0.5446773971721118,-0.8690873594774133,-0.13016746019673428,0.44639714947946735,-0.17337054870105384,-0.039652109962020246,1.7164069077201045,0.7067319254706388,76774,26.63,0
0.28117316564347944,0.02407740648391172,-0.2700596735530343,-1.2136163674392415,0.879314983395656,-0.4292238345561155,0.5589704232868418,0.34233998143219935,0.7542598696726599,-0.6096346065658493,18736,127.46,0
-0.21722615821867644,0.9429557561096632,-0.8268010377310057,-0.0028058524917748207,-1.1792424192957673,0.18406782076952255,-0.036046089297868865,0.5857396653217134,0.6356671058768927,0.4785899914979593,112951,69.01,0
-1.4413507997340538,-0.3147719499179916,1.193401326442581,0.1312059458801964,0.42746307581686693,1.4918168263306393,1.1329828529325137,0.4306969509927208,1.58364749810942,-0.46849360984102095,13454,65.49,0
-0.5006181459886532,0.20321376229469254,-0.8046114563319774,1.3747189904956274,1.6892349953192038,1.383179690560655,-0.2995713935675107,0.34317607162868735,0.04470323124419173,-0.008192658473293923,53026,132.41,0
0.6049933756788733,1.6142460943748966,0.8275952735634243,-0.13878015256746545,0.22950707456841016,0.8027101876999836,1.2018221984095074,-1.5304045567680902,-1.0368858379558112,-0.04091990389957509,15811,68.5,0
-0.3324425343397702,0.9940731700058961,1.3891993058653744,0.37113460270978327,-1.9000353999779174,-0.2599240487546632,-0.24770027808243517,1.0772237738493302,0.13855585804597156,-0.13257550901461618,40783,78.62,0
-1.7734145388096807,0.548087704082142,0.9631409731750529,-0.44889546688333115,-0.7015674747694953,0.07465357487864907,0.7685320881911486,0.2552635980681399,-1.0948045000474982,-1.2183894574486982,92861,3.83,0
0.9163114410745667,0.1376246052072956,-0.5687198591233552,-1.7044431163926619,0.7761309655085893,0.9926848357705301,0.47264409056854495,-0.6486722521746818,-0.8917160753746192,0.6016554133704513,140995,43.39,0
0.02444872191978665,-0.5609290008790382,-0.23307515911902602,-0.6556915889970717,0.8167371741503242,-1.2778363270459614,-0.023599575149028402,-1.0302323300470801,0.34876401359279413,-0.7999694846488156,172675,126.13,0
0.7846887161316864,1.017021806418191,0.07880224047244168,-1.727314537702048,0.6266685716032836,1.739973801410464,0.31466342916056833,-1.0304685970840004,1.1406061989369434,-0.16554204000736464,168589,71.6,0
1.9822603001455896,-0.8615588808778094,0.4719100044912137,-1.3942316925502163,-0.2099209948637558,0.20390263525616925,0.9252484740675007,0.002169456733559666,0.6058420819820637,-1.5603625636743064,146547,66.06,0
-0.26536010831425455,-0.7610339036267858,0.21692868541698562,0.4128263071564397,0.31463709057311984,0.4832609980829666,-0.9038455403364709,-0.4779381774875889,0.33422204726513055,-2.146590133076616,53809,55.49,0
4.075761699673102,2.2801385361518327,1.619878484786102,1.6384303519094365,5.011271152617303,3.284143200709895,2.3426853282932885,2.9126493973588605,3.7577146744849284,4.155801331687956,65117,640.27,1
-1.073702412717801,-1.2356240993286836,0.14143731921915112,1.0044563188719415,-2.1595440976439484,1.2510249973152894,0.49839168474354706,-0.5466895735237378,-0.28734447568354304,-1.3135679314209179,11811,88.79,0
0.01898859946233289,0.9118409839426886,4.152014222120776,3.1461141353814126,2.1772287496069795,1.5026609766222305,2.3071868600781977,1.234477325094329,1.8765008742549973,2.0060345587977517,150533,263.22,1
-1.416842092596874,1.1267648082610353,-2.011379861081323,-0.9087433226862226,1.1861390348772767,0.4654664273365452,1.6912092781721646,0.08051888414133908,-0.6671944716976937,0.907656823563879,23766,33.75,0
-1.2442058788608694,-0.6046337365424463,-0.2633766754479744,1.3261849634295788,-0.2222055251708865,1.4686253296698477,0.08189004374324715,-0.38189441217612985,0.3557108625041354,0.5683232653602605,159090,32.47,0
-0.9054790553600608,-0.21966167193855743,1.7780160768072877,-0.7761142901972499,0.7134627609752084,2.969072190474402,-0.5772649950144069,-0.8851788417931582,-1.9751137550058533,-1.0648365124972743,36616,6.1,0
-0.49046216069371046,0.555069720071345,-0.1337440823061335,0.47932036954528806,0.8091776925589377,1.1753251263266327,-0.3385545899861459,1.7255984995346183,-0.02379155173232042,0.6357889290123871,36456,106.82,0
-1.555839411664935,-0.3540688093694581,0.4243511092180204,-0.617184116751813,1.0656771211655787,0.7229703085694034,1.3316868015371432,0.10521529218537783,1.9163760918349384,-1.5611914602207078,70024,68.92,0
-2.4392496385726155,0.14330116864769596,0.6330209482869559,2.1891860778060868,-1.0011424244708513,-1.4140070565414014,0.18540688538097266,-0.9002254100901701,-1.4029790571670457,-0.5745578200175339,140291,87.18,0
-0.09087092962596285,-2.157557174301955,-0.8378815945366619,0.0852670652434121,-1.6817059462295947,1.0201901394674444,1.9788167865412298,0.5652347921020231,1.9479420578929818,-1.803252543917996,54292,16.67,0
-0.2040695150484347,-1.3234254267632044,-0.5345294360632951,0.4263551741192916,-0.3559977805122219,-0.044372359551817266,0.5165670497533381,0.7909765131638664,0.648498144866606,-0.27859845949757683,90992,71.95,0
-1.023497492621865,-0.6455966024576721,0.2525199103172139,0.4029478599143535,-1.8046101000371793,0.2245330147621503,0.572169767254166,-0.31029484256448153,0.4006653991575063,0.35213767549439434,62973,24.75,0
0.2681627809553161,-0.4030738610061444,0.534487954827583,1.8443041732047962,-0.6626171533255922,1.0789491944554621,0.6881288199152573,0.11469797122315951,0.470350036713133,1.2992619867419029,73163,102.31,0
0.09080002361004777,0.1451667803970126,-0.5540009458836479,-0.28859466168605025,1.3480778333873575,0.11849479816377954,-0.2586246003038902,0.7483492462588748,-1.2041337841571602,-1.163569924723602,38680,5.84,0
0.13027452147288585,0.36119788405399617,-0.19368754164962376,-0.24435765596180517,-1.3671235325115318,-0.4351410706639482,2.895212563462882,-0.42036959000438867,0.9817048173146039,0.3740524036441016,165453,54.23,0
-0.7460982566525134,-1.7256348251446327,-1.5661148137079979,-0.45270247929918994,-1.4959849707722361,-0.4057449035487259,0.7664168950852729,-1.580375080092949,0.36851554456578073,0.529159113915139,126861,121.82,0
-0.9653511948087635,0.3973283082628641,0.5746678404813418,-0.5501905751944769,-2.5270286828375976,1.065668069030618,1.408022533177587,-0.27014703454322064,-0.10659842602405876,1.6917225396746793,137085,6.53,0
-0.2107189790767625,1.5874293281411473,1.343127221733895,1.2694964932060901,-0.32869680730441203,-0.4488701893042778,0.45808542391984697,0.15817051475997523,1.5259470580225225,-1.5381756081426714,136705,106.01,0
-1.993060371054156,-0.055476016256334894,1.008793539242132,-0.6918867910135653,-0.9171488778314291,0.48557702994877266,2.00870870454942,0.6806060876196242,-0.16947831239097882,-0.7415878656132543,48558,124.53,0
0.3195540067233614,0.5184119625346643,-1.4213777432749946,0.6422474222337905,0.3865179354324531,0.5421072907794926,0.11072287440432846,0.5096334720212865,-0.15443170800690736,0.4545032465160113,85516,23.52,0
2.8144474532661614,0.2066900724960235,0.2653361653551545,-0.5777431421930873,1.169197028333056,-1.0272952299106697,-0.07232694007671188,0.1971440746216489,-1.474851869409402,-0.016390339595007648,48987,37.43,0
-0.4070782363503251,-0.7502190702421325,-0.5121598443613099,1.2133339829426184,-1.3797356790288142,1.5248117581200582,-0.32376439479464314,2.764069260055646,1.3362538763814793,-1.2460238198773965,68766,32.32,0
-0.8768607781675882,0.031134852944977556,-1.1785970500010596,-0.5964134084109316,0.20855210561587617,0.1560204688303409,-0.03965269764842436,-1.3246649339361583,0.90128489979266,0.02718527830870339,94531,53.46,0
-1.086073582612479,-0.28916439841061226,2.0503075789780114,-0.5588416552113599,2.2181070076744334,1.3362693573282536,0.8521879471107873,-0.5113223844313154,-0.8514594524061138,1.1079205286932547,58157,11.49,0
-1.7749430445787269,-0.39544379431398563,0.975722646501593,-0.12991717997900754,0.49154425909494237,-0.12775082265388157,0.01851028589326482,1.6403300265258556,-0.9224957582565227,-0.43904196382949184,3443,134.43,0
-0.2992647038852564,0.25032329319046315,-0.0023413881869583275,0.7035187635540419,-0.410443391000954,-0.5846004876588028,0.48545715595446026,-1.104548797068591,0.6011371911866729,0.19480122099381073,46512,81.49,0
0.3630092477145166,-1.280687251341067,0.1599112393175145,-0.3154306472228784,1.0223023486923273,-0.28691872418274067,-0.14845619093090515,-0.08817059256739312,1.26742269495864,1.0753263094295618,86460,46.83,0
0.6339103777337424,0.42848292865583376,-1.1459375683400963,-0.5633314769813729,1.0033813137060326,0.18836469186814336,-0.24103188148148189,2.642069780450904,-2.4784824282721556,0.9981289361887136,45736,149.1,0
0.1975562825275035,-0.579619967676225,-0.5364631441187353,-0.4998479975278538,-0.10498154417592623,0.031292303612764895,1.0209573546927946,-0.4830022920360071,2.0738581225655643,2.7155179958435256,103768,101.55,0
0.9661296810041061,-0.10121355801591768,1.1300399462894701,0.11485603828621535,0.8667729543670075,0.0331457201733783,1.4773861295353454,0.5574966800723845,1.6043463207015851,-0.5192799597736115,1814,73.99,0
-0.5237727785412354,0.49105460480878543,0.6829467931383254,0.5437261547886781,-1.0469149098378452,1.1502391179811413,0.20734791679207704,-1.1987190680186768,0.25865774180653356,-1.8703040480488977,9381,82.39,0
0.9954902829453182,0.958511253780106,-0.20919252010603026,0.06975228422348613,-1.9046178968815513,0.2602009815728582,-0.47675298650126785,0.45309555769896365,-0.2635508620436718,2.253552005885196,47027,36.19,0
0.013355591543672855,2.5719301452416747,-0.8661864131319914,0.6583472858522185,-0.8540537691620664,1.7077944408420136,0.001737125890682154,-0.4555382847366319,2.4000807583476185,1.232522886257083,63786,2.57,0
0.6502490055783642,0.7406427098430741,-1.1344589282460094,0.28623686456416314,-1.0462582360197108,-1.420505679773367,1.6618116169437407,-0.47803868230423474,-0.031124638485244407,-1.833828154051541,35859,106.12,0
-0.17636595048933035,0.3546211607750226,-0.9754225203773388,-1.1087261342922892,0.5789544305794028,0.33987256883113187,-1.6759319146115572,0.543924862372721,-0.4301069140782397,2.4743628391913437,158763,167.21,0
0.008505626723153567,0.47980232005157775,0.18369683476007076,2.014390233201957,-0.6418644628934819,-0.8590509883435039,-1.1426970450143714,-0.6663242164752824,-0.893220156790138,1.7063170105824161,16697,37.91,0
-0.25337756894801494,0.5647100032131608,1.4871671934581916,1.6782701514933709,-0.9554642567541786,0.09997277749237025,-0.3338571180948485,-0.583634861846742,0.7186060597791426,-1.916185055728417,92437,74.55,0
1.1290113521572607,5.7840849356835795,0.19172859342137905,1.766748331622549,6.2695562016371245,3.6608105537895694,0.627286346123384,1.8318401463509046,3.7670384117220133,4.121154897959046,59887,806.47,1
-2.5016998441596545,-0.17185879898699755,1.758415614493028,1.4167268559880857,0.37596660782513114,-1.768692805220901,0.4496974413977428,-0.6228621813423025,-0.33027059471010706,-0.35056328139207876,61625,114.96,0
1.4235594722650329,0.9973845837063676,0.27193975338608933,-0.13139410557646702,0.1334166695435745,0.3720242412023667,0.4178706098415265,1.2033232233270192,0.8884023586780654,-2.721575936347919,147674,37.5,0
0.15999161357343825,0.33662370662734287,-0.15967208282248133,-1.2168031262351,1.0358742547319129,1.3702151935211506,0.927788693287827,-0.3198614668176375,-0.7911702568315877,0.4682004512613662,84101,92.76,0
0.053752562990502024,-0.8942720041535557,1.5273860291557484,-1.4132735845645044,1.2334718558813695,-2.0603352460383695,1.3450352960682166,0.9688678676558728,2.959457718093084,1.0174990287815768,70377,63.91,0
-0.25288144631783127,-0.5648033511024263,1.5898422339029836,0.952675585060279,-0.42953798189719095,-0.7105607626899747,-0.551709296861704,1.1894071423900159,-1.3553905466721528,-1.26781655162251,60442,11.7,0
-0.007116855128515773,0.8833995689324271,0.1176631761339743,-0.19879639754518968,1.4488985261420313,-1.6521837644104314,0.24258992124307144,0.03207097300419535,-0.15546343262097842,-0.34336369314556137,92847,47.05,0
0.6312882258385404,-0.09921173522605088,0.8821976399431775,0.10757880956676805,0.3452395797024737,-0.2626102209464174,-0.4058958402654971,1.197310853855259,0.8938667968394352,-0.6000903652662792,28676,8.21,0
0.41197158212675383,1.1024665143680576,0.8692995459688505,1.7279594579541113,0.8240057137416856,0.16569124523720097,0.8326775967689005,-0.8696590344418867,0.45783198496143157,0.34800244457417134,34222,48.0,0
0.29691587073611253,0.3174104487994213,0.24190839501486613,2.3307106894502656,-1.9012086250262723,-0.3954939611513931,0.8626985849222595,0.859235386966303,-0.9379792314168262,-0.9479439312255203,8844,42.27,0
0.49716074405376404,1.4159142745772682,0.19733013094602156,0.4555503474047782,1.3275888049496622,0.14337664650128207,0.4075910714568796,-0.016083878395564875,0.142629849748258,0.2869076628730871,141786,61.65,0
0.22678604610913541,0.03904508556456009,-0.43019000011191194,1.3978579785775362,-0.42733008672296113,-0.6756469985509331,-0.12230736793299765,0.3029698455967558,-0.21729499885310952,0.6958140693847209,77585,100.01,0
-0.7435882288125641,0.44830970575637913,-0.568812670082858,-1.2868435954472626,0.2363753203557955,1.1334517288164596,0.7696965582609097,0.48541241875264324,-0.5780798322432029,1.3852950703630618,122644,23.71,0
0.5622728719144933,0.2961695846287402,0.41523992256162096,-0.7359316493904802,-0.6716462670918723,1.6779554099237237,0.4713243817295227,1.8536888565143366,0.12923495768365506,-0.8451482491370966,114071,110.06,0
-0.6443671202130229,-0.2952804727200515,-0.6651081720279391,-0.7947588117029813,-1.1087090034624454,0.03280720745608439,-0.36815408363192886,0.3513274917321119,1.04657029620141,-0.8431711564833136,42197,100.93,0
-0.28488406638257474,-0.16484438157976464,0.655355101449004,-1.1305664567563476,-0.0016486823987459664,-0.7136934718506799,0.027550724189488122,0.3867512824095934,0.7471225377864708,0.19138878012921687,7802,8.06,0
0.4249658974361492,-0.6437474252662504,0.9425515511652842,-0.44294548030984626,1.425687234919314,-1.0265125394188044,-0.8981751487917088,0.03225341623343201,-0.49293503091238083,-0.08031233851399389,119316,136.98,0
-0.07199859243978847,-1.2929350540015732,0.0024647610997071065,0.1335133803912118,-0.7853096953500125,-0.40508516779387616,-1.2193367972931106,0.3741264332786607,0.5551669460532002,-1.3384262532410234,68979,74.33,0
-0.6395033908874757,-0.9936849198426648,-0.755182158201408,-0.1790909608673681,-0.09404671154966834,0.09077825989241388,0.48758353987003694,0.5570352537429915,-0.7425527800739156,-0.6584293005811482,77904,21.55,0
5.576943366406976,1.500795607552934,5.828813687919414,2.8024367127978587,0.14605626371102076,2.809853067881374,-2.729242676932416,0.8526741260583832,3.0469559695101385,3.1857643825806896,41002,47.8,1
0.08950899976381409,-0.21025775177342823,0.9976691135980253,1.482069037796416,1.1910570951969557,0.00660044022449055,1.0336732727884839,0.3191778387543589,-1.1384547820148285,-0.05093237608473155,37714,30.21,0
0.484453439248422,0.7581562617745978,-0.27787570715626536,-1.6378934667611151,0.21378043187318224,-0.9518337633840985,0.5505518199245228,1.4165246666248346,-1.2006794971981296,2.525857479477646,165109,39.14,0
0.9827395110230576,1.3381961329386531,-1.7432996777073613,-0.7319350158782632,-1.4356264745005227,0.8694098577660546,0.046805341929940215,-1.5693960291064424,-0.9182981257382491,-0.8011098511882044,61716,88.62,0
-0.9759588161149049,0.5753473318075695,-0.47669340496443713,1.6244386832914004,-0.28196160304474394,0.12250323310381701,1.7408315925815088,-0.31908660378262194,-1.4175778779272814,0.12013130834639067,145985,6.36,0
-2.235035497898666,2.138174470485208,0.5678891541116129,1.0122957331691809,0.24253628500372185,0.4722138628333851,-0.985811230121146,1.0980164114413735,0.5380938712672834,1.133563093546996,3304,67.59,0
0.9194236766469855,0.973740293431332,0.7245235940205608,0.9949691941604685,-1.604312805801676,-0.3623942236925023,-1.2161907771935654,-0.7325989391038081,1.0375403928659435,-0.6469025596941209,139844,96.32,0
-1.4571558198556664,0.3991032052982532,0.2151042344214637,2.6110762284092623,1.6134945254485191,1.395075362788366,1.2801304808099998,0.617729510768392,-0.5215551635352856,-0.3242832089219258,131131,121.25,0
-0.40316267693004887,0.315581254197363,-0.8162192266205438,-0.6461813609102723,1.0601875692177962,-0.1950882222613307,0.765818727460864,0.4627206918824197,1.2573461337704017,0.00972915279164099,1298,62.92,0
-0.22385881688049952,1.6229734486293805,-1.2538295424529113,0.08576644394783836,-1.28162594028312,0.790560560649339,-0.4123409597181621,0.10694802421762101,1.2763285179936914,0.45663899565311594,32442,116.03,0
0.24165971982083806,1.1805272624119694,0.14933102610238283,-0.21776768796673504,-0.15760299239211897,0.6858766667536402,0.211045520667232,-1.6922703182653593,1.3860406677078836,-0.16624963520631128,72913,126.26,0
0.5323091855533487,-0.6438240139725026,0.9449515251692131,-0.3503424759238385,2.3525996831445712,1.1320800106524298,-0.3464468812906376,-0.7578183539779042,0.8710750358006029,0.2239484120144436,114323,51.61,0
-2.156008006059379,2.0518127559389576,0.3928185262149098,-2.104984945837922,2.3284482979529106,-0.21517428805831407,0.5810278016264446,1.7488529076562365,-0.5307075321793215,1.270295087126253,108353,136.27,0
1.5614382018035733,-1.9473051656898168,-0.11759448385153255,0.6583394624116107,1.166801052791138,0.8139338679130238,-0.15019462452352697,0.44747170028134353,-1.2951573098058087,1.0289031814831897,134873,4.07,0
-0.32767309436196085,-0.12008524506874427,-1.2891536553285141,-0.7876682024237316,1.5750357749125201,-0.4335988017356828,1.4584392175056002,0.44968892598291926,-0.13239687179122708,-0.1638428525080653,30535,22.7,0
-1.808144046870746,0.9984679046229995,3.0453255920111455,-0.5591193186097794,-1.0243486652601317,-0.36823448371126805,0.7569029729769516,-0.6051688271835238,-1.540729020135706,1.7947099964313322,114354,97.02,0
0.9872473529834096,0.15188148328929144,1.5545694519312379,1.5648146118716608,-0.9971543976536117,-0.02169112649313969,-0.83001945061577,-1.019204919649232,-0.8645353151032883,0.03240821982423724,118871,44.22,0
3.4095524275720717,1.8912438950355424,1.8831196708382292,2.3926256366472596,1.2281020525463973,2.958138953170026,3.857623649558659,1.4353062482392323,2.431172934995028,0.8006599983217604,90082,293.69,1
-1.7092261039101555,-2.6669174780328975,-0.2132795956797711,-0.3364626198791729,-0.1918875807724168,-0.2977469241094995,-1.6905298427304682,0.46967949893652045,-0.24918806465965193,1.1168088725865435,134825,99.38,0
0.5481283796421961,0.01236113190525933,-1.057333843476665,-0.4700355817263217,1.1700243020669414,-0.7747027921783913,0.08269855532482104,1.128091332050425,0.4765305156047582,0.9335510731884811,38821,166.73,0
-0.19065105750515945,0.10014291246007646,-0.14354044666201693,1.426078122212682,0.2599590041503656,-0.03355694037415523,0.3278208788445032,0.19975094028884885,-0.20258787974279907,0.5933061756032936,95488,5.42,0
0.403376242526725,0.3771324843110272,0.003415884008512292,-0.9564673328037719,-0.029325806347398616,1.3458159705353656,-0.9292410626948826,0.6079098601199859,1.3492656081934262,-0.2225079480556387,15834,37.84,0
0.4879913708045874,-1.0229499281807124,1.1986514731331785,-0.3511257378250668,2.88915399420627,0.6479098131417899,1.8003265120616876,-0.6370864117446028,1.2248049386753013,0.09973631256878018,54113,77.12,0
1.10467921540253,0.14817887787141484,0.059225894284554124,0.3690531760065605,0.2388910580778623,-0.6750980312359129,-0.11465396117318255,-1.6120653989685307,0.3793243998702391,0.5958511598026877,88313,69.64,0
1.7975945224343146,0.7532120648278651,1.408030729905615,-0.12052669445771902,0.06295293521602019,1.434877610609374,-0.464315394551542,-0.14223321357340624,-0.9258083596915647,1.0080613207294218,105283,46.77,0
0.895184981971686,1.0856094029740586,0.2097189142673235,0.057425774779685516,1.4083303552976218,-0.3678288474017184,0.9573828174792031,-1.00318743673336,-0.5639797726142536,0.8123733436012434,141789,55.18,0
0.9429736984622323,4.472416894628504,0.5322107379777323,2.702729382474455,1.4306258830068919,2.7787453993759264,1.47440312096703,3.2507386472517155,3.103032169364256,1.1142982710234095,20404,458.31,1
0.3446049047503575,-0.014334004511910938,-0.1906374695919598,-0.6746068069868952,0.06315536804319397,-0.08126307538162784,-1.0313875001615005,1.3494320505632633,-0.7722679287045329,0.4231889359114825,12984,86.36,0
-0.9363212750452935,-1.1088413812872686,-1.1375095200784877,-3.103095950365521,1.9582814791855765,-1.7681864994128955,-0.29467649213245356,0.11346812995905266,-0.3135474654787633,-0.8210942797139281,155382,35.26,0
-0.48801990156193453,1.0784360764086802,0.7456392037006585,-0.4337897950069095,-0.7348550704328964,0.32898326607268236,-0.008038506666042658,0.9406611403426589,-1.1743745510818715,-0.552678619752828,171444,87.77,0
0.6823925098127926,1.0993517422876555,0.6701106948721014,-0.4582098742194886,2.4329562846799266,0.5264824003950203,2.3636034073404546,-1.463394802662396,-0.486469580667538,0.9508175301203192,137274,82.1,0
0.11668580914072822,-0.9626304750859512,-0.5221104821441878,-1.0589416882314915,-0.01355917285422831,-0.039159948670769135,-0.09173241880924222,-0.6433228568458644,0.7581407607558021,-0.9106925114980597,20826,52.79,0
1.3361861000121709,-0.8980177534142035,-1.8027335500547015,1.5787117713059997,0.41926023653217015,0.3989642627095406,0.15157830765478958,0.7118488443128335,-1.1939332598444479,-0.19776489396226968,34168,118.72,0
1.08528700444591,1.7595472694492997,0.2757814119258398,2.1333307304321942,2.076033433963592,-0.08018197108287686,2.6890406029193503,0.8953983864872654,1.0159882206850328,-0.07474971166100915,15189,166.53,0
1.83622583973002,1.0725333647101947,0.18561350769098114,-1.8760508710378245,-0.7978822785584306,0.7883796935040357,-0.33140680379455617,-1.532970853122284,-0.5182870036312062,0.07924202824045898,59897,94.8,0
0.7248546715562,1.132051367210679,2.0578022345854023,1.4001785357943723,1.4939890143566776,0.5756236084039785,-0.0841676705938479,-2.367762370508882,0.9018323710362687,-0.5827103538599155,160364,152.12,0
0.6108449164108543,1.0260719701535328,-0.14174209418763992,-0.24091671172753645,-0.4798108853584959,0.3025810278382157,-0.4907725036179891,0.27233412140104685,-0.668787735193276,-0.3953988186396227,90190,49.66,0
1.0684715559890383,-1.0272305966876594,-0.7573146454738222,-0.4624579380344189,-0.6626840219525623,0.48797285611316915,1.097806366347927,2.152619302412611,-0.7079690053223512,-0.26835087597899937,160337,87.58,0
0.5411308382180404,-0.32187271018994457,0.27027956723539276,0.1347839778261051,-0.9147631888655418,0.19148979436821387,-0.634283005513545,-0.7084685958536481,-1.1921031594524918,1.416319531713021,46691,104.02,0
0.7041481416397848,0.1776513766213024,2.185025844578322,-0.6239222907829078,-0.6071809255577043,0.3632986138605778,0.29874123529077695,-1.187919559609834,-1.3583902344493248,0.37420123094401364,102053,73.0,0
0.4109825769008753,1.3538355467931074,0.20841786186378186,0.7453873088432121,1.0386046095271007,-0.47919389041560584,0.5429395453621464,-0.6673289452930362,0.5925062392059014,0.9885460357458825,102017,28.67,0
-0.520588412855411,-0.3596616786673072,0.022407240989087,-0.17833297684915667,0.2716534029927614,-0.6975848637562034,0.17936994077494722,0.2280741210065723,0.809960768454651,0.16388774868496186,146757,103.57,0
1.2577789508694428,-0.25257403799120237,-0.34829911914855655,0.707184023274026,-0.19828458805508212,0.9716330097430793,0.5829652179073281,0.20629084067694553,1.7978204661405788,0.2948436336170601,127677,46.96,0
-0.6645866722585968,-0.32774241666676374,-0.719760664950654,-0.25951685716306216,1.1413721047344205,-0.049711794235579934,-0.7923143927369756,0.21682857855558008,-1.9796514475229972,1.133398949621132,147673,134.51,0
-1.9974666928898597,-0.6199536638928509,-0.29281549898631315,0.06272191606238789,-1.0594251020467733,-1.008002501574517,1.525678168841895,0.5362217592803242,-0.9268602654284844,-0.12994481044731107,125784,47.55,0
0.40982845732869266,-0.40062891977001125,2.131605306558584,-0.7641565033062317,1.4135311658464103,-0.6411087002104213,0.10647130941483159,-0.18585854983196132,-1.4316642900946435,-0.11060422167457792,121711,120.24,0
1.1896220052876432,0.38749584781446095,-1.044206150879736,0.6126438353574128,0.3039900072598394,-2.4528245758881977,-0.4248421284294223,0.5526597077064541,-0.9613874102561363,0.8349338518661719,169808,36.94,0
-2.031619568663027,-0.047717018170430385,-1.3229369429031808,0.530993278184569,0.9007912574890338,-0.34530161537568577,-0.2101409993909198,-0.8419090709456271,0.8387579930541158,0.3738798132489033,87924,2.94,0
2.422447901083496,-0.2618271931357455,-0.07303518979449276,0.6911578081111006,0.575558933309626,-0.9876247005590106,-0.7947802126652233,0.05247484905728923,0.6114695614875086,0.811206846656989,127532,34.72,0
0.43476607446661863,-1.7374219290621107,0.5737264566512917,-0.5487742905595374,1.520973417981586,-0.1819742702898053,-0.6449993881573639,-0.022624443956381943,-0.8987299857243287,3.1931320378016963,66245,126.48,0
1.8009906006887368,0.11842032143652105,0.5249742281141881,-1.1559260442227393,-2.0958309562928616,-0.9513245010718352,0.2753730968446809,0.4056240037619178,0.8224198952736091,-1.3246284805533712,22200,52.01,0
-0.5279176373243135,1.0138968341027554,0.7642861923700136,0.2744635388085446,-0.16342484916519912,0.7074457995699789,-2.1831968454531987,0.7776713045957315,1.202547298153165,0.7244179168570122,154883,62.42,0
-0.8915294546720363,-0.22398216374577085,1.6207646687750252,-1.377162416608716,0.6986604956523964,-0.3484495522319408,0.0039341682276913216,0.036110156221710585,1.3278890796737721,0.9550655389306442,159030,51.38,0
1.8421506585682637,-1.9792524766837778,1.059161731741859,-0.6169110981183182,2.2159509392766945,0.26535650579850817,0.0788510757517199,-1.361846310617986,-1.0095776755539407,-0.34570196704376327,151623,83.72,0
-0.8094537290973276,-0.35444799597628235,0.2830989193492951,-0.10750284533086794,-0.34200345172828295,0.9196110260373133,0.056296602284767794,0.8524559792186709,0.1288512905548135,0.2677149134303731,163983,24.39,0
0.6353711428612774,2.857473075464706,0.04555782111359534,-0.7323562810146178,-1.271764657108261,-0.7694554668060049,-0.22248195292370715,0.1618194686026173,0.10925711177097336,-1.2519853254848416,140581,67.15,0
-0.9834159786590306,-0.5178000026979704,-0.6495074902363289,-0.7139314586655916,0.41618867867357234,0.8528141316548622,0.3899250939353232,0.01732627604876538,0.7065642983388586,0.7887587264643201,105793,62.17,0
0.13148581680545218,0.1887109634112177,2.4754181395979424,0.2556045850514932,1.318810060122396,-0.45172711044619557,0.5282749863748487,0.2848280889699085,0.4927799035415456,-1.2632915819417612,138854,162.16,0
3.093950613241782,6.933804519828343,2.367556591235297,3.2041236323797646,3.6187482329462366,3.171667724545004,2.400663048966203,3.260645285909969,3.1650521809442633,5.0237468496570505,33591,385.41,1
0.6216013131209713,-0.816847902375455,-1.828628410337405,-0.07608129644999888,-0.7601595143160239,1.658245290581541,0.7785193267370195,-0.716379938328155,-1.4049550948064689,-0.17193439775438793,21037,0.16,0
-0.8461021361773309,0.3384806136890324,-0.24291571162510636,0.8782293382164461,-0.2607033598943493,-0.6605185081816152,-0.2698712904065823,-0.29262383860270846,1.0253190489211343,-1.2121321348036305,18605,19.58,0
0.15256251210246857,-1.5738589305358854,1.5657885492389845,0.7907655065646109,0.7371575583572125,0.364755295191631,2.4191375236912687,0.8013260070775649,-0.3253537969902596,0.6759466689945814,1471,6.29,0
-0.07577147645982442,1.9646355198830872,1.1241244849541139,0.19504998019507824,-0.8618147129764268,0.9990434475067727,-0.7769593763625023,-1.2431767749956264,0.34144709742466905,1.179594930222633,57679,106.82,0
0.2566343810815294,1.2867660039570548,-0.9035848304901618,-0.8895447793860404,0.6606743221179475,-1.1991081252397104,-1.2415084098972438,-0.6961731444863017,-0.9795485014573647,-0.47215849247062236,101044,180.54,0
-1.4708062945026579,-1.0527830631116626,0.644734291509046,-0.14551492947721553,-0.8060215462417276,1.2496620356598749,1.3482351068281389,-2.047589271482304,-0.23703288187389265,-1.6583436943555845,125576,60.55,0
-0.6505636204055921,-1.651177759055531,-0.4666885477264853,-0.12889290824276448,0.40157658752204495,0.48637043862486423,0.6349897661603746,0.9266108734594749,0.5477290072639642,-1.1979673843184642,151077,99.91,0
1.753691026701081,-1.536084959044724,-0.5752182704207847,0.17528520864392505,-0.8187429365208783,0.9472882944978129,-0.12199142377333605,-1.040139093699366,-0.04914663810852352,0.09915337871927259,67992,52.2,0
-0.04499520764300634,0.4214507405553377,0.7895562541969123,-0.1393051021557423,0.8891962290445682,-0.08385916637232689,0.54823020165745,-0.3542691660752306,0.6670602949202648,0.010307402439668894,170208,86.87,0
-0.49346820915387574,1.6194351580732922,0.5995169900657619,-0.34936910551970984,-1.4076884202708555,0.47812846569247985,0.10918431102117114,-0.9207605125604467,-0.6603385910658913,-0.06538948931023657,22767,38.77,0
-0.555327218819016,0.8677755205261815,0.12996629211599667,-0.16520512073152382,1.148152650929215,0.45712859041199905,-0.16385522203491606,0.519363272845947,0.5721970357234402,-0.2621704370825809,112391,43.05,0
-0.3762121037834645,-1.93600112908413,-0.3200774504382476,-0.23884873619415106,-0.1450704189212672,0.6961491937436464,1.9369906566882775,0.10618284774919513,-0.04505725832055031,-0.08134133833323064,132687,9.29,0
-0.5769963713775336,-1.8187577691239185,-1.635188138530462,1.2407126370174857,0.11316865829340152,0.34374956747487484,1.2919411366225704,-0.13122482734604224,-1.425137650988379,1.2073359151298535,120628,54.87,0
-0.6542832766875555,-1.3976638809451785,0.9769827306786314,-0.5670169550815609,-0.5755150212755739,0.16788228482539208,-1.0132113517723982,0.3354838862849767,-0.17728113067648274,-0.5564164004642931,109920,23.04,0
-0.640490071855426,-1.4026906774030896,-0.2753723297571609,0.5110255804078663,0.14966313516754304,0.2672200981968966,0.4971394185896637,0.14454723596829458,0.909798383062696,-0.9306637188267569,117144,8.5,0
0.7298287890155296,-0.5021251289404789,-1.0424590110937872,1.3381795700463186,-0.22405651450483732,0.17733443025982318,0.5023946175506584,-0.3509404477272536,-1.7162861547151014,-0.4063024057842941,1936,59.5,0
-0.27514225122668373,0.8658170031798195,-0.6323703864158223,0.9321195252553444,-2.0734642156744294,1.3190344661661122,-1.5136008113932788,2.6032209625213896,-0.5922507237826158,2.0785470041500362,130145,44.56,0
0.5781549168645216,-1.3120000145777906,-1.6100327939410817,0.093598590839362,-1.6232681884604083,-0.16098397307789564,-1.483269645691485,1.1852698187351407,-0.8117766397843702,0.1832502304270366,104247,17.35,0
1.6965866829708507,-0.0505570358546391,-2.139788987753183,-0.3765238553450964,0.2060162489421535,-0.09840994373344757,-1.8090028344144273,1.9666324759021274,-1.4376930721273014,-0.9009094803578852,142315,113.76,0
0.13677411731669906,-0.11949191043999567,-1.2711453765590728,-1.2310283366062782,0.10316448497421116,-1.0237926962416986,2.094745015353822,-2.186856492242892,-0.44058810842159596,0.9140320534214255,128067,81.45,0
0.11374815348614345,-0.3016807761308459,-0.74785882744691,0.5420929443455513,-0.3413715197585086,-0.4925381156136834,-1.786457387324491,1.5500818898953135,-0.5994674356994198,0.6913306709917493,127959,60.0,0
-1.7332091032089831,1.923627220422718,2.9590905906430995,0.1614794303123818,-0.22070485903146797,-1.6389253714029226,0.1366030757728789,0.09356552090821636,-0.2621266575213602,-0.29118512982712175,47329,107.63,0
-0.9716187730129598,1.2391720620880293,-1.7253464742590232,-2.0753422635971837,-0.02564933106056511,0.20451940969953508,-0.8342397439039501,-0.6886167406501494,-1.099587802101255,0.5032861480745563,3892,107.52,0
-0.6990218531039264,0.6849545566550082,-0.9763733901851996,-2.7870678690285327,-1.0053971661972523,0.44002631163938394,-0.47154268945751576,-1.7883246075478243,-1.2362688428927264,-0.3492210770426952,93228,55.44,0
0.011277696618660139,-0.008367627718889919,0.020257799346942336,-0.32607718575822703,-0.3281355278399193,-0.6120996398827769,-1.2227717564030252,1.366994994360372,-1.0295493422971715,1.0867797267684622,9577,112.37,0
-1.0406008548415047,-1.1284356363047208,-0.240521174271098,1.0919866014965909,2.6776532229251733,0.25821517048998655,-0.9642505763936298,-2.096191876935331,0.060079502968917654,1.3017409884002118,111406,30.15,0
0.5887032782151507,0.72166195980949,0.7945397181593544,0.17866198269678846,-0.9662271349267902,1.1035937772380797,0.4377123603741023,-0.0512448080364974,-1.0655811561868833,-0.41980860774416723,61605,76.77,0
-0.3256981100737287,0.39203039805752304,-0.19767388268190214,1.5727167757369898,-0.6656850935853221,-1.2290964255277457,1.6982518181598225,-0.23823397349612635,-1.385955619240936,0.7449459180810061,143173,129.58,0
0.45938577171661177,-0.9231651240281931,-1.1591030933676016,-0.27369224177536355,-0.32756659201824834,1.6600607328763102,0.12391518068607582,-0.12127853236459919,-0.2852066909888775,1.023104191827511,83980,1.83,0
0.3571286762713211,-0.4056426325128372,2.614909199586332,-0.6170748539780397,0.4084283126590545,-0.8990040764132963,-0.8466525365482825,-0.579545248905348,0.7264569916257283,1.449356364530453,31745,97.47,0
-0.10495815600017268,-1.2040169138360592,-0.6328946452609244,0.6559986551621014,-1.3296224467920323,0.49466971787421915,0.6676063425376766,-0.871387608629096,-1.3861951227318925,-1.2462132358636109,78122,136.74,0
-0.6547876954293904,1.0615187704137568,-0.6870007339139083,0.8884544309704219,-0.12497916129802501,1.6450252236564493,-0.07097673450738928,-1.6590157269093422,-0.5510477552275928,0.9506537075482573,44029,72.59,0
-1.2123682930597257,-1.3321174294098623,0.8541173345352181,-0.5349629549374902,-0.44371820552892227,-1.3029128736478253,-1.1850213123244968,0.08442661197174914,1.4683632527200146,1.5605344008263844,50439,47.54,0
0.579281971320933,0.8938183535575839,-1.2599467010526437,1.2903830607730349,0.12657927717612869,0.31662379292629717,3.225993124147924,1.9545418578099718,0.06738504218892435,-0.18896374241662794,164885,20.4,0
1.421075938069784,0.14895854124234953,-1.099506986648496,-1.250411150505963,-0.5806975274123481,0.9748893570444555,-2.784208376946523,-0.7445892192531699,-0.1490918790122348,-1.7107001904490493,67415,35.61,0
-0.04257862104444418,-0.6830756072090113,0.7805531893227763,-1.6112605379953344,0.9679251293892988,-0.49107021242102733,-0.14898012949935724,0.05686819249813196,1.2130932656456406,1.0910721460157102,55184,34.88,0
1.2728827687546636,-1.4302532832423676,1.6192348033931345,-0.1831870985655671,-0.46802478903987416,-0.5243348685996414,1.1240561679269667,1.1014350285902976,-0.42602104144152503,2.871961031599394,33014,70.09,0
-0.035824746665955476,1.7238938281238618,-0.7877988886266734,-0.9041337882702167,1.2360799083277731,0.18433806620425153,-1.0122978794780464,-1.5440137472672566,-2.339969453915128,1.1075469095369368,100737,106.09,0
-1.368159199245665,-0.7275736818213943,0.6607722064159335,0.4914402948644716,-0.8463598674335794,-0.4071086073883589,-0.07868459711268497,-0.3510161545618694,0.991122767039087,-0.1306817693387231,139814,59.33,0
0.06603069756121605,0.6869536677708163,0.14828460679158642,-0.21149974609685293,0.6407776171080019,-0.11815448824430838,-0.5532699110679784,0.6148393920709179,-1.8598021030516498,-0.613960947538262,17922,5.3,0
-0.3780392917314767,0.8918975755070955,0.7946258123139927,-0.5520056528140176,0.38852630524616494,0.4467267145738957,-0.4251339160822378,-0.01364139511847133,-0.8091767207440618,-1.0820881561956743,153280,76.2,0
1.1712470934673194,-1.4956602508753674,-1.8553535085522448,0.01274336520405819,0.10973196780610626,0.12531384148877067,1.3436655704437623,-2.11112962590805,0.3224611620762996,0.5614351287916532,155633,13.41,0
-0.9784408800414345,0.20039950048029245,-1.3551233997049725,0.3811000946098597,-0.7083703516482622,1.3488909296540648,0.5548449863845536,-3.15184614057909,-1.9967010158202827,-1.6917209682474685,100270,3.75,0
-0.09031901025512999,-1.332197713291012,-0.8248116295306533,-1.3227223250057913,1.0702539738421097,0.31316412840575725,0.5215099369978939,0.17456036753569826,0.21595846959657927,-0.0960576478592205,41604,2.94,0
1.7771828402577243,0.7045764170575515,-0.19325000683183333,0.018989768345387258,-0.14333390205557858,-1.8668110866147,-0.6264353800270451,-0.5868032700067569,-1.4682647803416555,-0.5331383847003092,10417,69.77,0
0.30941283975992473,-0.6470166219514599,-0.3266037965965932,-0.1864700766184518,0.8963614255173831,-1.5658170096245527,0.9482969578735007,-1.8112422037918148,-0.3270565588278282,0.6322698439434074,20234,56.18,0
1.64273430193763,-0.3603275874259869,0.8928973269834208,0.4654747370529418,2.4904398698799954,-0.5654835195351547,0.6994217220097766,-0.6693227750786918,0.7480857541010061,-0.6713441835514667,47218,18.11,0
-0.6622448193245927,-0.09235820683787886,0.008874771416961356,-1.4690299572380199,0.6056808900303366,-0.5590289787890287,1.5351926264139368,0.27457133663544436,0.4391977317841035,0.6796331224624778,62,91.22,0
-0.6490597530412794,1.5925016336722961,0.32904178781092575,-0.9145515927610286,1.0051755563671387,1.4979563635785744,1.1357811438787417,0.10276351199484657,-0.505105792732612,0.5156717084382513,78099,9.2,0
-0.1310866506877266,0.5288274933846129,-0.7018705035509689,0.8546131950644287,-0.07252359178774072,0.3395293962248911,-1.0210784513196292,0.6950039934664294,-1.683314583144733,0.04543343723071521,98189,103.34,0
-0.6309615971321306,1.4778363000082735,0.03013102925163394,1.012719819158702,-1.4450278570766606,0.8690691377647088,0.5216223418559669,0.3987425232654315,-0.5214010264442706,-0.12372943451852514,172130,120.79,0
-0.9076175061006004,-1.7389872271999107,-0.46288917542522895,1.218643589018956,-0.04597818370601549,0.5390596432130327,1.3687793673814597,1.6426825677039048,-0.6030265287705908,-0.2800171462706204,125349,32.41,0
-0.10266209104063294,-0.26434369726567053,-0.27467466424593767,1.8542554066796233,1.3686276518030558,-1.1516951814120133,-0.016266917876229598,0.1918514853321646,0.20773105255013607,1.8903784667171257,151398,122.85,0
1.8089145420827708,-0.647047639408727,-2.0643640098420826,0.20478261029949818,0.48027334824570583,-1.0399943539450265,2.4978209731335568,0.6826707145975639,-0.4363751160407147,-1.2835790650547105,71452,27.73,0
0.3989819007023456,0.18414697291157353,-1.0295889030070344,1.3748648057082475,-0.35160886668065167,-0.20450255642254214,-0.7220075800415701,0.32627397375907247,0.7424154006604582,0.30876789978956454,97412,129.61,0
-0.9038792895808748,0.5724155825631939,0.4626498962456343,-0.15522078756021063,-0.24512443614896287,0.4994145332514918,0.686045855225755,-0.7132104831401018,-0.7199228493893658,0.5021533527354637,149020,73.93,0
-0.14098789744441861,-1.0448088943065872,0.8764050247371578,0.9019812951759152,0.3278708819310001,-1.3412389906348752,-1.6785060499351645,-0.43647845208593533,0.7478098853091707,0.49174946339000136,34644,23.18,0
-0.04443616770435442,0.9256446213940929,-0.40936692967583616,-1.5058921436499069,-1.1320056227462443,1.8255748861826457,0.0695861202667127,-1.0035544778671417,0.02597230419098457,1.0017540832268579,119492,91.25,0
-0.9128779867188273,1.2388498846734588,-0.5763752475504399,-0.590759756645964,-0.8812960510395634,0.3068882206930588,0.18215204290688525,-1.9880876600223187,-0.28874163456250407,0.27374448299441895,5358,10.32,0
0.8705556094197265,-1.5603674739430955,0.7367088777799742,0.32690962561532305,-0.6347131070612035,-0.17769501994666997,0.16303317476800286,1.342942043361723,-1.4307171397998188,1.3151355930152804,79154,45.23,0
-1.062414411859563,-0.07873579223937772,0.41081558919945615,0.0927898626410417,1.077095563366421,-1.0038763521274903,-0.7117696509545471,-0.7267288124769339,-0.33463011603457793,-0.831422286969875,28559,52.82,0
-1.2779375743196193,-1.0709069958445192,0.4852119476452963,-1.0526841721165314,0.32200322353853206,0.8373742843906191,0.46565135908335403,0.047560698397600354,1.0192567375916903,-1.724103493162283,137846,57.27,0
0.2704853861101991,-0.4444445237930985,-0.9086834411103524,0.1418231751196062,1.0167343072391721,-0.5249820389162893,-0.417821942827561,0.1181330267237083,0.26608481222741037,0.38278219277780834,23318,16.29,0
-1.125223510379835,-0.4320395395107805,0.841416382134366,0.4641663428084097,-1.0758514886645454,1.6346306453511346,0.9913282184334611,-0.2258389747187376,0.6713903526211947,0.42021824086220655,148916,100.14,0
-0.7712301662346388,1.104183382169693,1.547019907055494,-1.0996002878799076,-0.7570810272890078,-0.7942645825620018,-1.5492227961846745,0.20515135090880163,-0.6699560571082858,-0.7702468262031344,87367,86.94,0
-0.4901383482393793,-0.02419488823135469,1.6475516089415674,-0.49651981003569134,-1.0079153247547583,-0.9299023631950918,-0.8079910330705616,0.09375052226795194,-2.158654085201477,1.3072860557874673,95561,70.72,0
-0.5711359143597373,-1.0827403138959595,-1.2735293254384898,0.5091203861327592,-0.27046174039426135,-1.875769263407916,-1.140174027108463,0.4078194169483068,-0.6436118208408672,-0.7299016621789841,85622,51.52,0
0.29603307704261733,-0.19056231445700128,-0.8196131598597145,0.7703174571545773,0.6444585877332862,1.0301324566547452,-0.649696850375684,1.746350668396833,0.8903583309026862,-1.0968133397297972,17482,56.29,0
-2.414107851031037,0.6918640223370642,-0.5666837568372902,-0.1740018310855592,-1.442368410195294,-1.167971151006377,1.0631530789880839,-0.1637300052472913,0.894205369657445,0.6354757019824986,31251,104.57,0
-0.29732336269763543,-0.16934250702136555,-0.3701790106200705,0.5283203232788767,-0.806631113127184,-0.9983333049937513,-0.1092583330323754,-1.6091814348397324,-0.7458828313747242,0.8752086578241063,136553,21.74,0
0.2352897091698694,1.1522189966526697,0.33460729173072123,0.5632542222474821,0.04537160896073783,1.5372923369751301,-0.24551389015927633,-0.24504550122291766,0.6271556970171868,-1.0293442525916898,67863,82.94,0
0.2732040228521227,0.5806226194469853,-0.17235047225357822,-0.5509745875188153,-0.059998621413337457,0.14095237243740402,0.08902579478820845,-1.7643055663760319,1.1243273696436829,-1.2045434085617903,99203,139.59,0
-1.4821853974428207,1.4283383062639128,0.789516077354813,1.183939123891834,2.2210267964751194,-0.8257774299767748,-0.007687796057837668,-0.6056676727082282,-0.27938248690101747,0.7522553123968237,69653,89.48,0
-0.03083251408418433,0.03231547118757482,0.08701085412574988,-1.5003088908520608,1.0715841917546007,1.2817940401233752,0.922963130284197,0.21214545954977865,-0.4220250535832728,0.09751054913350883,122707,64.56,0
0.8867590544047386,0.37975218849869696,-0.04588609413545871,0.6984851570597541,-0.04070435093684261,0.5609648266120248,0.7425955980216679,-1.1516509188701516,-0.9099771999321457,0.5372292034595338,105846,103.48,0
-0.03360343995614198,-1.7837248880945553,0.8376658668779747,0.6060779587076734,1.7230454309708734,-0.5308499694410018,-2.6387282551601836,2.4751773853640233,1.0732643780420765,-1.278801716399097,19135,131.3,0
-1.5492571763442435,-1.402071039244055,0.9756765139022048,0.008496768138222052,0.5932757107274774,1.2161409646465664,0.7450385877764873,0.217970296988696,-0.9922562929498568,-0.6629830505226667,89290,95.18,0
-0.8712160720258142,1.0489037151715825,1.1692312249747645,0.1493582276986776,-1.6960795310323826,1.8430016269667773,-0.5879948798798813,0.15303272965259063,-0.29603385429108764,1.5131752428671448,150672,85.84,0
-0.49286894782440155,-0.3547636723554835,-0.8651977448326591,0.530406459216443,0.02226060291526958,0.473799169517463,-1.561532898503499,-0.48833616791253404,2.257643556598506,-0.8005093484439244,59729,14.47,0
-0.44707259186786463,0.4035223474539224,1.8381485147660699,-0.6178561124619121,-0.639742943448223,-0.0018163614302302647,0.200000253414752,-1.3575436031951795,-0.5057500701083459,-0.5437844505006968,23712,17.63,0
1.8768446112816701,1.9501389841750185,-1.3561861859308293,-0.4003543690904729,1.4795596456382638,-0.8529792879921535,0.0329472232809357,-1.0602884937632253,0.9033098986945629,0.6476200021253997,90773,154.37,0
-1.360258366289327,1.4768086311982076,-1.4061489758156511,0.1300595547198361,-0.029257327962928875,0.6769057090796319,-0.8762876130095373,0.5444741727735691,2.1080155188991494,0.5034609057360552,92146,45.1,0
0.5502024960264408,1.502115147994613,0.7527465714983388,-1.1071675977465478,0.6308615141807926,-0.7130947942136585,-0.2449184744248296,-0.0921137470854294,-1.0458771277499732,-1.1372991929197733,128260,37.28,0
2.2774304485560983,-0.9558825880279255,0.4942201192784956,-0.18826737596595502,-0.5193352300975955,-2.2814867670234147,0.22655692813164433,-0.11627715999444423,-1.6853852484165184,-0.4790934939934391,156896,95.06,0
0.846583985843404,-1.1479028751900089,-0.3337993853120314,-0.27218889943128377,-0.2705731251488672,-0.5539610702342861,0.8914841441386541,-1.4395074379327757,-0.6974047509898612,-1.623595401441984,171310,64.85,0
-1.2594130667061334,1.288832392310989,0.4589807688666407,-0.7608951544927903,0.389014694713492,-0.03283532019120811,-0.4921208147483594,-0.7945203764477966,0.4587485370350621,0.5802863304783322,3925,62.69,0
0.40395402073561154,-0.17727466148399962,-0.24069984410260706,-0.07678537547523347,1.3928601332111812,-0.415860853744142,1.0452748251655632,-0.5383767439822253,-1.8656803034781193,0.11052535383613904,41499,48.58,0
0.23166044423651747,0.24301756134819305,-0.5285332061500967,-0.38616817203245973,0.7531660615815998,0.8681035715646148,1.6768678201450633,1.2281747821876101,0.42562091378057937,0.25527823455867654,99085,38.28,0
-0.20291398479554773,0.011911016248631409,1.6864576165824976,-0.07665291984680452,0.20745874037010945,-0.3772980878607757,1.162971269163844,-1.7138719055978027,0.6403874156224512,1.1140167386416397,130420,40.75,0
0.5684443055946129,0.471067274849391,0.73195872931211,-1.563977616739594,-1.4718402205374563,1.0380075760552372,1.854958670656575,0.7841703447973206,-0.45551822494486627,0.7231535737897125,81795,36.67,0
-1.3588772459230156,-0.3964658820465088,1.0250078188995784,1.1907918238466282,0.2985560436456747,-0.17348709779888655,-0.8691872502256709,-0.6368916168105878,0.18188931760094634,0.37977741288969774,34205,13.34,0
-0.2527223125730585,0.16271873503280307,-1.3168186166275062,0.27876877460746785,-0.008296767619785253,1.450522400130938,0.46311275426457477,-0.7776846409322652,-0.333207492714508,1.3077344408478304,107611,69.3,0
0.8085477496020183,-1.4601335298517806,-0.7741329418493845,0.015282379148826237,-1.1990000349468184,2.401700275953115,0.526391325444487,-0.07792198916473564,1.5547203946167283,-0.17271019835494741,38080,99.39,0
-0.1913043248816149,-2.2152801156034707,1.3788866996062104,2.143941938236131,-0.7960604818251151,-1.4648418124505458,-0.025774651363980147,-0.27445964158701486,2.164244908956421,-0.5353963044999637,69552,83.59,0
-0.9849949277244419,-0.18739922090398406,0.056048946295527126,-0.7787060297054746,-0.2697969386048753,0.38299102534957313,-0.21607677801246578,-0.37407864171506694,0.09055317307974718,-0.7389867974527627,54167,92.07,0
0.21868859672901295,-0.14933523707149754,0.36451565927285023,-0.056969120818611024,-0.5353389148682913,1.2295697376796937,0.40563165492722825,-2.2091711824013527,-1.3187958655083787,-1.0752695362612872,33686,76.94,0
-0.10077791594598683,-0.3213099105378827,0.03544172970632749,-0.5227691980778195,-1.2319473555095177,0.955850235339543,0.9248266682556123,0.12289933087278894,1.0063534944894632,-1.4263567650017452,65485,97.43,0
1.3812790155589258,-0.4922168531756078,-0.3469298048582003,-1.4492623847813766,-1.3221682177229857,-0.15722128639081176,0.39839562965540287,2.2897158812832927,1.4011154955258893,-0.9822984042807624,54740,40.77,0
1.1062887100598888,2.3558211815981513,0.5456637227439788,-0.2848738330374696,1.4478452201802798,0.15953634032107483,-1.9754932184469425,0.4759445972538914,1.5931380062474882,-0.5491576679920709,10402,9.57,0
-0.7138194972187111,-0.559935794361552,-0.21094072655430532,-0.8225476864634965,1.4994799479824774,-0.1588442487953629,-0.18209288174713076,-0.39141157852714514,0.3135413242314296,0.5592161472169606,155692,95.58,0
0.5262020181238957,-2.1862932456269317,1.2492295337201191,0.7181756226947392,-0.8693294626501766,1.8510866644088677,-1.6349874115407828,0.6663654360120305,0.5675105511517674,1.319636560985864,42378,18.11,0
-0.3473828335985318,-2.706337529420083,0.9559986056401223,-0.4372153668610949,-0.017636650032275488,-0.49767185185040463,0.3141998925402421,-1.0648801703018145,0.11424141292676071,0.788832289208243,65308,91.93,0
-0.6738516881805606,-1.0372509462656228,0.08218435206775646,-1.2035116342070005,1.0179038151825208,1.3503180635875418,-1.0813463525080278,1.2159650047172181,1.4389656748742061,-1.1170227078041015,120622,162.52,0
2.710745527218326,0.3149672871517889,-0.40963582891569356,0.6319304103895901,0.11223468184195727,-0.37782606261066637,-0.6775408673369395,-1.8980068289154752,-1.0275470610602402,-1.8897882864755018,131232,101.86,0
-0.7605088480713647,0.6946885223972068,0.7973649891994805,-0.3118463468342989,-0.14897097395772507,1.181388868005845,1.9091402279460612,-1.692583315718176,0.4067717875919572,-1.692689616897721,60885,48.79,0
0.10870215281340967,-0.452440339512717,-1.2644453442892645,-0.06331025284445918,1.2541398701402435,-0.2967407281654502,1.1201384795562868,1.8489766318616163,-0.7169201450558668,1.6909878361476292,108057,90.97,0
2.9138624660073296,0.30532828734869183,1.5098862545771035,-2.008378436889316,0.7503722402808238,-0.4066943812075223,0.2835685434603794,-0.41058690883196314,0.29202958098114623,-0.2151305887756316,107547,0.23,0
-1.0635597294347174,0.36814655519840694,-0.5724991759812048,0.35431481939328524,1.228921115237034,-1.1999346291371316,0.03154723012069842,-2.5014337890836615,2.347303445208726,-1.1938568569113148,117263,65.38,0
-0.09329864965349177,-1.1391560755342807,0.8022223921551402,-1.6165321741041512,2.043336920428779,0.8058807621299916,0.5137348107254257,1.4904691702023807,-1.104405548123174,1.1176819712417643,93456,50.76,0
1.732311605409944,-2.3780539627508004,0.008367253256452208,0.13947233585003932,1.0148294955930137,2.264695928598053,-1.7848321389336013,0.17477274930612724,-1.9449974933826988,-1.022936800336293,107107,71.17,0
0.15542932766846604,-0.7993364643249737,1.337343225676158,-0.28874174991938856,0.2610553940600878,-0.003659189502331053,0.9017025681365862,-0.6115676992975794,1.0534968765614976,1.561918878692175,162384,104.67,0
-0.8184976024103849,0.47170066506263064,0.7859849751333333,-0.419764529523036,-1.302063986153336,0.09407471754184488,1.2988433100943901,-1.0655539989172016,1.1177967442564694,-1.3346374259880802,147981,104.18,0
1.7783209067198225,0.20866589896398288,0.3628097740748948,0.5197244960339101,0.9887228007219653,1.0169650543878639,0.15473897535489242,-0.43123540510627817,0.7509047693323933,0.9734650534787539,56045,15.69,0
-0.32624368162382816,0.6721549782007075,0.8968275738992822,-0.09044014699361407,-0.0820059806280231,1.8438046145243843,-0.4065951755241627,0.5341604877751113,1.6278786109198733,1.6844720456406934,117500,77.89,0
0.5862223313592781,-0.6284077786968656,0.5439072025914127,-0.05599299169806913,0.14026524728250794,0.2664700886364802,-1.4526179392440148,0.8018746827636657,-1.1374902138780185,0.9053448206937561,98798,30.31,0
1.5373575518978022,1.418906048695304,1.0862369048328389,-0.8846194576513401,1.5559924472104256,0.001305867904248801,-0.4192219442049485,0.16175678161544157,-0.20793743735033593,0.5175674679137542,145838,116.72,0
-0.31728672525244067,0.45192228339364876,-0.5059190414826519,0.8020858742186469,1.2966984321111963,-0.9861575978626317,-0.40039076360695225,1.972017468022275,-0.07055772861117676,-0.34933219897751994,1791,166.74,0
1.8623175613948801,0.6207548206407568,0.1311954893433961,-1.0657985840373894,0.06093756987086883,0.1362145398678148,-0.7367062802356141,-0.38991821436585333,-1.2965925558700746,-0.05672989255511682,156023,77.03,0
0.14563031434388482,-0.46574800840536296,0.1164369305835328,0.058636302107016376,-1.2273390978059533,0.6848528072217465,-0.999304539983591,-1.0616052669576297,-2.342592604425289,-1.2303749384775882,158549,45.99,0
-0.812941095310326,1.4200279177871042,-1.287117156567775,-1.3984252007158473,1.8971009488956259,-0.7586657293387521,0.8171274938647061,0.4137117825697818,0.2949927136260243,-0.14249119563855533,55046,0.37,0
-1.3235883014013892,0.4208790196723695,0.37662298467949346,0.1477675624840646,2.0415387843169444,-1.0328298655117703,0.2488665009130547,0.25989310171176616,0.3466491878592322,-0.07238435505768774,98981,5.76,0
1.3251467288748389,-1.0906599743692849,-1.2212586028303711,0.204841661836571,1.4468630676808638,-0.24742315559350855,0.41540661299509846,-1.4518512107532489,0.03577148065465651,1.4906929964708737,152144,129.84,0
-1.093471370461983,-0.8500241677122955,0.6179707575539414,-0.5939551477478877,0.3534992884457847,0.029667808261014925,-1.690946491261784,0.3030465638821109,-0.5788556197884449,-1.0648629339842688,5179,120.81,0
-0.6935061645722808,-0.8703736742910814,2.047406563859938,1.9854063611115242,0.7395751082089216,0.3750580048508564,0.9089303641637926,0.9632168660961967,-0.5501158333661602,1.0331298014423311,148996,33.46,0
-0.7794823967254196,1.6937662407624925,-0.1176556587864825,0.9314409093183696,-0.11533388206559148,1.3212207831921898,0.44691596437567,1.7737577394967203,0.41975843074819863,1.1760113035358766,172306,54.31,0
-2.3942603049004716,-1.106582493787878,1.2106819089635574,0.5031718775091251,-1.5375358505081602,0.011208859479515595,0.5254368627202523,-0.5161512516470967,0.4367941740511247,0.8288350125761271,30952,110.38,0
-0.665061720361623,-1.6848628355091249,-0.3731442729462419,-0.05038200548374193,-0.770776273654919,-1.6673737284433254,-1.5090713985596969,-0.7406011268317043,1.2183387261941783,0.45297851931957633,149489,108.25,0
-2.672834433102938,-1.8898526590301186,0.6849380057020193,0.5519410177573731,1.52326512950336,0.5439562748031107,-1.1590275532607888,1.7833997309211826,-0.534329789858897,0.09169732402721498,10397,94.15,0
0.6030068534266765,-2.607365529068484,0.4187914867264866,0.9414307938098668,0.31232859035487776,1.527579175855062,0.032777786295007036,0.17985213093467198,1.6000462018621546,-0.655209822500346,880,54.71,0
-1.1617333589343466,-0.693080551988208,-0.6478025583831176,0.6071424666276842,1.0545944376485756,1.6108018958066057,0.26393665724848114,1.0577714140153047,-0.1871906523683003,0.18027027331788267,71830,44.18,0
1.3221358940784769,-2.1721981398555887,0.48422590775289504,0.9964393121627113,-0.6898347401772399,-0.16362218027656392,3.348603365716259,-1.018556131618258,-1.0756098839734214,-0.6404208870560304,14842,139.73,0
-1.3222863959001843,0.7419299197089303,1.857127352943106,1.991916854002006,0.945877088714622,1.0305650779142739,0.16454179417396342,-2.19338618764096,1.7773422532100214,0.2273353340965671,21079,33.45,0
0.4274810421208385,0.5033173640541875,0.28699519308761895,1.252858569157914,0.47651466322717995,1.4479746071145512,0.5254206114726324,-0.5342345145319092,-0.4026096786175421,0.9628331054592589,11119,17.09,0
0.7065325128978275,-0.40485633234184776,-0.5233444182755979,-0.5586357890526705,1.413567135542141,2.1347220698698854,1.5816587038801533,0.002084470507092254,1.8421952379584414,1.1866951268771933,121269,46.81,0
-0.6780715284934992,0.7709815891931486,1.281290356169706,-1.1010589312462153,-0.10756692179428759,-0.510724041225852,-0.8986400523919903,0.264020624355621,-0.07837196893157541,-0.6303452609011876,130551,120.64,0
0.11039572561221853,0.7102748764711765,-0.3941851431170102,-1.5139232167422683,-0.3705398875834608,0.09504706309758831,-0.03782187326702969,0.1615110824981361,1.4626494521694002,-0.8012353980548942,156980,61.19,0
-2.6251466840968023,0.8597640647960797,0.009336717876468193,1.0217036117201135,0.4495870246333079,0.11075610779033367,-1.2733568757541636,0.8546068960015675,-1.1487348517386076,1.8747451871285001,124977,84.07,0
-0.5337959396592085,-1.074693701691767,2.158623726900857,0.9573183749126308,0.8565766520329738,-0.6362060404222939,-0.7882184938360826,-0.6603100820157913,0.4900640167477069,0.7365025695227246,113065,143.92,0
0.8723486799617686,0.9064581208123634,0.06327025484124159,1.4410872303793294,-0.8712100478333836,0.5452267185212277,-0.12227934392709679,0.7620409457167796,-0.08026196986680904,-0.6023029211286581,84142,89.56,0
0.2627492251471385,-0.9584591056952636,0.4068278548291754,1.8562165673952848,0.08192725513030905,0.31647637718015914,-0.5375786542794382,-0.6642532572330104,0.534514757201677,0.1385472842460188,158745,61.46,0
-0.1340272208093656,0.1347380435175534,0.39693032800561595,0.6054370191303882,0.8103860393713236,0.3021993888671026,0.27971562829187,2.251075143083408,-1.131722899054744,-0.1116623958038133,161929,17.79,0
1.350170051262012,-0.7874043932993874,0.5719074656654372,1.1698836145754492,-0.8399214574910292,1.7502944726179714,-0.21355145053028468,-0.7789809937992423,-1.1376621161026823,-1.219755765156648,49607,9.11,0
-0.8633452647393817,-0.4478664117764606,2.083598244099669,0.49948252728899867,2.1151691570430904,0.4611806655547585,0.14984170423104157,1.1215694359067985,-0.09962280726093196,0.6215263867946322,31847,61.35,0
0.7523837327126781,0.7952302186437133,0.7143653167740243,0.8198907713290137,0.9060775733761699,-0.8724953799557809,-0.44946328901126575,-0.7581842841854047,0.5023203703787291,-0.7200669340813771,29780,4.83,0
0.32799548371410964,-0.18819185705108066,-0.4397230014832396,0.36734144144368214,0.8165501281952182,1.7246477095904997,-0.27061445772212034,0.6900557610275667,1.419810390210501,-0.8160637573026742,149669,48.4,0
-1.1146169630679268,-0.04884358573401051,-2.651364479881397,0.28375900435247053,0.30781687016269993,0.6853908559730856,-0.5161027892668636,0.32889750446067384,0.42614888252951333,-0.8535794116265557,141052,130.89,0
-0.542003903525971,-0.3538300375674132,0.5540362197145243,0.34319075579135827,-0.5952575869087924,-0.8211550417688822,0.2892771512026239,1.236896319384731,0.2101629458907013,-0.8634552096857683,119392,10.79,0
1.016977048237856,-0.9525366662956856,-1.0456915008895566,-0.5819216119523554,1.0766907311204446,-0.7895374609239515,0.7156126102600681,-0.207773351942314,0.5460581563942406,-0.018763588806897904,18524,63.75,0
-1.16482809646104,0.16644884394822793,-2.0186914067166244,2.6263900853423796,1.187511874153486,-0.6096190325367516,0.3895892301133444,0.4342832501386858,-1.0033496551933312,-1.1121286289896701,15928,119.3,0
0.19779008194185213,-0.8668523599233547,-0.3032490294105138,-1.7227831214543385,0.6992645059585234,-0.9640399246508281,-0.08690409649534755,0.4772325426010965,1.2285581110059944,-0.27847566987518413,12028,86.96,0
-1.0078929496235447,0.18033534066391385,1.4625173326199776,1.8921837669682295,0.8691933365638794,2.0346758971383183,-0.04978266316281681,1.183084175990723,0.964817826095494,-0.5129661563748973,121118,121.39,0
0.7848440366081351,-2.5607373856586215,0.7506999816780775,-0.807719976349283,-1.1748701365740277,-0.26649806903018347,-0.20677308976638484,0.5249991699014556,-0.17026822734834823,-0.5118763410017176,134998,72.04,0
1.4804530339306854,0.7684837373405985,1.5605752701881253,-0.43242294401210585,2.3086545167267882,0.03884968559051807,0.6241530995377397,0.35751352549802157,-0.12440171553885217,0.6703439773860393,59641,112.56,0
-0.8653428321018342,-1.171445186026269,-0.8903043158872967,0.8473120418058289,1.4657229390265,-1.1745899960844401,-0.4665289746918543,0.21760749149653952,-1.3174814631539753,0.08986846498063267,127178,7.07,0
1.1336804787567016,0.803314223624267,-1.3205219933694994,1.0190393252802818,0.3157353654259481,0.03373219974833478,1.4516670425240814,0.7555796382906447,1.4591339927161215,1.4339710375230708,51297,151.63,0
0.7324278097628383,0.17203113678046833,0.1281061249354394,-1.1843033442983446,-0.2283363132700721,-2.1193174141427438,-1.4362306678780048,-2.8385384124566087,1.4152990097184606,-0.48994916779991704,103342,8.19,0
-0.4610262805808381,0.7111501569345241,0.29424384465856673,0.5607424000624197,-0.9565743494364464,0.4728564477829363,0.8604667031447575,0.15570273023912937,0.6579712844176642,0.10399284302273223,79917,43.26,0
-1.3895233522181258,0.8514881269138698,-1.1257165411982248,0.8344341544476959,-0.37265285346052174,1.186872921260762,0.2768810727622422,-0.9320451485257982,-0.006517414470083433,0.9355323874310795,136356,95.11,0
0.2528848149698989,-0.01743389694900904,0.4220952655451712,-0.5709713951873373,-0.09879459468957948,1.0598068784522,-1.858565456508074,-0.2563424691069613,-0.9205451504917389,-0.0460206842739602,105303,83.88,0
0.5841690733522902,-1.0036894036331077,0.3088505583037643,0.3455030494903224,-0.9505288107201934,-1.5979913601913418,0.7530260058338298,0.4114799149074398,0.9539254256097871,-1.722870369011317,81378,113.72,0
1.251725008565195,-0.6232291834461349,1.3966704719481913,0.41615155727419645,0.8718085122411259,-0.5718136565692742,0.1949475013950915,1.1485135007088663,-0.4622048142238367,1.1169418272806644,24721,88.85,0
-0.7619744583102578,2.1156298300625043,-0.061812190903049326,0.11385961815052391,0.11647884722620945,0.7225560564001341,-1.0144399366631334,-0.3325683248711846,0.15700766066935012,-0.5990123736143501,2666,112.77,0
-0.22645458454413847,-0.5387118965490677,-0.3877858759699509,-0.06848753462679526,0.9856467932775906,1.5075426543471946,-0.6553199075716878,0.6568888131048776,-0.8793021850031161,-0.5066053943539274,141932,20.58,0
-0.8658311156932432,0.5887356228811461,1.5215594095022018,-0.4600909201438836,-0.3753664988784509,-1.5928014285416519,0.05024439820824699,1.169812984727281,0.5770732363925406,0.780824389474645,83635,165.16,0
-0.42725264633653426,-2.612195798319334,-0.05918157291021701,1.406897570985881,-0.4487889161594143,0.19311131880820975,-0.16413527791459528,-0.36722484897914415,-0.23316019146790992,-0.06981912544241038,152462,39.29,0
0.20230619183119358,-0.13722670183625574,0.29332087168550824,-1.0915294565655804,0.3458723676129533,-0.1822320472078898,1.0610578423545278,-0.05962907594450082,-0.08827199953841072,-0.6317014554827616,49356,27.09,0
-0.06280672314395548,0.6487552978838649,-0.9869218947506514,-1.2679794614892974,1.2466910468987549,0.5897804180138457,-0.4796654842457585,1.2447029587797351,0.2606136474595177,1.186913127984178,22736,60.93,0
-1.1005653330301517,-0.6945135030697719,-0.30333275327249254,1.8980914845175216,-0.45204189636327474,-0.8272663833119065,-0.6973966756867959,1.0270726649257955,1.1816503230464808,0.22721923108182868,172616,9.56,0
-0.4096489283680019,1.1178344005497223,-1.8782850423633206,-0.0758850090057223,-0.6563073527953184,0.8501040968971368,-1.1062355369241117,0.6202628652353935,-0.4273530067346021,-0.5109283152475421,104550,80.21,0
-1.2770164449702281,-0.9620771300715998,-1.9958027274719585,0.7250777831488756,-0.4138117925724948,-0.7052072853082931,0.15083750368850762,0.289421572851065,-1.8781251377930057,-2.0035557733816094,69966,98.32,0
1.1193971619983802,1.7114227989324904,0.04352247168573978,-0.2861131818665387,0.48308155208218606,-0.7348012441683575,1.9710082512979954,0.24969912103018654,-0.34454833719499417,0.40388776644732344,80887,65.11,0
-0.5859182104515849,1.3749077114679673,1.397010385044599,-0.1187622248674092,-0.36464139579884286,-0.5164782095508309,0.05119059278271801,-0.028125561597194093,1.0462780127177047,0.3606121337222119,106683,65.2,0
-1.7749620596421283,1.8904589932744518,-0.2843518166045584,2.9236433576046594,-0.9442579500508896,1.0579866807295064,1.4693732133552966,1.9910085635023296,0.18626455075536774,-0.5000350781343038,66591,90.64,0
-0.9091028886033559,-0.8885846247569626,-0.3836559430526696,-1.4356706282952385,-0.8528469125007474,-0.22462349734481402,-0.25657186687998734,-1.7374018064681662,-1.383734202049422,-0.14170386224722925,138749,4.25,0
-0.16787406942631122,1.7741822235037688,-0.4585507594259069,-0.0006059497748582492,1.3355717456640939,-0.7518862965979884,0.6523215877051296,0.7561398271851035,0.06932722904651584,-0.4333597434372933,26937,72.94,0
1.5369656539176446,0.8724985021430535,-0.07372687895466667,0.27073185896046065,-0.6848684412770348,-0.5186825290597565,-0.1342310655133788,-0.14718020683910382,-0.575801186082556,-0.40789947711663815,139174,6.29,0
0.7501482632323336,1.7350739625142755,-0.9549284525570413,1.1636943566260185,-1.221838044246514,-0.5414145075417328,-3.464363387529948,-1.1544363373353401,-2.290442339237697,1.016708641158832,132378,35.13,0
0.8351112459145785,0.7468468106342946,1.3607188875409106,-0.2746814289546182,-0.5763845414017408,1.930633377668805,1.5089882238117724,-0.03876788383628111,-0.05514036027420956,-0.43740992762641545,36843,19.33,0
0.9832399694454041,0.33474490689279257,-0.46276538466673195,0.2884818116086091,0.6167685261844357,1.0046108680595498,1.6382717974740262,0.8688997100233145,0.4481546868619883,-0.1924687489996662,135460,13.16,0
-0.0724123388305437,0.453080074687763,2.5538507769753256,-0.4434963521062697,-0.5700110556093595,-1.3667031375386163,0.31937203243826756,0.39162402213779585,-0.9382225372182782,-0.9320937104324344,135500,3.41,0
-0.4346994737231341,-1.079576720337252,-0.5973450139299826,-1.7927773389484423,-0.32795208730797193,-0.7964832467220053,-1.2908237352234886,0.957197952550523,-1.7246659294256954,1.4193882247244085,133584,98.28,0
-0.7292869363736615,-0.2994858907916149,-1.1181528281069966,0.12505619111189117,0.7402743074915507,-0.7522027276944793,-0.7639740084636406,-0.32654796159653143,1.5891194202104135,-0.895487989493239,170371,31.48,0
0.39282746825991893,-1.4941123357187784,1.2017300310395511,-0.22794147547351656,1.098127467403435,0.46245417604784933,-0.709896877171516,1.007196913880258,1.481794247151444,-0.14071943786560923,18920,21.96,0
0.44997834134654807,0.6706143105064207,-0.2647304188936049,-0.1964502828151946,-1.6030332732404617,-0.12612173591138312,0.9300190405331484,0.23522265053781916,0.0009280943752601162,-0.12897062122852448,136616,163.45,0
0.4766029673239799,-0.1651991591304367,-0.19794763193501935,0.0017437500577992453,-0.11671585333566302,-0.047497209861756186,-1.4858237617116898,1.030720286390817,-1.6059465016871095,-0.9115217398475943,167296,45.43,0
0.4850817670641296,0.010286727337475357,1.383114541069239,-0.35974921818760114,-1.7074964018607186,1.199206267408414,-1.1948425809280316,0.8305111675805551,-0.3262748702038076,1.0670889297913346,89025,18.63,0
-0.804149961574959,-0.9340867374175955,0.3362992140090596,-0.10465753208659741,0.3625347427666591,0.9641179787064542,-0.46414185279141373,-1.5011761604116665,-0.015192818557596516,0.08759638031252431,170686,56.16,0
-0.4357300881667396,0.20493932365357484,1.02811909597611,-0.04278557362527005,-0.07948223786938155,0.5093459668615934,-0.6610991321844433,0.30384362677984883,-0.4328848505909766,0.004786978328813322,91905,85.65,0
-0.042433810079108215,-0.6542736859843314,1.0540086400609254,-1.585134907922294,0.9096334033853346,-0.16668852488121655,-1.7984327892576848,0.9253625328813864,-0.9704876395805729,0.3309799583403555,159942,59.23,0
0.14593829414477413,-2.771955630625928,0.16893599575874238,0.013619418314992601,0.5593778371839864,0.688977163945762,1.1088395013664296,-0.566734456175991,0.24107413498309788,1.8470795844020615,66835,137.62,0
0.524187842812771,0.6110019598252598,1.5657704754544142,0.3982602542700949,0.6525547024135345,-2.0311008426043244,-1.047225948178474,-0.658139936508738,-0.4586495270738856,-0.2508746320255665,10801,25.72,0
2.1416476008704612,-1.2243034100422616,0.5268665856999025,0.9013585827468928,1.070976396820207,1.4718347735005264,-1.6458644750411904,-0.27348912374257844,0.6257201014359685,-1.0235910604713228,55322,12.14,0
-0.03561073619009093,-0.6496056326016644,1.88555690356411,0.22109904676821454,-0.7457535805149944,-0.28314736965757137,0.7404995114285353,0.16988334632839508,-1.2052048365490886,-1.6547328120757085,157017,96.74,0
0.6439387932768579,2.120080771050789,-0.8194289765982975,-1.7950031127033497,1.280929535279058,0.8736605096994118,-0.13644943070021817,0.923498804914873,-0.8924315882240806,0.5420199627604748,31731,4.54,0
0.6358433382659322,-0.5547926767916584,-0.09780625595415364,0.42761023284313576,0.7805264849125059,0.5175341453190251,1.0263596583858323,-1.0024181920716115,-0.7459503488334805,1.4080099051488792,105571,64.24,0
0.35130967598791774,0.8981717905072897,-0.5679481469977529,-1.0831630529356961,-0.11114939817242687,-1.3253815025727678,1.6607573113664507,0.5184225573940461,-0.3074367120594845,-0.4949035028899289,143728,82.4,0
-0.20940882703960811,-1.1995088275577568,-0.3258272174433068,-1.3120358772309886,0.13668629390565612,-0.48895542387934543,0.10147922917039104,-0.1174833139336795,-0.018847294805892253,1.019702145935061,69427,111.54,0
0.13234650640267256,0.4257145945849076,1.1065393185924464,0.7267310773245059,0.7562579490500525,0.9518518013812746,-0.03445813279777493,-1.1393104562559886,-1.1185105406460238,-1.3494781033496248,72876,60.95,0
-0.4580818016681276,-0.008175806923322827,-0.7241092231036228,1.8959552998483071,-0.8275809136886607,-0.6923708198604551,0.7855217009121037,1.0231083463913953,-0.6980727272421018,-1.8121265086328495,127817,46.31,0
0.625675571596154,0.41097110903001155,0.7696865166227178,-0.4204702080426906,0.3968536892965491,0.09764908792945162,0.36951802026930075,-1.68577290933153,0.20257921296804057,1.1199155161717407,107999,58.35,0
0.17570045616484992,1.5160251245495246,0.7915081719465198,0.21068571346905124,0.04092265065579615,1.2408864786503602,-0.07060179168104015,-0.7072243387000603,-1.4647471302726052,-1.6603781689039856,74342,93.79,0
0.006339062362268442,0.7581642172281733,-1.2873908131155956,0.842050668894847,2.6335955805393603,0.3801476250809798,-0.007714607881930434,0.32781665767115503,-0.30002432418371705,0.645507549344076,137008,16.88,0
-0.6496037095948308,0.4259222979861098,-0.9334225378006665,-0.3372654606907917,0.5310427995074826,-1.9681574707335656,-0.77973159105529,-1.2904949773608416,-0.5570254179622015,-0.9104420481227811,60910,10.14,0
0.5911065144305567,0.6293979455233839,1.1993568052817154,0.09777900012584652,0.02873303244641783,-0.10870596845776459,0.06730853650098516,-0.0365253772178843,0.5591057512716737,-1.3435789551039998,22377,126.87,0
1.320661655528167,-1.0202632921184207,0.2637469823406603,0.6855219264728227,-0.7114214179498202,-0.016324396808585634,0.7072161673989564,1.1038456727027126,-1.4164402296194343,0.5213445129702937,122645,10.96,0
-0.09617893692333225,-2.7456138649773782,-1.4985495273716876,-1.8757841160771553,0.10031594215870858,0.42464439544068067,0.13281839312141236,-0.3686625112407663,0.316758613881249,0.5843774344236005,145400,95.15,0
0.8708227703666389,0.9910666908314999,1.06231238527213,-1.7434436603689656,0.8983899741423699,-1.2052141169587356,-1.1516548233119837,-0.48889156318608895,0.8044996096885147,-0.7152344043595039,120804,183.12,0
0.32994353865726456,1.416944415790647,0.1300507521936395,-1.0568569990832495,-0.10250103569863299,-2.2135746230952877,0.6202700922525863,0.2745640230963313,-2.5205895975447494,-0.7409703951695058,16756,53.98,0
-0.38318732113598775,0.5762891917182107,0.5616388721410351,-0.8248305767575925,0.1265758022751699,0.5602941543334771,0.3464683867756703,0.949524027320979,1.068029990157068,-0.7947757412415984,151335,17.21,0
-0.652916144664712,0.17889171170518062,0.03140678757984353,0.07520240983472691,-0.25200327546453133,-1.4056461019236404,-1.0745693863829666,-0.004630675998198973,0.3811845198003289,0.5003139998725182,67368,38.92,0
0.8454831084818539,1.4618408593935994,0.3495272676097139,-0.16423578238687792,-0.9579642225236714,0.4781317236434184,1.789809902248607,0.2679898219824301,1.6292125161872049,0.04600695950274372,18935,51.77,0
-0.3131539389082808,-1.1280032084435256,-1.2435805925398629,0.5604927050983572,0.21492205910420842,0.31745593487198925,1.4847808964576343,-0.32666937755649134,0.24390680542477594,1.3064444450055333,127401,68.44,0
0.12784040316728537,-0.31802743380706927,0.09909300852192908,-1.4525117170069197,0.40729017984017907,0.7312405173250732,0.09303681061097219,1.100805190609944,-0.5226613062439679,1.5493192818057706,35196,86.99,0
0.4278904406949172,-0.9624726036810854,-0.08877367937755289,1.5230949162350476,-0.26849202578919495,1.3659842751296847,-0.13175548147046773,-0.04228295456847738,-0.16653021547556193,-0.08565748195305366,16326,25.47,0
-0.10348826806596086,0.41384738581223823,0.46892165184105333,1.8480487909105532,-1.0397681490714896,-0.2895751538800803,0.08038464703575723,-0.30091813646272475,-0.8272827602010095,-0.2679606557685939,149334,18.17,0
0.05827433093544655,-0.29177371915307865,-0.022945369627187417,-1.4863249758001211,-0.9276386131664013,0.6042103472318449,0.2579265907812854,0.8046191409050012,-0.5746693545054586,0.8831169744224983,152395,80.09,0
-0.18767099092845213,-2.240704260997945,-0.1463497238404702,-1.7226588689059015,0.3953860848963799,-1.1958611200346472,1.4372374313120264,-0.47122908639120165,1.0457140216023326,-1.0815606171165282,80672,117.79,0
0.7329085574375346,0.4652898753983397,-1.1077794480839789,1.3518099836779613,2.0548929211131277,-0.7746394337498207,-1.2130272878543464,0.7734394070681397,-0.7498427797898839,0.4717029963654522,124110,1.01,0
1.5434928560145533,-0.044085137107797066,-0.5644887234739576,-1.4874063384532321,0.83226804350788,1.2696631482648055,1.014933397539199,0.29173388315108983,1.0933470002668417,-0.027994662283321137,147813,4.55,0
-1.5147547757935393,0.7502011249463191,0.7415899998425441,-0.8422334128027206,0.37306508381223147,-0.3167073879248491,0.7576767813017862,-2.333697974688466,0.9199342952920321,1.952967599748431,108657,13.75,0
0.8439368915533556,0.030246564855953728,-1.3755051534136362,1.4582389999776564,0.4434177187857984,-1.5988328731673391,1.0187492964379552,-0.4014666307291741,0.9183078511044562,2.706029533897661,132403,47.46,0
1.2884442493182524,-0.3232825985163624,-0.1780665966402057,-0.3749246681357709,0.016922253283076227,-0.3111015696781119,-0.3968060138666205,-0.35332277758845404,1.6229445436744527,-1.986503349512893,172414,51.0,0
0.3194002637912288,-0.08382252150196365,0.13922992165960119,-0.2299643324033938,-1.2096020723147243,1.631323419561157,-0.30192786040735226,-0.18984950649379906,-0.5650979860562547,0.42449403693020965,108963,91.0,0
-0.9862401105165975,-0.3580542792106851,-1.4577983780777652,0.47404166744638443,-1.0291173145526582,1.8727084868833057,1.8459275766278866,-0.06864817446091305,-1.4286655311177465,-0.2722843064188974,154804,121.19,0
0.5555820886501248,0.35690884921570454,-1.2778188460326472,0.6992046915510288,0.04489283262282717,0.29244500007902535,-1.996605665509153,-1.2155210784742203,1.510815752663758,-1.4959485573838136,3160,67.73,0
-1.107045682043488,1.2775301917402737,1.105992275127961,2.2415248891363353,-0.526035410543114,-0.09813477721354251,-0.10761161055418907,2.1765200188422615,0.29019055987471154,0.5890072169265037,44941,61.42,0
-0.13113753020334493,-0.7686428049614663,1.065656889480043,-0.8727574584469666,0.38356194091782453,-0.42735477156733853,-0.6853238042512505,-0.3625615342725832,-0.5372557691775579,-0.0375433134677038,98987,106.1,0
0.39481127114609077,1.0276043614011736,0.2051467089084181,0.6317300774434418,1.042633726726367,0.5452117833780047,0.895391616734342,-1.0662161178740919,-0.9726621784754295,0.42654306947961973,49813,40.92,0
1.0793156564321207,0.21987736302336577,-0.11692604177865809,0.38081451436146924,0.08305392239553691,1.0031092236552357,-0.24025083398316924,1.9350660704694875,-0.4255398468447668,0.6994306655514775,21816,51.06,0
0.43082100300788273,0.19639460501018827,0.13195730132923905,-0.5277557779093213,-0.5381248125411486,-0.21728489411342772,0.28761068318139993,0.1691225778872879,-0.5898481501910621,0.38089502373638096,69120,87.24,0
0.8310318576679744,0.08651079078729512,-0.02445181874660751,-0.6565002496297772,-0.8283518347780123,-0.2117500702369409,-1.739944109395562,0.16586216533927917,0.41069690294990724,-0.25462918892448727,42492,65.86,0
0.4730871980274752,1.585261214185287,-0.4166701786760665,-1.1017697820638563,-0.1882595699986947,-1.8671131949710573,-0.39631460366720794,0.8872303394087334,-0.4908452588868067,-0.06750132489936538,96877,18.46,0
0.2818085486835521,-1.1871973989673668,-0.10907494897522228,0.8420329513742077,-0.2130715064595033,-0.8726362970777095,0.5422521181730343,-0.033458182865172006,0.6846572976787832,1.5260231115760525,48594,80.96,0
0.8956052433143455,-1.5410729965013943,1.6225141380864172,-0.5169366321571809,-0.38217871638453405,0.18822870450322624,1.1494175066197203,-0.5746472033798045,-1.3486478142291687,0.572176861951548,154802,41.42,0
2.214152615791911,-1.382761606092826,-0.18284989730929277,0.09815085455588131,0.13118245451661864,-0.22516646161696247,0.07610503795522071,-0.7808047943841131,0.4917765263340029,-0.429833402121636,74916,13.47,0
-0.061515679604637406,-1.1282107057057502,0.6370821002889959,-0.21604828844197785,-0.9055018988524346,-0.33304779270025175,0.7097971440979943,0.19076806633558357,-1.3889660989063581,1.6871825137981735,40986,79.24,0
-0.15323096025821417,-1.1446002377868172,-1.41453231794403,0.9991091503153616,0.09120048177827504,0.5913091627128223,1.1514860558300648,0.9739033630732511,-0.47580548644841225,-0.8668901356360447,20715,43.46,0
1.2609373235629844,0.9272264856887904,-1.518387969867604,-0.7566448990662162,-1.5992377860316624,-0.2371220219746366,-0.4149377540747048,-0.8220093221674613,-1.3801342060809683,-0.3045442619807242,1626,153.78,0
2.5870322198688394,8.628126946612554,3.2675581281604096,2.5357493593119043,2.0790357241376656,-0.6570524705512812,1.593500283599556,1.833812523285478,3.0423459439743867,3.7863218505153395,94173,229.92,1
-0.08879644771250095,-0.5813184819652049,-1.0092825292493772,0.12637955438925474,2.1608580179991295,0.7449042996231737,-1.2379462244525308,1.143626765206113,1.1559590046192088,-0.13602609585506148,140311,55.6,0
-0.2703965558033584,-0.3338888115114624,-0.8424439549307043,-1.404422165727381,1.7247093557298234,0.21115919722700519,0.5303626435766918,-0.801352105736755,0.2948427305310591,-0.3872846779757461,46516,19.11,0
-2.3721955280635143,-1.1297953982960518,1.029429576063878,0.03550216547330453,-0.02531306491503976,1.8297175914563026,-0.8679399238070749,-1.4669032492321297,0.771558038287678,0.3572098059635694,125317,30.25,0
0.17657335845371103,3.2710261222145895,-0.90373155594632,0.1284661957907744,0.4286958236309989,0.2108538821397784,0.1783199481710177,0.7573420163106529,1.1737933114526904,0.5818299961604526,55632,3.14,0
1.5902188056217794,-0.8676236302270486,-0.8138632058517464,0.2369925033993263,-0.27946746843937065,1.2752445270824715,-0.24471060419017762,0.8287501213863547,-0.13070644640922346,-0.29615865287187165,152788,47.74,0
-0.3509523822179781,0.2873807096435505,1.4036069779001006,0.9973017483090362,1.4611863774716831,-0.049924253849210225,0.48314100447964037,0.8685007758332745,-0.34463410504523045,-1.2278508697982187,581,4.0,0
-0.8996947864877538,0.4376733001931063,-1.0115772295601961,-1.2015302922969298,-0.6690360998432168,-0.4471600929352337,-0.953536225042117,1.1107855536288451,0.9357709596591994,-0.6744332340548242,13957,159.43,0
-2.0224470560434793,-0.9116623761687532,0.35211206671516615,0.7999894536344173,0.47543801152736886,-0.6400071964123158,-0.08667204281863797,-0.12957027610366778,-0.4436544302961796,0.530607261896298,150666,92.65,0
0.9785928636649645,1.2474263368236806,-0.7257523615820294,1.479676229538824,0.7330668744518097,-0.2576174385184792,-0.6612963074234078,1.7591251053166241,-0.7822750809531416,-0.219771116364899,81476,89.75,0
1.5777682049318862,0.288838351659376,-0.4720196132820156,1.234957559704117,0.1836091643903449,0.5549436020159315,1.1912459471962915,1.054366605749951,0.7601465008328266,-1.4866593495780485,103497,91.32,0
1.6573761202324966,-0.5901104521574382,0.29043551568354414,-0.1994300133196385,-1.4319592779871635,-0.22196226411320275,-1.214178645408349,0.8955126840553808,-0.054268661466530005,0.5276492294395427,42701,122.02,0
1.560350929874458,0.4671358779052533,-1.15910158617657,0.0014799911868473672,1.9302257449578126,-1.139342863562576,0.8339156073670567,-0.960012638564564,-1.156009298929351,1.8613987101536156,94555,128.8,0
-0.45138445096439517,1.2037821530254462,1.1304778427875717,0.9903103808232961,1.7691491720192023,1.7385527334330635,-1.4938622600260905,-0.48470199686700755,0.9503477404275608,-0.9752353352129544,43362,129.06,0
0.45677523755741145,1.10767733948376,-0.7328693832285884,-0.36856355032623145,-0.1082884491284303,-1.8860080994642394,-1.7598693468907316,-1.881798783827629,0.15690301812096166,-0.18377406582955785,115666,43.0,0
-0.37615607123009925,1.1175741969331559,-0.7407666037645421,0.34897655666905963,-0.2386592809807474,1.9947695091303101,-0.5456676795894708,0.1543587983684132,0.25240244191033284,1.9398514095724797,95537,139.13,0
0.17651242137244696,0.45108728370382206,-0.8739588501228821,-1.7162979065411117,-0.6748476301615814,0.534178492770258,1.184216753372284,0.626122498000675,0.2559718188221542,-0.37922892403964115,20857,62.56,0
-0.35469730295967755,-0.6606769437718044,2.186975838944824,0.4617834597028763,-0.6281588840050212,-0.16996000108804354,-1.2042226660064455,0.5337233677588661,2.2315060943912,0.49097338995080253,97521,39.22,0
-0.4922470887653863,2.018265543792186,0.23820065406201246,0.02869810907939372,-1.2278674758694206,1.0950296864122153,-0.4019966628843163,0.518839297423519,-0.659762603916201,-0.6635553216637243,131267,64.15,0
0.04655747332786092,0.18975656116265244,0.21151001343247092,0.4524121180479882,-0.9935947844455818,0.43824999207384374,0.6486250001408866,-0.07206016506412331,-1.0604172016282292,2.243737498763577,48757,47.26,0
-0.2020832453894041,0.06718110965398118,-0.5223663592412943,-0.3148160501574753,-0.1861303750295191,-0.6447890991508832,-0.6369474516701604,0.6641952602101026,-1.2643871485968394,-1.0170042940312893,47356,92.99,0
0.9766653699781299,-0.3425208486993877,0.32685174780732407,0.7515831891453333,-1.0152870625376953,-0.6472316003921244,-1.1216693928988264,-0.25852413317629186,0.4458134511265785,-0.2083146101262646,147567,6.74,0
-0.7517558478135002,-0.7754071240103536,0.7804109582286599,-1.032269284653827,-0.028608035253771327,1.084506292594542,-0.32372757574502425,1.3218699603595085,0.8727358859610387,-2.194396320375672,82735,109.47,0
-0.6448603066373296,0.021307490355111102,-1.5326744568471145,-0.5061532507485986,-0.6448433076577283,-0.37348301519567256,0.7629758049383263,-0.03220238067506169,-0.1573611444875172,1.9728806108593426,12201,29.6,0
-1.0150679057288161,0.5052675159327706,1.970489965483977,-0.20889954259591606,-0.09841108339228836,0.044868391828119164,-0.4133145546843729,0.4876358673632559,-0.4369081798358277,0.7108772807530618,48373,45.79,0
2.3659160416623375,0.19295669164834894,3.3775037964858488,2.4591132323196145,2.436755164054828,1.7154272016959795,3.9328106571890205,3.8632701326735206,1.707329701774454,3.8888254098965396,35387,818.72,1
-1.3936724843661716,-0.48464418961570654,-0.11872731090036714,-0.20423520028514647,-0.30194192968056843,-0.58350693521321,-0.8145328971779466,0.7767592190756132,-0.876318380547652,1.0268066591088167,153955,135.48,0
0.21550796930175647,-0.46257884728708454,-1.0776281570995785,-0.134081600136371,0.0235102160344747,-1.0134498062366384,0.9215585478072225,-1.3418702060347765,-0.15716025596311492,1.7892149505518984,91297,60.62,0
-0.3161248719684872,1.1154026630969456,-0.9002499779015097,-1.3775070628614443,-0.34246810901656316,-1.1110476260097948,-1.0016471429923817,0.4755862016210518,0.37925368085942046,-1.0325261827033747,111651,90.78,0
0.41117191801596314,-0.3898055114207521,-0.7354473192398943,0.2212134023925114,-2.7552720384017504,-0.07887896045994186,-0.15023782779481346,0.2257386156202008,1.430705961844089,-0.8073484326159717,143058,34.55,0
-0.9402212089257169,-0.7731951168428768,-1.2547474783141723,-0.12364729817898791,1.3076327075146146,-0.1422319096661238,-0.8827804411640898,1.004099941609387,1.358557520061708,1.639486121755516,51986,63.08,0
-0.2792209192116837,-1.872175740870574,0.9147117138182644,-0.653084363289755,2.4468137784045276,-0.9051211921136186,-0.5473719527864093,-0.13921970054550584,-1.4594352633378065,0.5585865017705944,121273,41.67,0
0.8631507387041388,-0.015778920372960952,-0.12982798084619354,-0.06800295614891692,1.4992207445612984,-0.9563102826787476,0.8491342334587156,-0.2213257536248592,0.05414915556033511,-2.5605694936354313,76379,76.87,0
0.9277423995512052,-1.8717014863994363,0.5840404092553264,-0.7970651518496797,-0.6143999346997633,-0.6174452680015198,-0.6275161006155908,1.2494839889235163,0.22284225276370054,-0.35570841305476086,93816,46.12,0
0.8256709533036595,-2.1236374590429308,-0.9509891188661246,-0.29295825063128517,1.5436493173836279,1.0351563820764538,0.22708266031656085,1.2197780781704188,-0.6790998026295231,-1.5655990512932956,29595,35.36,0
0.5872591668027922,0.14549304703531002,-1.1958784811411152,0.5721382598965082,1.0596706373498608,0.8321256133403738,2.2145715499047167,-0.31401492095391714,-0.7427498001575039,-0.982835591885607,8905,83.71,0
-0.7027549598212041,0.07796139746004017,2.603367776807639,-1.0601648717930052,0.9074537832020062,-1.0565776549858756,-0.025118668810001635,0.34569911539018205,0.2746371407375795,-0.6043331008118875,9366,30.21,0
-0.0005630971229588082,-0.1499356004675666,0.894927691449249,-0.5428908598510445,-2.0512894560470265,0.8723620916133091,0.1350068014099521,-0.13634784988823664,1.1668738348254042,0.35162021582984043,106718,163.65,0
-2.1864419787505676,-0.18886884930447648,-0.22405070623448545,1.1505847769930262,0.42931973242657484,1.1056204534738094,0.1985366301126829,-1.6525801830233464,-0.7629277049158304,1.8691265476567591,40332,78.47,0
1.165672089883819,0.24113969200002205,0.671767216587465,-1.7886553840741175,1.2630383091265882,0.05481648840917931,-0.40024852714514314,0.7316711165043761,-0.5956818560191317,1.7532386824888369,41567,112.07,0
-2.3336161198483047,-0.13515360703241588,0.6902464768688565,-0.7039057844255335,0.7568735811344582,-1.8761051244360556,-0.6707491071343745,0.3941902562441439,-1.442393178804421,0.8934604037246472,3169,75.28,0
0.379280034365163,0.9739963377594865,-0.3512489188342415,0.009509733763120209,1.339640980170873,-0.6272044142101095,0.5066238221933962,0.08679703872625545,-0.2062188683916423,2.0944231272463436,20522,70.55,0
-1.131986440076961,-0.5898869406977998,1.4436993029476561,1.157913229285114,0.029525586982039678,1.9451392467373763,0.7417667352334982,-1.5638245855746444,1.349042649955008,1.263976740839579,106905,82.66,0
0.7889078833832395,1.610900936414377,-0.016047624083348175,-1.0993684032486915,1.0857067433050347,0.8902492470005642,-0.4667295584178887,-0.5839592746330499,-0.7115415131438088,-0.8453576420142344,63951,61.06,0
0.3283679728315381,-0.9858749749925457,0.3701954570502046,0.32693841259627626,-1.1940026559300008,-1.0809702299310213,0.8024398202466396,2.7556600769388497,-1.3213016361473675,-1.0539723503090106,164076,67.63,0
-0.24389611017733773,0.26342526165215957,0.5951580064168556,-1.0589409410746784,0.7187495993359789,-0.6557871985619501,1.4218632908329962,-0.8395790388192566,-0.6869180063033875,-0.4648698582670759,103665,38.68,0
-1.034720990684745,1.5922151357590542,0.15919013688671996,0.3314261788667022,-1.4853557940785214,-1.0783344411088136,-0.4822764307618817,-0.2717167640385787,-2.2829303943290142,0.004378883468581051,8802,49.93,0
0.17739611463694044,0.07049622902116384,-1.5623034869241608,-0.9799554969846216,-0.3350126492563195,0.8304809096249848,1.8334897831382375,-0.06605054506465012,-0.15672692422573775,0.10815078796415663,94306,39.17,0
0.10964775457400863,1.095154081312597,-0.9402498860287901,-1.0968717286729208,-0.022957713448647867,-1.5924138728455486,-0.775160773504345,-0.9315253339782039,-0.8739009973194991,-2.612979871554942,169195,146.03,0
1.0258368428852387,-0.44746363820648183,0.4566798597822596,-1.5457995959993576,-0.8808369978340781,-0.42703177324196284,-0.6986386403809086,0.7140293486548338,1.2660723566460805,-0.717567831748084,165449,86.56,0
0.29891815258415083,-1.005551940894921,1.9969673332808837,-1.3172151395967535,-0.5519253764552517,0.6792928806699192,-0.1224741611083615,1.3786171322498553,-0.9107372361165283,0.15433269245735878,123588,23.43,0
-1.7669618981300543,-0.725816694733224,-0.3236609949936378,-0.2254323493333833,0.9467723175007429,-1.8662826499564005,-0.41681037307902324,1.5668289286788983,2.0287840197222775,2.124860721433506,153270,50.72,0
-1.674682944704357,0.37606959632077114,-0.735730079845125,-0.12721579085987272,0.8923365371309138,-1.758971956244352,-0.5448084577894607,-1.155563556469384,-0.1874151201715186,0.8438039431844434,100199,57.4,0
-0.33683196764059287,-1.1905723361133103,-0.6276378166392172,0.08255403862031813,0.43885744620613204,-1.6106862643973994,-1.1235660822700946,-0.5279105176080685,-0.5551659326955121,-1.0191305569995923,106463,122.17,0
-1.7598157076954657,-0.3322621562870741,0.8484918490766015,-1.8701009700242799,0.9629767549865628,-1.0114087245217422,0.621047522315453,0.5748756443304629,0.009551426053599474,-0.8378358170424968,103930,104.24,0
-1.3308772526134907,-0.6284376011821333,-0.11001679075579433,-0.529343696373306,-0.6860524375559527,1.430960798903887,1.1272032556361231,0.09404975834877029,-0.5406892222044034,-0.01749288903314526,3220,44.69,0
-0.35626397106142593,-0.7781238418605918,-1.2082799446658605,-1.311295235043519,0.19150096520412463,0.4906354877829783,-0.2772194429010776,-0.40040231411261007,-0.5208285243553756,0.373390296271696,121649,43.65,0
0.09425260067461938,2.334564672096318,2.396735452805668,2.1657024085478347,2.5904540380696823,3.549385662969541,3.7318812702383592,3.860568270792658,1.7569287447128255,3.710545896159309,164965,115.35,1
-0.5778941080776558,-0.38668364248828285,1.883520630344044,0.749123171936581,-2.353126700695092,0.543840195833846,-2.267723774874389,0.2232069942456298,0.617238349663786,1.2806739674692367,128069,80.82,0
-0.5294394273660737,0.6407851342526418,0.19835916731883396,0.5362626134211896,1.0440286746074332,0.14768445341955216,-2.506984949377617,0.03853644025176734,-1.2548093171430834,0.23040640029562715,142362,38.4,0
-0.6332542022735941,-0.28709680819556727,0.20660912772278656,0.37837183809975755,0.5766508774815967,0.10120888768253983,0.5243018505118624,-0.3305206589480768,0.39693500964271855,0.23454689882099913,102684,49.47,0
1.0090998037340055,0.543989614322619,-1.1174080437839402,-0.3444752526824457,0.6021841188704216,0.18846376020872843,0.9197421761773324,2.365518690591278,0.45521715039868305,0.7647138547870075,47112,30.21,0
-0.3032016167104975,0.376404571487228,1.6929100451277126,0.4008358768586728,-0.886835469363095,-0.03415781455662669,1.8736840023769148,0.47669009632447673,1.1439827552857997,0.16165649612701868,115333,102.29,0
1.1755065765087795,-1.6864767061901427,0.47173358885013494,0.9032884854472796,1.1106758318223067,0.8918089839532661,0.509382352476045,-0.6318116615997146,-1.2217581248342775,0.3768656014710046,46549,66.84,0
-1.157464632233422,0.6195652061255426,-0.9199898521685768,0.8635637640731639,0.6007195192940576,1.0285138034825314,0.19007162049412393,-0.339844025746576,-0.311084075317558,-1.3910844683589458,114213,82.59,0
0.2907331778668224,-0.4349584991361448,1.3096837866666937,0.4753228728787888,1.4846253176907442,0.5944601425890348,0.2345983841880882,-0.23444276910095033,1.3718249499584527,0.7636980516416375,76417,58.68,0
1.2645398093380364,0.6328391323516083,0.8361981156808681,0.549680819551018,0.4205470711980352,0.1735565456780371,1.4230025211446031,0.8603148480810332,-1.2889769338889,0.6784615001465273,106932,38.21,0
-0.3573050602668157,-0.9063114929505052,-0.7721580889089049,1.3626477430072432,0.5958794839967012,0.2088087895901322,-1.559765177706711,0.10239317903487564,0.9630393913782946,-1.55939818152205,171883,28.95,0
-0.8378232587776496,0.7456286069234205,1.882649022652715,1.1951523047116783,0.005199805047380755,-0.3804336676494567,-0.15997764201790937,-0.9397245366807451,0.1010516043613916,-0.6622114464270136,110210,13.71,0
0.8572103535566122,-0.7853075926357327,-0.6372689125085526,-1.2639640425647631,0.40921340922016064,-2.2789096198743364,-0.06104329600330352,-0.637248639115465,0.7680074944198942,0.5119388713806939,22065,106.71,0
0.804880565862379,-0.13771144078056718,-0.8156314336465517,-0.6106781375454329,1.6443667017663253,0.3026086064649067,1.075357831302598,0.6197110916381202,-0.4886555691111665,1.446075257271749,13777,93.69,0
-0.0700128588128004,0.9194127917400996,-0.5476235858870058,1.155079972198554,0.7027957889554171,0.0598934763794693,1.8218176700575637,-0.7989809406903704,0.08226475526789141,-0.387795742904025,119076,81.93,0
-0.862317959475543,1.2551584167047227,1.299978352877571,-0.40531294279036817,-0.09315079590371105,-0.23527693644343234,-1.7165494643700052,0.04627943863364253,-0.3100337841011353,-0.1663337024083078,103028,115.57,0
-0.6989304285787463,1.528560814293865,2.237948634987012,0.18647871772474653,0.35854847957007036,0.8630743996890041,0.17099299947760474,-0.647403208316686,0.7947747084426946,-1.299819371680694,157561,18.46,0
1.290563762321174,-1.977278725367363,-0.03351279066031383,1.4717692554955328,1.2509651170851321,0.24072029057980024,-0.18048978867265256,-0.41115292673516884,-0.3744837377130308,-0.30343730469451474,161944,64.18,0
-0.21379686184995605,1.0719029561826579,0.370535869983591,-0.16122438970404027,-0.5881620731790873,-0.22878477426350974,-0.7101344212026242,0.5197099153709491,0.8527652693212926,-0.1288417724107072,66373,182.85,0
0.23838837483742528,-0.798145704786435,0.5227198195161272,-1.0374629818467107,-0.6928048343248164,0.9349397421295044,-0.543533987728597,1.376811034385401,-0.8672243261763762,-2.423911792319986,21698,5.22,0
1.7007927584283167,0.6587202870170907,1.094452751305546,-0.21136299086311158,-0.3806317984682371,-0.9483437679172113,1.3823500160221647,1.0693485294074356,0.8783234526312093,-0.9941216954839313,96702,107.74,0
2.234386246197682,-0.9199801110736965,0.6697540967119173,-1.5880746611426133,-0.5863770982292038,0.885652357796067,0.9197111524363613,-0.3280865836401776,0.22440400890550274,-1.0428449211072408,8808,10.48,0
-1.322541133291679,0.25234583134144734,0.256758680037918,-1.548448185724309,-0.47580856553524736,0.48714327582592387,0.6546278576634222,0.8361872566323788,0.9364046444473557,-0.7068766024905784,8662,58.31,0
0.6319814837613953,0.41949727230971495,1.2837619981986996,-1.3885034680553712,0.20558978991522836,1.1641596759081714,-1.583458314611133,-0.9949014358070649,0.04971486740099717,-0.6070525352580859,135606,25.76,0
-0.6560549366409674,0.5092479844130853,-0.549076801348817,1.3591329351529602,-0.3865617068666497,-2.0064766890924717,0.20800651207418022,-0.7931730739628388,0.7021749726867456,-0.14620960696297775,5309,81.14,0
-0.7130470816913138,-1.481330060750137,-0.11452238658911257,0.1698149087460972,-0.09295634716808657,-1.8314276438450185,-0.183911446264022,-0.9993429564855663,0.7177353983652786,2.0249306714685207,63637,102.26,0
-0.7487496239809176,0.97016147340598,-1.0821792162311863,-1.8567648392517488,0.20080005353029065,1.3856036200707256,0.9554674042059295,-1.7538716759368522,2.109694026292603,-0.47316569709329237,43567,134.61,0
0.33051952858759515,1.131357152253318,0.22575734308475232,-1.6160314153060262,-0.14963223702623105,0.7610085137491102,0.532275195327016,0.43817795148010885,-1.2531208944142564,-0.6300545519038995,84636,7.62,0
0.028326745082940964,1.4577866947114024,1.5860829917212003,-0.12745498183776638,-0.4314666628634145,0.002688761079135327,-0.2796130949882382,-0.2328965247489081,0.34298750097849007,0.21348459707040487,96332,74.73,0
-0.9978519832440257,-0.9564958135763623,-0.5076045890756089,-0.8240230918979533,-0.5903437345466456,0.2233861673908023,-1.2033677359653812,1.4863562532722312,-0.0064004825718728,2.0721794930005473,38797,32.88,0
-0.9021111381810512,1.4393357712113763,0.831128435248732,1.3931300958495347,-0.04902651446550974,0.0849512252956204,1.5759730544406805,0.6562036422686036,0.792958065081439,0.3886090982925568,58202,108.5,0
-0.17040965723498214,0.041854475782477606,0.8563089769555172,0.6577317221526706,-0.8787977624358302,0.7904233388065749,-1.0302900122685545,-0.5327188464388023,1.373227973932898,-0.44068303539509135,153009,62.71,0
-0.5419834002261925,-2.3457882425033967,-1.0008446353161848,0.5893799496663307,0.18097619503380905,0.5308585534158851,0.9806992297503594,-0.06052317834967995,1.0830714105241273,2.0047038339048258,103846,84.83,0
0.20864958187336902,-0.7333943346780494,-1.751083332544723,-0.1752459622572007,-0.6305668668769702,0.8859025023975043,1.6207805462828389,-0.9950616743737619,-2.989578011424894,0.5076872817432933,4764,19.21,0
-0.537193794013418,-0.4864223731992286,1.5810486838718745,-0.4848160224983458,-0.42240938607498574,-0.9987640277111334,-0.43431367790342057,0.043926750701900386,-0.24502779483301793,0.739812557465597,104716,9.64,0
0.3662095977839374,-1.7407964313462736,-0.36521353483883495,-0.31132365148330604,-0.0317934801752158,1.4186848416533524,1.1315186464293339,-1.3214551080512802,-2.2177795907900246,-1.667088650245755,82754,67.43,0
-0.7449829387256415,1.3603397390464533,-1.7178022574219018,0.14429414671802135,0.8977163887565969,-0.9484645024773715,0.7735345476277582,-0.17480264077171226,-0.06385487022874688,-0.0020488713138951476,63547,4.31,0
-0.0870941710525099,1.7810384592422948,1.3577775503039997,0.8205715980149013,0.5202207318217247,-0.8584541774142377,1.139895716484215,1.1065693875550762,-0.3342053550406645,-0.6335362533847688,63988,25.08,0
-1.5510194123480547,0.5760695035613909,-0.1262443794347809,-0.05724467103893545,0.2066966990397588,-0.02466706650849419,-0.1506303851819964,0.28843694914343077,1.1267750377257553,0.30417013262215786,73107,72.0,0
0.08650554192146179,2.0448232484766464,-2.210453013719917,0.5808514262675121,0.8781589390245036,-1.2385224069905463,-0.5078024528610549,-1.5996262123375495,-1.5752630524062563,0.6388044166926403,8758,52.58,0
0.6877611315998724,-0.05593699406042271,1.8856916657855893,-0.30577697857007885,1.761776380570226,0.27106230479769955,-0.1038072677758833,-0.9489219084819344,0.9200448228429111,1.4035620807617626,160723,103.25,0
1.0275810705538218,0.1971032508712023,0.0007737092347416462,-0.1284392189010354,-0.8126900381023642,-0.4240967305005177,1.1368784629352133,-0.2927886495314505,0.013206231441296245,-0.9888381064769283,138580,87.48,0
0.03461187418525562,0.33959262325518413,-1.1296213957403316,-1.606958648554557,-1.4083867417457268,0.11599268331242134,0.9769329535545207,-0.6063018370462037,-1.200108832618638,-0.6315722424167979,10987,105.6,0
0.3951428190317255,0.4211790836642261,0.8277869486931466,-0.1550997518988721,0.571546927498214,-0.9744208211297134,-0.3254016938072328,0.41679814012023036,0.7637748618725383,0.2087132728829837,158603,191.25,0
-1.8721555024333958,-0.7422666371576447,0.008549993368803353,0.27298691446528606,-0.09789526633794199,0.2400592169169135,0.7753879530249121,0.33619092142482637,0.8501982731703276,-0.5818585478015926,47390,130.43,0
1.049498605863319,1.255577365919383,-0.08251773581560166,0.1997693346557936,-1.7472963330080853,-0.24576680857540925,0.9620453857951156,-0.1685167519008272,-0.8657046299337433,0.4454320870708444,114162,13.02,0
-0.05594543204526823,-0.5637251508977961,-0.6151135089253357,0.9277246199991376,0.7717204779815932,1.9186766979070913,-0.7767195791594936,0.07212942105984083,-0.7616244905462519,0.9208545677634594,85349,43.99,0
-1.036581974869657,-0.26762706489607857,-0.7245001919449245,1.7942556034087618,-0.5683142343850899,-1.9226590871263654,-0.4656434766159591,-0.45985018990876947,-0.8927195023914479,-0.28598672474771214,7733,64.93,0
0.4963430343407315,-0.21424454337091037,-1.078000520781157,0.5915300455287251,-0.03291885796166941,-1.168815021306427,0.19052316423886367,0.4332548398713689,0.09366393893363151,-1.0428611542941548,10306,89.63,0
-0.8158266479844326,0.5856056418097813,1.276112040946416,0.32295239904683726,0.025515733053315382,1.3264632501254123,0.04436941260527091,-1.0382368027563182,-0.41937534625298833,-0.41052399095413955,107636,35.98,0
0.8889831804046482,0.27388393825968216,1.1098307622400312,0.15911155655297451,0.008831265167877921,-1.1365664917078266,0.7720274578280699,1.005090050142526,-0.8227978596840445,0.44869396883061524,25169,75.75,0
1.286842262645503,1.4933015621257555,-1.208274239426054,1.164911805425043,1.1975696644619034,1.2285868990015936,0.5864539004248975,-0.5037487892325586,1.7539889077572322,0.7653524558276451,150311,16.51,0
0.3636981503429628,-0.44008901058713173,-1.6877105518433855,1.068694152984698,1.1145464908808873,0.8056969918537202,-0.15928693035016447,0.059754747080010516,1.3584127442822826,0.6285133389776545,139530,119.38,0
0.13512345186808206,0.02825537151004551,-0.004185755631763539,-0.976012785247359,-1.3872916243944506,-1.052752429848746,-0.2246664296224891,1.1596900696096821,0.16409743180842784,-0.5847622342594385,5110,50.26,0
2.383861037981873,1.6440363153648863,0.5334715126139251,1.6991394429299576,-0.3603393634785457,0.9780680215002732,0.567917243554962,-0.20815442374982535,1.3886288002115532,0.970461195253394,40222,102.73,0
-0.9568367128796466,-1.0439156413224373,0.16259098091505825,1.7725229312021364,1.1117366588484558,1.8632653870515217,1.3149585925659324,0.5155867110692699,0.30125857923473665,0.18197589191340083,54641,37.59,0
-1.2490599706780527,0.6589105844808723,-0.588239627656815,1.8447544275590961,-1.2750176995541036,-0.10769717661993422,1.3690197450945223,-0.40676118290816987,-0.006368483387044048,0.2846046563865596,6968,155.03,0
-0.3644382522644612,-2.624166777501417,-1.071285176723131,-1.1712941449900325,-0.7567908029698762,1.3506077790068294,-1.2530131170349816,-1.3161519694282937,2.0015801794027412,-0.5341729327699072,2330,116.43,0
-1.1195358752705262,-0.3266233335678035,-1.1858702302449369,-0.5820466821120768,1.1593477099943326,-2.555385109746432,0.3027379760219803,1.3045896367559764,-0.7516586592725796,-1.7137276892686975,134917,57.65,0
0.018394215571319834,-0.5739401636994166,2.7664660844189584,-0.9652899528193466,0.9034142970324087,2.000043051616026,-0.53187280761424,0.2813494378557904,-1.6249843063877973,-0.19336847631131068,148911,39.88,0
-0.9405302155012165,-1.7104680495732754,-0.15851239056647382,1.8632268318922425,0.4614141144174627,0.08546782653049174,1.069907079610106,-0.9203076446654892,-1.7151792937848362,0.40667654278738785,69385,118.44,0
1.1280188573493026,-0.9064739494733817,2.289500615345755,-1.1285935447092847,0.43007319551003853,1.6525980907904427,-0.28710385543127714,1.159968600736047,0.4917148241690525,1.2621890224289114,9619,111.51,0
1.5759202885453896,-0.23689755911329374,-0.12682249565295442,-0.45830461983435805,1.2469812480386824,-1.565254879742549,-2.0506727984488626,1.1485122136202721,-0.5644482353350836,-0.1568147358212688,32736,121.64,0
-0.4136052427444181,-1.3846109480343132,-0.842997370727137,-0.8056814382575295,-0.7880996460025648,-0.2103993839063989,0.12073678746008046,-0.785643325957898,-0.08269638676660652,-0.7030168440471263,11092,32.29,0
0.010335563182354726,0.013401858218038697,0.11722933166872415,-0.12413086991404836,-0.22909546546596546,-0.29175590535344303,0.6084165385236938,-0.14470985465298405,1.381603501781544,0.22726925703470077,41221,14.75,0
0.30155230681290407,-0.7279804853641153,1.002909868948078,0.3912241634067323,-0.19463879219903518,-1.020309329123823,0.4460781015553971,0.8302471629608877,-0.04466526604695687,-0.25805062781809435,109690,63.2,0
2.809568970096392,0.14948410073950924,-1.8833284012268237,-0.11277205354628778,0.0676087987782057,-1.028369474092998,-1.5852258742991647,-0.6233268130365852,0.34704920242433684,2.3644648274757833,114384,64.98,0
-0.8275842407346614,0.3316965787145939,-0.23326820845256688,-0.6739036885692954,-2.2351762984273305,-0.8185056976526855,0.6995871716246348,-0.578944453594594,-0.030384631308841555,-1.9069103920653319,133881,34.15,0
-0.5911034251911056,-0.8937563382944722,-1.6033089668641802,0.1587222505624882,-1.3888859708625358,-0.3450547031533927,-0.9163513631202167,-0.017319030776585302,-0.44568487233654813,1.2498233976328597,123241,57.02,0
1.3723423428665182,0.4896261438724024,0.11307236183648332,-0.4204207150125877,-0.4977358118931173,2.127244323002701,0.21290166362990579,-0.2101058602858834,-0.028870171466186794,-2.2829497138970756,83021,32.69,0
-0.019901670906585355,-0.1125699069679908,1.8393755662272286,1.2061717020348408,0.3087087820510249,0.5333219529159293,0.4613630318039141,0.2028177192279567,-0.5965536902875491,-0.9476538564389787,144603,0.58,0
1.1590550769585326,4.27441629227962,0.9505587554299271,1.8659708387188114,0.2727166984896128,3.7230698483593465,3.355083390372306,2.3599298989669197,2.294226186715024,4.143360176262032,85997,132.31,1
0.4961207080887857,1.7609023861276074,-1.004886908319843,-0.23467219048186205,0.7694844035466659,-1.3951401309238278,1.532744792760907,-1.7205089878778843,1.8889010168271076,-0.2676463588773198,140054,82.24,0
-0.23236723937677117,-1.8573868337149146,0.3206147271850177,0.8645191996739301,-1.4197710467742473,-0.5130814209685131,-1.241483500490953,-0.9488478296219196,-1.6314479053743183,-0.35481456648848786,101554,46.26,0
1.8373866754875203,1.2004203999102006,-1.504605228663933,-0.5672801739110117,1.9017010443991902,0.7378879895483643,0.019728319118210456,1.4366269794641944,0.259829335874041,1.438929607874197,115316,27.01,0
1.1091698114921316,0.5359928049252244,0.23288177851622544,-0.7511558687010546,-2.1593841017636466,0.6106022135172877,0.03127113069969376,-1.4204064808402816,1.3767587038676945,0.12801534682850235,24246,32.19,0
0.21620467632268803,0.4134732931055044,0.4992006591385695,-0.5802393195274274,-0.3766983879121598,-2.943530077933057,0.6040324749548991,0.7004464584102765,-1.409392490026804,-0.476219156584348,115380,56.74,0
0.13687332068938496,2.1427485399487463,-0.30849793050286634,0.69995885173551,-1.975896885124939,0.7065422928429496,0.3379269508950132,-0.6939701846262885,-0.648136338106892,1.436327788515242,21014,68.08,0
0.7798696125227764,-0.05502796639029617,-1.0594032769919965,1.25797343871795,0.029382697013691877,0.6290102476309841,-0.3078791918928512,-0.3142155182991387,-1.044339939925177,-0.015243255592865473,166372,13.38,0
-0.11863832610988256,-2.0999019857251224,-0.19548519342326906,1.3242831920699876,-0.6159827851771732,-0.24877979094801292,-0.5431848670430475,0.7891370134510292,-3.027832705736764,0.9845411699559252,61919,87.09,0
0.48866852446730713,-1.402095996042765,-1.0392756292315644,-1.7719895262485683,0.9908504268462249,0.5264302725454784,-0.6686369863139018,1.8172108361888384,-1.3577996917369404,0.802973566791272,71645,116.49,0
0.18583457751891555,-0.5013201927182781,-0.8082684434326929,-0.7307584429525649,-0.07086200916264936,0.8276728425567058,0.08106415459462188,-0.02838048350362672,1.0737787793661726,-0.38178401359248354,25702,34.59,0
-0.04658727033933937,0.09569537759625597,-0.5129411149897811,-1.5006051168212338,0.9632233396636721,-0.46553630432559556,-2.8883113699675436,0.21978359612959653,-1.286976871048387,0.006254074605306513,49031,200.03,0
1.3035650678080875,-0.2600765394549993,0.17514941738577372,-1.8180793836014721,1.5408396882038173,-1.5895072437723774,-0.5521853085580387,0.858532654342998,-0.9958373254379,0.692726479152593,127982,30.87,0
-0.542557820111825,-1.6188652932801901,-1.5390513077078276,-0.3642632627726218,-0.499656198084956,0.201900088256738,-1.5453372842841013,0.14722825871345485,2.3194483877696035,-0.08111969794811269,134295,74.75,0
0.8893462537723492,-0.12514558871115952,-1.0817219847067305,1.4689938162322835,-1.2438447712985012,-0.20725189041459413,-0.19771869833197633,-0.25861163529318837,1.9957692858503804,0.8150017553976171,160973,140.01,0
0.45301875631217164,1.6739744952710462,-0.041297315340562746,-0.15700231277208526,0.4307670792802269,-0.11500715370273162,2.4114911104618986,0.8755866731176111,0.00021412174900774426,0.9133563118548492,117578,41.1,0
-0.3521335504882296,-0.9647384430113423,0.6144698673044425,0.8603935889705746,0.072064352489547,-0.7941456625874695,1.071245760247934,-0.1044972857515644,0.6833854187344675,1.8697293632216525,157445,101.8,0
-0.05841124385868244,0.6662872825131441,-0.38180116437717815,-2.1280524692980416,-2.0225603801388194,-0.626394900537446,2.446388292593417,-0.5806685184947495,0.9494629299601434,0.923694072189042,44444,66.17,0
-0.7683556595479125,-0.31583416831982436,0.007479646429047295,0.8765815827327491,0.008753948314998811,-0.0039314396099758234,-0.3240409380332983,-0.66739215574352,-1.4713358440003375,-1.0508062403223908,118712,70.16,0
-0.03074383226052982,-1.168634885989372,1.0301655084853936,-0.6259462115069723,-0.6947325876723991,-0.266979681134306,0.7539409739313937,-0.5253193731584994,-0.41657422253554144,0.44178932427776163,22992,61.66,0
-1.2256057637672482,-0.7461947535570493,-0.10224709288568688,-0.9507839454021733,-0.8837001748568056,2.5919470477380866,0.5292413209472995,-1.1914613813393433,-0.920904428185305,0.19134535465019,170917,108.44,0
-1.2623892988571654,-0.08259146174516069,0.6727627681666226,-0.10837684395414768,-0.19345836296158178,-0.6896034260842834,0.07896683847823306,0.2801513434293208,-0.001555425618620257,0.13285120863450234,89469,88.86,0
-0.24410871852210148,-0.4779589125675662,0.0969961771382324,-2.1668956700131257,-1.9071388276787276,-0.5907096067654906,2.361347105527309,0.18896949656526324,-0.37289009344832696,-0.7789219756409937,92952,47.83,0
0.637533810897696,-1.191881310941875,2.24556942533919,0.30704965836498704,0.52061473409956,0.803247273047384,-1.5558780831412198,-0.09961232794462768,0.9680128227723279,0.8374312855356256,60260,63.64,0
1.099191555547813,-0.8723851082937929,-1.2294009019846637,1.2019633211538756,0.6485377347209822,-0.30429027407922543,0.3648694276074187,-0.9398518487633353,-0.6317669102577659,0.13088054112845357,22806,124.03,0
-1.0405439391575344,-0.05315648806975988,0.07940381519571835,-0.8675942024371078,-1.2529401171040329,0.08248683925289688,-0.5187958244042619,-0.9510006745873693,-0.41657314175504717,0.6510431736390553,168555,123.23,0
-1.3969620577511315,1.3152366287442812,0.21434107537030897,1.0266013295022722,-0.27902575348833913,-0.09080210376820547,0.25247283996301917,-0.9045006625342721,-0.5407208492693202,0.6202624986271726,64520,0.13,0
-0.4419100170796902,1.168003385326591,0.4594585159669378,-0.9272536446037599,1.019848697260064,1.258098998719208,-0.27061673499292604,-0.5164409008308182,0.6237167026278181,-1.7102689878721589,148097,39.83,0
-0.547004720844995,1.9763887368311992,4.151241397039601,-0.02964698892137299,-0.8295419540543993,-2.2317340032225883,0.5423344030060535,-1.271814661565109,-1.668933778376113,0.24064173463907595,106087,160.74,0
0.12862159249126584,0.16874759522818958,1.2397783086070346,-1.2633950632669835,1.4230693252907138,-0.266878447842023,-1.8578388759018272,0.7887224933035469,0.6676106136324863,-0.5452172949831905,12655,28.23,0
2.5976737265958323,0.38930539110441015,0.029724661829022104,-0.508135111899427,0.09630908160729591,0.6466334561984278,-0.1990461393156687,-2.770122618190775,1.9270729569548524,0.8967490550762951,154737,110.39,0
-0.5162975968615086,-0.7233346595322319,0.06421307196130824,-0.05892462266226093,0.695517347469211,-0.7551260758165749,-0.44765551919668095,1.857924013640533,-0.8639722314781145,-1.8131606509175704,71364,32.52,0
1.5605957338586256,2.5792516736460436,1.7615928207864917,3.034116105147074,4.529492794269645,3.35447817626799,1.110946658116129,2.714459769747958,0.843495536028045,5.4226988095093605,125607,53.82,1
0.042631024437746814,0.3234740834923381,0.9112508009838458,2.652291687986943,-1.5334919481185305,-0.6062620491478531,-2.431740470876862,-0.12162329009869455,0.33518345783094694,-0.7275171748469134,126072,76.18,0
-0.5766984889275022,-1.4546381225299396,-0.3283240485128667,1.597448306064415,0.3543481150820647,-2.22039688644412,-0.738556793132961,-2.002377281168779,0.12834495846543775,0.7512579397250793,7437,76.6,0
-0.033294739516937566,-1.121566061277659,-0.045713572466684164,0.8923084877295449,-0.8804121395262857,1.164963167409901,0.1795932340777843,0.8419352030912789,0.2705212989294757,-1.188026372516391,144756,107.6,0
0.09015682766757308,0.3389618992411148,0.4764275002946196,1.7530848477164287,-0.5872788982958552,-0.3539497432921963,0.9516543052590125,0.9308995216674001,-0.6754974482616108,0.048440323058994234,29934,46.71,0
-0.06375426499064825,0.15379768053620216,-1.4239322686100582,0.011827719134975713,1.12371686184175,0.1792916741465694,2.729350273698566,0.10627181692963122,-0.15266556408363005,-1.5410603721698652,20771,38.41,0
0.15929778382964058,-0.979378004189292,-0.7068483750492992,0.9604181461106248,-1.2746457723106248,-0.539229958429416,-1.4702574685373129,-0.05842716014325442,2.1388688847059933,0.23080565848884607,168979,148.26,0
0.6785239514000281,1.3247369656272514,1.2770810621866373,-1.6341462475077724,0.5196209309353098,-0.6585530276812745,1.1657880893103332,1.5945520305423257,1.3678781385787355,0.8111008168394519,109293,64.81,0
1.8206461576468016,-0.9332255506893351,-0.5651880282308862,0.5577096429636826,0.49427566928307665,0.9477836585238427,-0.5866403023181874,-0.04417688187012046,-0.13081685447283856,0.9692630623722158,10178,3.69,0
1.924496037012573,-2.557679737834006,-0.8497008091001859,-0.5317307962886673,-2.1922185694208616,-0.1940350158889276,0.34659590503529164,-1.0762677731843522,-0.8989022084155407,1.6941091743623031,58417,74.64,0
0.05741007143815779,0.2086419064870071,0.8448800262331382,-0.21388069778208085,-1.5610127225813104,0.6608584777343189,-0.3824917314670229,0.9421590602876091,-0.5170863335693948,-1.2517720934236443,73631,63.87,0
1.1059933699072981,2.4266677587313694,0.01576368975179213,0.7336897314030355,1.3511506197724128,-0.3382511036836211,0.8009648952398705,-1.2170438417526102,-1.337287609437287,-0.4557300361667431,21763,39.82,0
0.3342951284977145,-0.7340734681435281,1.103453204712511,0.8545519583330766,-2.5041899196462913,0.5517840822874117,0.9854358742941127,-0.46636638292043014,-0.44675272872092636,-0.7985573422971792,21040,59.19,0
0.8605297079614455,0.9653421122427754,-1.3457955975050075,-0.8577627711284175,-0.29008924660150287,-1.2516182299616831,-0.048147359995203996,-1.8894687431026647,0.35945008955460284,0.6300317127095115,62783,120.77,0
0.12736247565648562,1.2870922599469117,0.45024501703754843,-0.9754682383702709,2.559528456665708,-0.18056115336629774,-0.6834164324484056,0.40118324563296187,-0.3224599248680109,1.2710276918001184,83115,69.53,0
-1.031202068439585,1.059118660208185,0.7062487217573207,1.4623171332871585,0.3988543514128821,1.2375700661171865,-0.4312052075813831,1.9911917670270995,0.005213346973517982,-0.24877500571008268,63135,88.6,0
1.1482564245159883,-0.29046317414044986,1.1208876630611317,0.8939483218059867,-0.5193908703435212,-0.2753285540523256,-0.05305206365869113,1.2051096502696572,-0.389111715578984,-0.17366127692278338,144906,16.59,0
-0.7623234580276522,-2.1270975436158617,0.09753207250131049,-0.8285600351404542,0.0024618355876164476,-0.009356660168487609,-1.5800840664595126,0.83013001966058,-0.6509755056985981,-0.8288792915485487,10620,77.24,0
0.7548618924740429,1.8508536342912676,-0.2362786354831887,-0.9895293850696225,-1.8458941280723569,0.0805134579182048,1.3054883036324958,-2.019811296229976,0.5510435823823195,-1.114750261384891,135692,8.68,0
0.843174310022669,-0.6163570532651123,-0.39852929957569416,-0.5645588364319957,-1.4902865899118987,0.5553074712219529,-2.68256623797639,0.25436233453691187,1.048011129352796,-1.362411159772127,147426,59.88,0
-0.33488502998577485,1.0635089284515264,-0.9537740393650874,-1.1484699743750089,0.857778651167585,-1.0599521662771993,-1.053058953452515,0.02156077607666119,0.607537891476659,-0.20527294641358487,113999,118.37,0
0.9710063359591881,0.07424363469202304,-0.3092307239504844,-1.1895517841330125,-0.6426418664668386,-0.3632602243938508,-0.19552886074044024,-0.3670291509426011,0.5995949400431869,-3.0911750799855553,67628,32.61,0
0.823753131876182,-0.8927322092380086,0.10121536575725322,0.5462772365639759,-0.7663726207717061,0.09118869396835061,1.0204270995380669,-1.3514974149575207,0.680320521033843,0.2139187045533394,83104,92.98,0
-0.6982214597325725,-1.2512387855949916,0.9321743772408836,0.34447747672505324,2.154317740207277,-0.5387840197676386,1.8972773212249685,1.018575658528367,-0.12888375039939085,-0.6565872994316975,79693,45.54,0
-0.24527784594210975,-0.7905344497229193,-0.20224008944705912,-0.8735939344675919,1.0002445624167586,0.5977179928148281,0.045403122852158084,0.7498803270862308,0.0024524577683976093,-0.7930162656870993,20383,111.15,0
-0.16677573400198623,-0.015470762836802118,-1.4989723460483098,1.5491792447079755,1.6443106212234162,-0.2894049218413703,-1.0437572273312183,-1.059074571846563,0.855733805352121,2.779173305966406,128126,52.41,0
0.6451126876611214,-0.08138520448221714,-1.2936391226398898,-1.0455755423353477,0.07527184311995858,-0.036289123800469836,-0.2706320048743245,-0.8858309686698803,0.06669581689348869,0.5547680770599809,139692,114.79,0
-1.0973376745470436,0.03655966440087428,-0.8275490114022908,0.5475374448798405,1.4665965131829597,-1.0599081153043324,-0.8709545089790566,2.011757867258598,0.20256264433170545,0.3366881084969893,10047,98.74,0
0.0681009634377188,0.5932193807041102,0.19697980546524393,1.8552081718682523,2.519235815445017,-2.1199852990987345,-0.4867812231994301,1.87397219999096,-1.7840044939017135,0.08645419520943551,115819,95.62,0
0.542195285724256,-0.305790465651731,-0.40717668042659255,1.584405832974063,0.47025780593454375,0.5198834749920122,1.1222013463934573,-0.09906848821849237,-1.4192190127852016,0.7629823905737959,166340,31.22,0
-0.15403331657586652,-0.40258960275460726,1.3193086485871355,0.8565728600098982,0.7288369221167973,-0.5057196434069802,-1.0347781277086976,0.04384944586802956,1.0980614757459353,0.44069601134217995,62251,28.28,0
-0.08560729774114767,-0.47011425576887506,0.6452121731035768,0.2645252401082543,0.2611661028790306,-0.5503192989837563,0.582740464653963,0.09334659707331451,-0.3264919860735809,-0.734932994551889,96379,20.18,0
-0.46235179266456716,-0.07476256341330836,-1.085278059661935,-0.5552100970015839,-0.26489605390328086,1.1284890365217846,0.46404600768315973,-1.1971640501514447,1.4339668882029502,0.13898349329664303,22784,36.73,0
0.8730566000927434,-0.8960888077757798,1.1868742898588183,-0.7497427406872955,0.35578571124444075,-0.5510079193866743,-1.4673527757448503,0.5861461348536832,0.4212091157900746,-0.29450624342980347,166644,37.69,0
-0.7978827636184951,0.18807403429903718,-1.117307862610067,-0.48918033184392967,-0.6757604146310315,0.21506917255752092,-0.7126129051755844,-0.9942355641390653,1.400431616611723,0.12007636283271825,1152,38.05,0
0.2424967912712216,0.5425154435355505,-0.6191360429413364,1.067483216264611,-0.4576233546962562,-1.0118799491645347,-0.06109177964495029,0.8985332666128548,0.0906337175905492,-1.4023280038379202,2404,68.62,0
0.996554884498404,0.5438072479179061,-0.7036518358315914,0.5368347469339261,-0.14257623796600769,-0.9024212312739336,-1.618388366474624,-1.8645494833922944,-1.7358918262580079,0.20380700619307407,27549,26.63,0
-0.6045986161795408,0.2654240456396075,0.24988022632679388,-1.0480218812736268,-1.5604296200844328,1.2346418697154549,-0.1982713727109414,-2.4807383741296927,-0.43895384530847914,0.413286130977672,87537,151.2,0
-0.7940435416988534,0.7587280206543343,-0.050723134088819094,1.3937111488173184,-0.5159636304721639,-0.49608199744484854,0.37929993866550576,-0.019367634652855552,1.978379075919161,1.512305516935309,123538,90.92,0
-1.7039928626103755,1.1793378097192062,-0.5780597398739851,1.9143672770570879,-1.402683933895561,0.5835980475312131,0.24203300738003705,0.006657266589861463,-0.689260018561868,-0.17045959074508565,44758,128.22,0
0.48074665890590895,-0.44131449389568267,0.45706491417686257,-1.2674592418385153,1.2420928121477375,-0.15682874325924895,0.13437852352275984,2.112863537667727,0.6911905095302368,0.14730440246850174,112619,82.94,0
-1.163473799792271,1.341115611681286,-2.091082843136628,0.30148593033403814,2.2771036124116364,-1.1406173179952024,-1.1218817465689122,-1.7581507104687844,0.8746637074596071,1.8133439002663554,121828,72.49,0
1.4451259569265338,-0.6769903476121641,-1.6684359922285426,-1.144403536143439,-0.5302490124363188,1.790578843115133,0.30761354237663563,-0.6689931346949402,-0.06979538927315415,-0.4234242191202661,48601,126.59,0
1.477393664974669,1.1323159425473455,1.1264368680043029,0.6714832883630556,0.3021173251356195,-0.08309357618599605,-1.3188984233378522,-0.9887566896626693,-1.7284548851035104,-0.37133002426583755,41922,4.7,0
0.5115137019191913,-0.12596043254699904,-0.5379819271558055,-0.6107559064588114,0.38985173953555596,0.05223818301707456,1.1150425695705213,-0.003584025583877192,-0.19030610421524286,0.5559655091927334,34812,84.39,0
0.49527294606859795,-0.2893349882529842,0.5310859581386753,1.2750461182058257,-1.8618830801376491,0.11967520807609801,-0.5854659534173516,0.588908254107944,-1.0230335112514375,-1.0578525732700472,22033,19.44,0
0.8630875180453551,0.4443934035776708,0.05386096731583391,-0.5806274992663778,-0.5252846828114393,0.737461531349306,-1.3883422476355272,0.12889061145532615,-2.3277367759056697,1.1412609465474457,129322,40.95,0
-1.7346114969371953,-0.5851840765266658,0.4161071482837128,0.8608983962967114,0.6828154383005985,0.09564146659734256,2.3850463982662427,0.9776701464987709,-0.5819518443572261,0.4657219908344035,139198,110.53,0
3.0854461696618745,1.6572909100538296,-0.44763217224315976,1.189068668626429,1.2210231619791292,1.442118968128876,4.072440120808937,3.019835786229436,0.11360821041811864,1.5368849626609304,132981,285.24,1
-0.8765648241831969,1.3914331792553123,-0.22490893184860827,-0.7563324206936382,0.3488387635692419,-0.547455273005058,-0.44391200189358326,0.9961613059349705,0.5888300709865931,-0.054309264749302026,133607,107.97,0
-0.5339002383735546,-0.42291425582250275,0.749220896910919,0.24206308137973742,-0.12562646945066996,2.5114240168750044,-0.4772028439558794,-0.8143015702481182,-0.7926595595160676,-2.416511538746703,121261,50.0,0
2.7445069586616384,2.839944427370349,1.4688177236999507,1.532738659102162,3.493867007754899,0.40804001941128565,4.570472682080617,2.6946288448236726,1.8113579822757524,1.3609098244478237,120541,344.13,1
-1.9325890209406105,-0.605639751658333,1.407498373948328,1.266924065636675,0.5732027808186728,-0.7271304551819447,-0.37970511241478616,-0.9194918848286839,-0.05924231922764349,-0.5457778100437252,91620,111.91,0
0.6700792422021898,-1.6515259952393577,0.48394105366532936,0.6774963459246635,0.3745748825636097,-0.1705239122982678,-1.382748888380824,-0.9358348991349641,0.1621032699428015,0.32912284199178027,153267,52.12,0
0.6985663453715051,0.37607353169579993,-1.153576631681962,-0.7941239407459102,-0.3567903536395394,-0.03830813213100007,1.8858716677604708,-0.3472179161629584,1.0024274260569954,0.10819708525850322,12650,129.73,0
1.1695381472938837,-0.8459677417973405,0.954509955621015,1.1132155838337474,0.4357524435840783,-0.05706528295749935,-0.37325373877359536,0.9744616139484148,0.7154963186399974,1.3330939742252732,65542,38.43,0
1.3687846319035628,0.07822881435683716,-0.25951322448209657,0.3496839249167958,2.0341506600580805,-1.5235831208460078,0.5222835508601883,-1.086207171125085,0.7540680991885098,-0.5684972333279575,70213,68.3,0
-0.6256241064013961,0.30097927443815886,-0.5244542128290394,-0.7002562451892993,-1.0784983371070054,-0.11159898800033596,-0.13167175980248472,0.18941654822583828,1.4590826539759236,1.407599872219275,108280,75.59,0
-0.25665411639975283,0.3276005842711286,-1.3010844356058813,-0.008952339772220732,-0.49285666370388637,-0.48402589991402845,-0.8571034444707225,1.0215661959764897,-1.3894622311616025,0.314554621041382,26589,124.45,0
0.07861766953178756,-1.2036002148954528,-0.2593992605024914,-1.0488979062978467,1.6192615615242674,0.3998158863956893,0.246591895509006,-1.8077466356845824,0.8837408449898644,-0.2785568261671659,35641,49.19,0
0.7177256087500634,0.41390841073906653,1.276754814912999,-1.0279917076026281,-0.8429288013477375,1.204823205338514,-0.6012446875415921,-1.1714732182752468,0.9068023437867944,-0.33938273252493756,12012,94.03,0
0.7641144055017897,0.66706685052495,-0.029054636225450865,-0.3800407775032198,-1.6747188655948895,0.7119292673791109,0.8121874478983028,0.8420937024676449,-1.9152457504853029,1.0377244207679721,114288,6.83,0
1.0280535653991831,0.20920249248664097,-0.6921973865199604,-0.22602501507922626,-3.5849805609217023,0.5011765583790927,1.374741358161484,-1.0704836238451765,0.5827960739170097,1.1568861062177684,108141,54.74,0
-0.5865156509199643,-1.4555569213120896,-2.0227756213745556,1.0439109964164817,-0.45195430592599445,-0.7150807835139983,-0.019748497980012797,-0.4379703488142235,-0.046909428100300965,-0.2586762382587251,103569,75.25,0
0.45442033821436295,-0.4637449377975369,-0.17985724429327782,1.7305068373528552,-1.02133755195414,0.8686680157067189,-2.769830911675961,-0.49378948507339293,1.459020618178567,-0.4197114697563236,54426,38.22,0
-1.0350781140406409,1.1094241891920569,1.1774617529353326,-0.21949026507499075,-0.8978639286931384,-0.8640589749334503,0.3082317096919268,-0.6662346234964301,-0.31677401916972764,-0.8222051706549629,125040,37.97,0
1.5733549024752425,0.39372499931439753,1.1309377962550249,-0.8801879491362172,1.0214355922682763,-0.9419796597530112,0.355972823031185,-1.7689150267923641,-1.9052937917301227,0.6603771224893696,116161,108.34,0
-0.270396942095442,0.9769641504287125,0.4017519100056866,2.688112232862922,-0.1327812385361221,0.06046130500149494,0.5918619238457106,-0.7705981836478748,-0.709434883801593,1.00388457866806,164394,100.36,0
0.03210767397093466,-0.04191798217477153,1.309060948279402,-0.7815878822251963,1.3863099451817955,-0.40794382113068245,0.5338506930209715,-0.2446342998992029,1.0342860752568597,-0.16664639433632997,21156,15.02,0
0.9747518150865815,0.11791266966603123,0.37022218618916386,1.957697342347237,0.6394028303859915,0.45307150382591327,0.5565737791225179,0.3402164210887915,1.3629460631718362,-2.2315541475348657,133733,49.65,0
-1.355813971126554,0.8900271577431841,0.5153401540727593,0.18565353544526975,-0.09152306685720993,-0.25404541940391334,-0.10708833498699176,0.714202361439293,-1.414840048541473,1.471265343745661,78811,92.54,0
-0.6343309935255456,0.3495579486320601,0.2398894801181584,0.5018903796731302,-0.10879966192537474,0.126590357069789,-1.116001514617138,-0.2696427108231888,0.1603155682431401,-1.1803184131396132,130640,36.75,0
0.22396742837344774,0.31759489083167675,-0.7745649658228669,-0.3831136138750589,1.2183205528638965,1.3314749495046554,-0.06814687103200706,0.6516925270120723,0.2323089057207486,-0.8513464605518729,52705,64.52,0
-1.2787099677768716,-0.007046540535484532,0.8739382541860049,-0.2102078813198733,-0.9407944822975665,-0.7187616119887626,-0.08871920638118194,1.5891346018221013,0.30555565782970895,0.531940446405756,42788,57.26,0
-0.19076046033454871,0.2691857888276577,-0.6720169285661368,1.2725331339866255,-0.25957131562114455,-0.7473836010498679,0.5878043922669566,-0.30188679205786356,0.20758990279243608,-0.0866593445732963,113288,84.97,0
-1.582167016126918,-0.8530899972351577,0.03053830458183765,-1.0338636826738634,0.2472742172655216,-0.45279783404976814,1.4045265377622633,1.1492333130986592,1.0998474531673024,0.4128995136827867,100687,0.52,0
-1.4805365125650163,-0.6956791195166836,1.1928527149527093,-0.6649148280393544,0.2845817455511169,0.06842354229428835,-1.2711445210993213,-0.489619599268823,0.29846238785737217,-0.08111742599045293,78478,26.17,0
-1.5403543758484106,0.5946362250040785,-0.4864963825977661,0.22554311877052022,0.2124912169339837,-0.10449392618302449,-1.241897032275837,0.5759363168126841,0.1148939016385629,-0.9139893777881379,164066,37.16,0
0.184366707175664,-0.7203480373593485,0.0989812226027311,-0.04936660843481989,-0.31594166916180233,0.7401229212868351,-0.8529462882415292,-2.0169825604534526,-0.8126588519743125,-0.2478309790210258,20007,76.19,0
2.4204150122474024,0.7495505389261462,-0.2919922614266772,-0.48626371536140406,-0.97169766485626,0.769369723099595,-1.2958201301610395,0.46305271584138724,0.17560380489835298,0.09962157868567988,134464,4.84,0
0.6578880104331793,0.8923733745114522,-0.8790972235140434,-1.808191578326553,0.6728385125967202,1.7126053927940235,1.3877620882785533,-0.4361056326903938,-0.30352618455988417,-1.1445781627236664,38515,88.28,0
1.1226782545637386,0.5452422044284568,0.06560014834259406,0.255861365690068,0.2912159213168894,-0.355224530897812,-1.1354176604013404,-0.4218853539143755,-0.5751076398774299,-0.21119378826985385,154679,57.34,0
-0.2635901501582435,1.7960946456523694,-0.1266856531587185,-1.383498913069118,2.764821861854195,-2.41127342335812,0.9394649850065234,0.12912422948015756,-0.4289983400741094,0.6496509272015771,151874,36.53,0
-0.734387757391301,1.9076359704420263,-0.08729414487949709,0.4242949245623606,-1.3776242378087107,0.36735314818123777,1.752766818358935,0.5743574006570411,-0.5688889581402992,0.9996467960065355,170361,27.22,0
0.04605813857711549,-1.740319565334422,1.0093963209415133,-1.2465874940428558,-1.3512775024551373,0.5193890812447299,-1.1944107865051334,0.25213200105780265,-0.852167963258619,-1.5774001570144038,27929,68.86,0
-0.3359392250401477,0.40358807028110283,0.5258151991548494,-0.22353824155447785,-1.499421886466856,-1.5513266993994321,0.1687297878915687,0.5337965643506812,-0.518697035290429,-0.010562032308778668,126897,63.57,0
1.3638622298139094,-1.488056743931853,0.03515057939050897,0.8990935066225507,-0.09660855340148841,1.6625947609033647,-0.27566787663067993,1.0711058488996108,-1.316852842857706,1.7933981510781472,138279,62.22,0
0.44646102124518744,0.7911309671975586,-0.8851989490039494,-0.135116007925349,-0.7195201794708872,-1.1962259244266051,-0.13060062312335372,-0.5369555735865934,0.08497570986669034,-0.30423291877992503,115793,126.25,0
-0.043133589640907445,-1.225330681582599,-0.1796674882806456,-0.3226745374590551,0.02009069144047363,0.4613683159170215,1.7108480803672799,0.19903065904947626,-0.13093983802673698,0.12522169727476834,61212,64.01,0
0.6626659703854839,-0.819074664000045,1.8233619727003787,-0.562747831316982,0.3644243831678454,-0.727632144277959,-0.9322075566301186,-0.59801270325181,0.1681863646908236,1.5219181659143337,105618,6.21,0
-1.0322626705778368,0.46238565885031974,0.9150785243742204,0.10466536555057791,0.8390771364644041,-0.6952093666633166,1.4255728210777394,-0.5641448153028094,1.1323269556003437,-0.7729321700556635,95844,43.87,0
-0.7804334546444512,1.6244978459567558,-0.38748473215836077,0.5424127411908184,-1.1481548228470906,-0.566551674227108,0.7438108402499215,-0.18960814352919822,0.125012513442097,0.06772622180263405,106247,3.41,0
1.274447216941239,-0.05407517603790821,-0.5560258907226293,0.555738301599405,-0.21056896327294264,0.9488906046631579,1.4410397463655,-0.6928475149144372,-0.258402873649202,0.155826527421216,125626,73.38,0
0.3619218539288437,-0.037160784933883036,1.463278996737953,1.7313244109212866,-0.03985973311027262,-0.22285328107495792,-1.3328642428947526,0.011616281868419641,0.5501228344505633,-1.0516303357620664,20509,37.62,0
-0.6415427207828466,1.0091119062550553,0.34870199801863844,-1.1295230924319606,1.5285295844939308,0.9639765858222498,0.33029618283292206,0.03454023133646275,-0.6738460173635946,0.8602924530593964,15983,49.46,0
-0.15450567924990047,1.7191090700229286,0.8367560312208876,-0.528522256404841,-0.07333474900022934,0.3643450819935937,1.0407366433757963,0.25726895950847095,3.4765673550531067,-1.4104571969314856,25928,82.59,0
-1.101621829574262,-0.8299727769797747,0.2676992005090977,-1.16926560926157,0.11956591562003217,-0.7511225100561613,-1.062168941868303,0.2827627257530256,0.7827195653313729,0.37940335243031403,80073,118.7,0
-0.2520628154033563,0.7044116685560984,0.00033162525635355324,-1.4183100947935663,1.384662357992878,0.4857737748884289,0.38750715765849286,0.6818864233980808,0.4026559042091364,1.0249824044552234,47104,53.74,0
0.7777673890849254,-0.7811424922827788,0.7904302146842336,1.949962298706155,0.9502703883362412,0.5910376189165157,-1.0771071086308668,-0.8865338246578354,0.6266389621956614,2.0181540788756562,43656,73.31,0
-0.7956788416705864,-0.7451308172306892,-0.6082675747124983,0.9159991477383439,-0.3553453276653664,2.485881337946096,-0.9789526626999142,2.4461020762965764,-0.10308278250149543,-0.6777634650778745,17922,84.52,0
-0.33412344070081207,-0.3435357188256987,1.2689451414331256,-0.9326053802627577,-0.4435136779746426,0.4401064921133193,-0.6223812208497901,0.024880944473693396,-0.29351432765736535,2.0825539212369795,9810,35.96,0
-3.215028397159699,0.7918125721971456,3.2597577112236524,1.785608689449736,2.324738192840845,4.007025792987486,0.3116235031407406,1.4605852059571638,2.299010947899105,2.1877648379105716,29341,392.78,1
0.3812713900809755,-0.07619567202394918,-0.45510321186135666,1.780830548761419,0.24279181109512263,0.39048799660672645,0.2099446286073568,-0.5481190510967238,-1.6452634270266013,-0.008670659107745284,10533,144.12,0
0.7119770229910514,0.7232630598237696,1.071312844372607,0.7779466096452462,-0.11463114144923346,1.5885209435910486,0.24469166839351647,0.09671596797374654,0.4704630560934891,-0.1358739743615559,60091,98.64,0
-0.17857196789385368,1.7561880680851394,-0.8307803299935937,0.03171813295781028,1.700018047741905,0.8701989943165301,-0.08640044745684328,-0.8178938584166412,0.3050437343451042,0.08732311783199588,122186,92.22,0
-0.9289891671305796,0.3153420177865781,-0.9705232176642551,0.4548209756370096,0.6811022525002439,0.3380363554906751,1.3660470023821174,-0.6822507989349265,2.053058581320267,2.472029240271784,9204,53.57,0
1.9408669391818687,0.7633341123844894,-0.7942573445992704,-0.11606707924568499,-0.0682381088639992,-0.8678163162380933,-0.9858571511312335,-1.0595034123643294,-1.4493970403350278,0.5427020793336637,63326,114.55,0
0.3653637420637676,-0.0015720044691961827,-0.6230338949177128,0.6679559052949144,0.3762569002823384,0.7139508265701227,-0.9278434655416381,-1.4597630179369998,-0.882303514506964,0.30907560400431633,7936,24.1,0
0.3240125241899799,0.03157412228138299,-1.3849831213257466,-0.4620264931384886,1.0932371823546938,0.038360143082646854,1.4025288527710644,0.5731841012521988,0.3817015195278768,-0.2487017751915257,146514,94.57,0
0.1416566973910257,-1.0305155023876045,-1.7102121563216897,0.2362921985966739,1.0992158208098344,-1.1384933300603812,0.6966606412791607,0.4023087071149271,0.04722723501684655,0.7035223598534136,170168,127.09,0
-0.37494468984913537,-0.6193173246231977,-0.8424110321967792,0.18399235777514372,0.7600406435197509,0.40687772851834864,0.03478984845542972,-0.967604546336397,0.5346781135654385,0.061141877222002115,75820,15.89,0
-0.12180522405333363,0.2291828347841731,0.886051352660691,0.8134949372695958,-0.5053510053971071,-0.09408301957142737,0.39906290282233386,-0.6532600167504974,1.5522327508664944,-0.06645120202761905,62545,79.12,0
0.2912052011314934,-0.9654566779118643,0.06407383892037402,0.7643001215315177,-2.237700352184668,-1.0404776343573001,1.4772254502548916,-0.966562455958737,0.433261692227063,-2.1226377903781843,122819,17.42,0
0.040336405554690695,0.3775468535658534,-0.41183950824813503,0.010134331234219035,-1.262409062503299,0.6943969732642945,0.7321532231910994,-0.24552646278799062,-0.4095218020117444,-1.5546034756924825,171750,118.46,0
1.4671812507090423,-0.72539425762824,1.3094803404667223,-1.480419170138724,-0.7024466741065368,-0.8816028000930327,0.8551408751076107,0.9795792578182033,0.14454787794849708,-0.35086471638882866,126174,48.55,0
0.10753418005363442,-1.128146737092067,-0.48805586423037967,-0.0955321090036399,-0.5000135202502968,-0.5231099030498442,0.8555565281721951,0.7637119213395795,0.37048878709559746,1.231181591416411,158467,30.3,0
-1.6474962990474387,0.8369227856241259,-0.37463029507755025,-0.15015703749131398,0.8541566653663792,0.758483116961044,0.9897189625718716,1.3974714060712328,-0.011756937592456041,-2.055511690627862,43596,172.38,0
1.0999796503420836,-1.3283952054631096,1.6641161087696066,-1.3120820951658907,1.155526291049509,2.2058831255474276,1.233368458255322,0.3754902284828666,0.5379817245076602,-0.6729310091862251,13666,61.36,0
0.04118002034917748,0.7595337457632192,-0.8244660488127444,-0.4676904265729778,-1.93374655753542,-0.9335860707017114,0.4358995641038497,1.505863024410833,0.01947126336961287,0.40378897697622085,117527,47.49,0
0.16191936728506806,0.24960563101494201,0.45857168818096145,-2.459708848387683,1.036341887367967,-1.1012032378261611,1.5047567056729299,0.5204888576231634,-1.587382441223023,0.7555868624128972,106534,1.33,0
0.5595403706161663,0.36714437688620544,-1.1499746326954394,-1.2785602331159973,1.6525387866290535,-0.4489259275676643,0.18863230761968566,0.18847127141780046,-0.19195377907542122,0.8670290008288998,123743,2.61,0
-0.25251733430296475,-0.47712090201808144,1.6395240157474233,0.5508402004481098,-0.7524030405635209,-0.6674920039604384,0.18096408892248975,1.5139895498360523,1.8524639418421776,-1.4093221141759749,50383,86.35,0
0.48568895919051513,-0.0409161617733923,-1.4764297979108454,-0.7771665891723032,-0.21426943150203098,0.49167443030684665,-0.3505649183033525,0.49253013132496903,-0.2306855580867853,-1.3898654789571612,22170,116.81,0
-0.36127042500344553,-0.19985406210112439,-3.1952866845608003,-2.0963794369104556,-0.7623447446784509,0.2623530303221784,0.15173741191821266,0.3745314457720204,1.294700769830238,-1.7905691471185847,84618,20.54,0
0.7222017089664575,-0.4070076543194302,-0.482731977240583,0.4505142131307084,-0.9051780483349907,-1.059137321644359,-1.1863315175608131,0.23162871272810104,-1.8250233901554873,0.13730125163707346,100191,38.66,0
0.4045451930861567,-0.5870243910670495,1.216615458798611,0.45898290044606543,-0.07571506577828939,0.17323523057361473,2.0696568802183926,-0.2996775297763126,-2.4478289257701333,0.690027457653151,143071,87.45,0
0.30471707975443135,0.2532045102953498,0.33360230467454804,-0.30978756379860756,-1.322488522150932,-1.6582006485990783,-0.42249955247731835,-1.2998169194682276,-1.4318903886712204,0.024231597611008647,155877,145.59,0
-0.9810993674682146,-0.6191369574756088,0.5516280620903391,1.324655676548632,1.113420653537455,0.28926363785061077,0.018122234087035862,1.3917342787125624,-0.7996469348401211,-0.5932714847265527,90505,118.31,0
-1.3763874990779479,0.22896993566438997,-0.8898216362186484,-0.5238011011476121,0.7013175782057279,0.4510866393803189,0.8462163531553897,-0.29346844388653476,0.27265171612898786,-0.5856472873596437,125025,111.39,0
0.32308325793790066,-0.020017030030925434,0.05808640659177093,0.6648251619535254,-0.7188799926247862,1.5711916167192397,1.3119442310391418,0.27426308388844617,0.596829514957481,0.22585068333264757,76067,1.83,0
-1.0644727461261723,-1.2793900879214963,0.8255254073790749,0.056796632622002054,-0.40075158249206044,0.10361397213421711,0.6432339648753832,0.7512497341153255,1.4193233692404956,-0.6056815786376138,128874,46.06,0
1.0906599360881322,0.1180097531291236,0.5875065902392275,1.5918796358216134,-0.3604600901469326,0.7448263348685243,0.20185856281974357,-0.967762008189622,0.32669427491009667,0.7867449160534477,17200,73.49,0
0.38472331458523407,-0.45987781573702197,1.2572789011344085,1.4707454654887906,-1.7484009322633238,0.18565792299237055,2.60918598719949,-0.5125946490995373,-1.9007645986267943,0.5592841526019504,66209,54.62,0
1.836913528321314,0.500813133546111,-1.1368214225134285,0.9495577990448316,-1.2119009746737657,0.5019232997216204,-0.047439247476067675,0.1700541615798145,-0.32387029523465977,0.7073715755009473,129571,80.72,0
0.039693526597561826,-0.5623683829231909,0.22737998859841746,-0.200168369064204,-0.5455686395469708,-0.40270589540679624,-2.6932331166613066,-0.13974218319652795,0.24640731449164488,1.2133321051796981,119524,45.26,0
1.4720145664901334,-0.017848638292391635,-0.46316820452495655,-0.637980746031257,0.36143780336482245,1.4594141523893558,-0.4264248126156457,0.37112599438269284,-0.31262534160994415,1.039463117655455,155811,118.15,0
0.07011315873321637,0.6086824129137884,0.620017214093578,-0.8999067092107549,-0.710540801020925,0.5691578157793534,-1.359846317763803,0.8147894092543744,-0.39739994617313396,-0.34801095463926596,45072,16.88,0
-0.08670470084212364,-0.057554662465918886,-1.3576932743137915,-1.8492464802903776,-1.1220861138975957,1.179252734128051,0.8330185296212462,-1.845799900420517,-0.5530036615515798,-0.08532187393191794,155399,16.27,0
0.10182061310329862,0.3509129698101024,-1.2235839110617803,-0.623675549392598,-0.9585636252205919,1.9513551686356334,-0.8454225925734346,0.04454020783604206,0.43608375736766736,2.2884408334305175,79864,49.11,0
-0.9302646872700508,0.564742258490407,2.352313897312389,-0.4244402673476728,0.08028654100737626,-0.7019261195486607,-1.3023203798044005,0.6251575772841539,-0.06648961752297544,0.045544981939822475,117123,20.56,0
-1.5870983007982418,0.19593206444396905,-0.24734043995366325,1.8358889975302184,-0.5523475948283516,-0.9790027452004435,-0.07759162274797651,-1.4663827518899015,-1.0533999194178278,1.0530851019348697,88424,47.91,0
1.5293134789672953,0.14687517312181853,-2.877850151340389,1.7838568379007467,-0.8558899223922698,0.7189971638676841,0.45994419480171905,0.8707795194891192,1.2806212043999554,0.3525974996148465,19508,54.79,0
-0.7410185797788948,-2.4211778573891896,-1.0998611138199144,-0.3402676709016609,0.6614492386457271,1.92053206722485,-0.005611316728771062,-1.5912467426429304,-0.4684321875177571,-1.3729041780549387,37702,48.58,0
1.8478250129560454,-0.9446279331916002,-0.10011951693658637,-0.050675957566257396,0.27770505649242144,-1.7900801974573115,2.6963797625551447,0.8601938135090225,0.07906441878402612,0.7897066358754802,89029,43.42,0
1.9164448767354103,-1.3443948032833053,0.5043085018466044,0.4844534304549453,-0.20251253534281774,-0.7393910551016492,-1.212210935015052,1.3523010093959922,0.4733229189333892,-1.3178808564115458,34600,71.04,0
-0.2143751097051141,1.370744507474978,-1.2191324178476084,-2.150761869692567,-0.8264129428864023,1.5998895879579749,-1.847048136953879,1.7271027062280433,0.5393597372271918,-0.7011741582595883,53536,80.71,0
-1.122768432270995,-1.5864566445522004,0.12071035417796232,0.3854653447387619,-1.3756406863029984,-0.02592275207982139,0.35951331118824936,-0.15639893959995188,1.572408150678301,-0.3943849860996477,91749,56.6,0
-0.34752341219351923,0.7130692818515867,-1.3049485388936377,0.81595715934866,0.40186226571730205,0.39725468003374453,-1.1960264038786907,-1.2246705712555066,0.7534341225603148,-0.3134247688319015,105008,22.34,0
-0.2358293621748528,-0.08289702348155359,0.47026990586448525,-0.30083162132784164,-0.15559309248571443,0.14057528279507805,2.5204190799023265,0.355511085948428,-0.7777347234675455,2.0260884498025313,155045,126.22,0
0.17258791772211948,-0.5108770883291476,-1.2377962194624292,0.26101151299810066,0.3546887244730622,-1.1006328657939177,-0.7681730945085932,-0.15633499501059966,0.387807292776588,-0.5187136982770171,22255,65.98,0
1.191142953088865,-0.3782852173642064,0.7119601713434042,1.3138865259684347,-1.6419981264369476,0.14053255467279163,-0.7066755138859157,0.4543365030451948,-0.4224566444148316,-0.750251674611615,6852,33.85,0
-0.0554533748079148,-0.41361585235070747,-0.6482773740771043,1.0912541779299818,-0.04229287251264407,-0.03907810571616679,-0.1246342819272349,-1.1079580912024547,-0.7909933726510312,-1.113168493181286,32348,56.03,0
-0.9114436231372903,-0.6266315595125326,2.018110556755782,1.359795811304745,0.590467204934292,-0.28771295827025517,0.37750358635139036,1.0878829649820752,-0.10883211707319049,0.8426618209608933,94371,54.28,0
-1.5670582502354382,0.718621625391053,0.599088946165252,-0.4642031783182975,0.8568083938882931,-0.42927723531224793,-1.3310324935042994,0.34989778418688555,0.12315915874903947,-1.307251807772562,168917,154.73,0
0.54259446329196,-1.0492968359138075,3.4359276159845202,-0.24376712339584375,1.9574300019179927,0.5112404704296791,-1.8547501061169125,0.7931602687342943,0.23504738296966676,1.2790073187279298,83396,88.31,0
1.2663045571693656,-1.6030000815284384,-0.1567512894832428,-0.16199485598784275,-0.5827487610688902,-2.123993981995468,-0.43408697541210967,-0.018450014617877743,0.41506943454858675,-0.407009635977569,72704,38.42,0
-0.21714361307631405,1.775698032365714,1.9016969469220728,-0.19201775934058218,0.4474559002894586,0.9793879686866628,-0.15940114583237994,0.6400406915527936,-0.8335887780360174,-0.7763653576940787,150881,36.73,0
-0.24576150001290142,0.29307665326691656,-0.297975882809396,-0.10250671091268397,1.2103504324929446,0.06981358150805178,-0.20719486146244043,2.4272994076394863,-1.5295376439877166,-0.9045815738774516,40464,128.34,0
-2.762675505673743,-0.2380117228798793,-1.3560472087346207,0.7922794954511481,-1.5648855254517409,-0.030751783863223487,-0.10304539289731686,0.07195760638406297,-0.07870273727289283,-0.9712581651616549,72076,22.67,0
1.0892174967107926,1.2359984827633934,0.936429279466497,-0.3444671770748164,-0.5057987557809394,-0.23857516342326593,1.6551559430374538,-1.5740771714323234,0.010648108445000304,-0.2729114773333333,160102,103.64,0
-0.5224124314310232,0.8757409637609486,-1.2297953239663866,-0.557418413982939,1.552472042655303,0.3606534735552544,-1.4973522142023494,-1.435768148489164,1.1659975791029302,-0.12239376245891444,90648,71.84,0
1.3373981074427437,0.4774105734360883,-1.1000101537494567,-0.048165182290372185,1.3195291740298136,-1.074970953608707,0.08534923442854314,-1.1099815971120328,0.24340916908415777,-0.3949430814157905,58904,49.68,0
0.44254562420405297,-0.5463243585126668,-0.6901049080521332,0.047055220903524465,0.7066279838375339,0.9243042668241257,1.0881700477746266,-0.22682975236570238,0.34937861259070824,0.5471920406249445,21970,44.21,0
0.19510397314288802,0.21881937104680035,-1.2775380173581303,1.4498118303709555,-0.24164480725949886,0.2632896244576094,-0.09881553989352235,1.5034472994333248,0.7113096439996707,-1.0896797097806403,74429,10.92,0
-1.5927942597215277,-0.27733820879366844,1.0598044249313672,1.2807733161431698,-0.36850244336221244,-1.0391208310755444,0.04325748602593875,1.0626173928773215,-0.4065347431589141,0.5158299147304337,150163,84.48,0
1.1906006788679186,-1.844496993811034,-0.35640234025119183,-1.1903429983058353,-1.5663096360348399,-1.0913314471765445,-1.7273305213236536,0.8202316556367192,0.6585722695512903,-1.0032798246641348,129096,97.82,0
0.018991186640108272,0.06456797438739051,0.7242693387177451,1.2227734874823142,1.7807283731179098,-0.32446212910082745,-0.9773628492986434,-0.668826611318101,0.40088908108267757,1.9657489212499253,122603,72.32,0
-0.06979878576213788,0.6135855160113759,-0.5458835838028594,-0.09076194347176915,0.7152573868451347,-0.40725392396832805,-0.5869222192511079,0.3368322255775625,0.1342262153074535,-0.12252749731264705,102896,78.62,0
0.503048668376865,-1.861389755221022,-0.3602861167580975,0.18439373758862196,0.37992328680044857,0.17114151604912703,1.2377269815337515,0.02868553576688976,1.1639127128378917,1.3046294787531767,101319,54.53,0
-0.44606937845883377,1.0837307806073746,-1.5703990713606855,1.4680465286160624,-1.221287916310358,-0.8314196500730329,-0.45449115224456677,0.39698533759904536,-0.5048075564843136,1.2281070389619504,83222,104.97,0
0.7673172404612268,-1.0576547961228648,-0.6623477886798963,-0.03593960196129861,-0.9161124603246138,0.15130654000973548,-0.9443861425023862,0.24333406506867974,0.11303952262772723,-1.8128716831795848,88816,40.41,0
-1.3102967497654392,1.4390750834862203,-0.6958978871500408,-1.0126622493794006,1.3560436314849675,-0.7248370904324796,-0.022196166913670337,0.7324747199858609,-1.2757731393148912,2.234189045279947,113950,21.9,0
0.0679131691693355,0.40236534841982236,0.31162475567459863,-0.5821490063576735,0.9849850271110658,0.47684111268985135,0.631330605707724,0.0885260245218454,-0.5399497460119977,0.6427790814895014,59322,35.17,0
0.3204495138460378,0.7648042717265899,0.7599414153808475,0.00034188907827354173,0.2692328900921232,2.1087043617064585,0.5943646320010014,-0.3639925295704163,1.4969904970247194,0.1804923046233661,13719,4.9,0
1.1781848528171845,0.11554952316446464,-0.7824715258550916,-0.8159301412587299,0.6479384810802233,0.30398295055210667,0.6682059310989432,-1.1500736638399,-0.662348727946988,-0.19287118613183868,13297,88.19,0
-0.5607541640877456,-1.526585856687684,-1.874015774930339,1.9300945334934188,-1.829211027713974,1.5427490015144636,-0.8844132959221176,0.33540132718303495,0.12806183350379338,0.32276582458097663,162556,9.92,0
0.3833771131824704,0.006734534101622121,2.0098077489711277,-1.2716965542996927,-0.0014668935388082768,-1.4433404427280552,0.3136122561354609,-0.37541434278450503,0.9035823451972765,-1.2934954358513528,138046,46.33,0
-0.5352555666305784,0.044187834959585996,-1.0540901901297357,-0.5353588032709344,-0.5729464718451013,0.4624921178999815,-1.2769361176042486,0.7370894823430476,-0.4457764128897157,0.45274897687986054,40259,53.01,0
-0.2051616888660442,-1.5137616266399756,-1.7920328558838285,0.947711756591868,0.7320734874260121,0.14889547810609455,-1.1060406843850372,-0.7946445606944802,-0.670982581463345,-0.9315841956019763,40452,99.44,0
0.25590685010422287,-1.5852546226077653,-0.22898497895304948,-0.6558490888385612,1.094548275233457,0.40508167110485566,1.6534632279233175,0.34458834765612395,-0.7590907756728349,-0.568233265598333,116537,62.78,0
0.9211507463947922,0.09891547876311091,-0.008749396756593255,-0.3024178198456219,0.9205817582716221,-0.7216033208616328,0.2189226209320635,0.002257896705598905,-1.0018048910119774,-1.2891680504250584,12570,85.71,0
-0.713553981370355,-0.43702730761000175,1.2020272839704742,0.207113430114827,0.6510661227372702,-0.7292679819584333,-0.825835519686871,0.012401944818845387,1.3022612745694504,-0.3475021992162255,126414,169.39,0
2.272991825979389,-0.7051912089293261,1.0569317812487937,1.391232836398735,0.40022023927052225,-0.9423784922308193,0.1198503182351572,-1.0526735155892195,-1.098802588077287,-1.9983427477727975,106648,43.67,0
-1.8309058258475304,0.37796262603407355,-0.17297154626495317,-1.2263188392972721,0.4118392739059206,-0.7345462902549224,-0.6040328674416809,-1.0117381173518114,0.9679769113376846,0.9684781571298529,31680,27.02,0
0.6161346680022383,-1.0433501836173147,0.4388488166354295,2.2879743747346946,0.9622205728019577,0.8192748153293696,0.8835036197046491,0.24747084283400278,1.5864392067463056,-0.12254253649731198,160254,51.0,0
1.3289605904369892,-0.5898813315538055,-0.47157895964918195,-0.9286547819223209,0.783382248852705,-1.345809697722493,1.4422032525136863,-0.22590103098916242,-1.0519958534196967,-0.4082262755587498,66399,72.09,0
-1.4682637598688473,0.55623913497328,0.37064089727020477,-0.8978037450319751,0.32926358440985865,0.12239869172149931,-0.7270945353948844,-1.3193641842250454,0.3345263327879486,1.9117207435812356,68303,150.3,0
-1.6062568182953822,-2.559916566302497,-1.8007430734248644,-0.373609044891991,-1.5834363028951444,1.8089675687653344,-1.9854654659155202,0.39570359864166116,-0.20997621724507326,0.4801497197180989,614,52.88,0
0.973894128217401,-0.8242992082176034,1.2332201655107236,1.2886908673939161,-0.0023837097571301727,-0.5393561459036081,1.0647258668844564,-0.5049086095761036,-1.1447756099941109,0.5955614300088796,85360,144.03,0
1.1129658916602636,0.7928471185176799,-1.388384300989857,1.0235866466250068,-0.4252852051382757,-1.7367513275100213,0.1981673396599849,-0.7300866437708272,-0.8051472209367425,0.4448835278185975,118593,90.26,0
2.003509410401342,0.9272505073458861,0.764372296342938,0.3695751403922469,0.1367124287435586,0.8140252947611006,-1.2611030335979663,0.10054372348197903,-1.1250228426365123,0.45071009924779454,70326,85.37,0
-0.33732516206850605,-0.042304725672598735,0.4993195683537887,-0.6357945446144277,0.6817262268966698,0.7410632860450097,-0.9113719855360253,-1.5484853350609986,1.860504985557505,-0.6582780536303676,14502,110.87,0
1.6941802042110465,2.9452473415396407,3.4230123910808534,4.274280139832923,-1.8242257076350095,1.877517958140976,5.343118715275574,3.2546290446297452,2.799813906912184,3.028643462269743,18013,700.04,1
-1.7056522160155172,0.8856856536527323,-2.605788587527226,2.2347332372859943,0.44808134697505675,-0.05442251028191393,-1.1959253138250674,0.19820377452415003,-1.1760626301786028,-1.0457260450529462,97890,35.22,0
0.07571328795683367,1.0566098490416067,-0.6902571783903797,0.617294080661561,0.5642468996851784,-0.7137011734705238,0.003085154087149521,0.5689479384174226,1.4657370943674517,-0.599044183916615,30772,129.14,0
1.157507758021134,0.1023103338088603,-0.15896810822921661,-2.367921218861199,1.4225884603978132,-1.122052363884504,1.0798355789996796,-0.5917764457722258,-0.736263730130815,-0.1833924801489032,58149,54.82,0
0.14551480533559535,1.5713949969507695,-2.1241586675188358,2.3248039595959145,0.5531496213279995,-1.4898795606710118,1.5847044157369163,1.5593177156879934,0.21942921529093604,-0.307371422523353,112384,122.02,0
-1.3118031657772113,0.6536827088113185,0.21390900949466274,-0.12052894007772563,-0.7053294927074957,-0.12192038375503231,-1.02722146721204,-0.050901898894545515,1.342178934916486,-0.3445913651921112,160903,100.18,0
-1.2267687345516363,0.653501321538513,-0.24866689210736065,0.43876248352132075,0.1299539566675541,-1.3008386660580131,-0.19175449753392546,0.4918964840416902,-1.5021790432104791,-0.03612946978756817,87205,60.24,0
-0.11626664531036575,1.172112927476695,-0.5882173516959495,-0.5963278530093554,0.16984381232799758,0.8005818876100711,-0.9741890607301554,-1.015939698469693,0.2539876722339386,-1.2559151262200807,83664,20.48,0
1.5163686467253361,-1.2122100237467663,0.4040558481200959,1.0180986474793647,-0.23841800385698886,-0.7784301771719252,0.6774724004639007,-1.1543825626278084,0.01779893276963813,-2.44336525439281,143561,104.64,0
1.6835862095380225,0.7886111192652209,-1.878876052122701,-0.730166285865652,2.6575200205103724,-0.16253304335640567,1.3973586138984084,-0.03853014380070047,-1.7720547279446817,0.6180929533429864,1379,56.72,0
-1.786707511368078,1.1412659695103695,0.16609486126021009,0.43500537780340126,-1.35349157147302,-1.0061419380670662,-0.05632580311555679,0.3389582672210746,0.2007170638480723,-0.018643503469567085,14420,0.56,0
-0.16884258520296613,-0.5423915094682898,-1.3488363204168115,0.2725559146597197,1.781925864365022,-1.0238777675971844,-0.18138917214597372,0.9734822936710565,-0.24634484881759913,1.4910362720262695,19919,21.96,0
-1.0967855784546396,0.21534379328874922,0.22434045544277556,-0.4251421359837722,-0.3509649215689761,1.7839591788715732,0.37236216741312317,-0.6150223087465371,1.9712905723405343,0.0002219095423826803,118877,19.86,0
-0.020706364106233777,0.42303597473040044,0.8309466793666148,-0.19907158797746502,-0.6558181318663012,-0.1332997216658097,-0.8072847749628326,-0.33260956497032523,-0.36168493893011644,0.8880052549890308,66262,84.26,0
0.278143726454627,-0.38833390313264615,-0.25098882058836114,1.0843370069194447,-0.8868696318382332,0.7731199730922478,-1.472683822319886,-1.5325817383086626,-0.39220527096119867,-1.2467405301663381,31990,18.28,0
-0.5434955079326346,1.601571377895426,0.0498000345219375,-0.6279255530068186,-1.2590985067683942,0.27306585597577754,-1.982429760812106,0.25684774343211086,2.2398776163300402,-0.2207396997130866,113597,63.12,0
0.33964176671335083,-0.10223572796214128,0.5664655247862109,-1.6230604716803392,-1.1450739583590241,-0.5361752176453872,-1.1781067662455265,1.6362266473328106,-0.48168123134658586,0.7463097873563196,113119,90.99,0
-0.5714492191967373,-1.3150546090375794,0.31206642407889745,1.0572413725125822,1.3932564041319975,0.27215802982543186,-0.4085073365606463,-2.0348185675937995,-0.8191828677720735,-0.7029164973989354,127354,72.83,0
0.4194648928532483,-1.3717755577909683,-0.03533455229394842,-0.3732704617553693,-0.3563655062206215,-0.7984686791721995,-0.4487485840091213,-0.9987223254239641,-0.1156252326364593,-1.6889837298150372,106409,52.62,0
-0.05493486620291775,1.6898226204410154,-0.042352938157114994,-0.7622656752638802,0.9058153852833678,0.7537790805287139,0.03220929691018214,-1.7722122694087714,1.586006967043655,-0.5215164401138744,158584,78.29,0
0.356756290308358,0.96045507747167,-0.09909364909249228,-1.3895630058952957,0.5510653511962992,0.08951359081295969,0.26853208207996515,1.4292325248562996,-1.4704798668362538,0.04745342721260757,98481,75.63,0
-0.22065607324128275,-0.1461229114154082,-0.6526779865872612,0.29084600141358746,1.1947152249907882,-0.33725095610952555,-0.5992777907759603,0.16901834495488696,1.1002328390392544,-1.1224401216075235,113070,4.32,0
-0.44856420802835434,1.7942317793285865,0.28948726541125236,1.7136742391683042,-0.24014889117783317,-1.4802040270407004,-1.1677223193904813,-0.17389473521889334,0.10770223162012967,-1.7795529463962139,60361,33.17,0
1.4540501814574582,0.8017959099004475,1.2775765215431991,0.6815858690394274,1.6409242010534517,0.35856845320634534,-0.22674275178249276,-0.0816801711382661,-1.8879891854268196,0.49769669532079897,139251,62.11,0
0.8403081374573955,1.4687637446545818,-2.425908404934669,1.3817340636558086,2.2557438191333072,-0.20346061104290386,0.17182019542558055,0.6291570186347337,-0.603751521762687,0.2727468402328118,63435,158.63,0
-1.274618402015506,-1.8396549898024643,0.5689556063739339,0.387879456893237,0.2888763833590886,-0.35065448223628093,0.5196391819467335,0.7071924028813356,2.3737210991000257,-0.3697559234517329,30113,87.83,0
-1.3018227522210977,-0.8127469610457412,-0.321560566631213,1.7506350301399634,-0.35979158728114685,-0.7576424076700841,0.07014967885769471,0.4384772192666922,-0.7844353720980158,-0.36324868251024867,8258,6.22,0
-0.15461075861990903,-0.27624838521399475,1.0403262322197848,-1.6195030931285463,-1.2985242458498951,0.1278362665378552,0.16488480163371386,-0.40816972203649704,-0.12141410779715431,0.26735939260627545,12973,5.14,0
1.8771364753316424,-0.1665983076496178,-0.5138901289409595,-1.309482295099386,0.12470506883758806,-0.3738320341598101,-0.003013937960264833,1.9563703208549612,2.39534443410562,0.3808790575380989,16324,42.36,0
0.21530262994151197,-0.20677216355189393,-2.772553610053703,0.6467243773470688,2.995130363696082,0.8801748582231509,0.35158936168480576,0.42873554132052766,-0.8158459588128644,-0.07550758981835466,159262,76.12,0
-1.8463370111204804,-0.07920404098801156,-0.6082640215438392,0.5834327494378747,-0.731637854843435,-1.196793236776362,0.6730158262926322,0.15095339559197893,1.5641288349392,0.09801592824594622,1593,85.26,0
1.0915836193774722,-0.45961508607392565,-0.7423011176338571,1.1973147342872235,-1.18467980019154,0.9238891053320395,-1.1532872683290971,0.041674142271552195,-0.037532936573936214,-1.468595546930982,132094,86.57,0
0.2310099772555139,-0.19041175701004545,-0.5041368130373036,0.06686765084477449,-2.0491920166173037,-0.3014334853105098,-0.8793469191581964,-0.11859673965984306,-1.637266794738393,-0.09412598529097212,4414,152.67,0
-0.1792266254497549,-0.9667935211660346,0.9478498441840553,-2.943887668682481,0.03137510615660677,0.2471685564136635,-1.309958194954815,1.2825621179225057,0.8512147993761583,-0.7745707596394721,14210,149.45,0
0.414616285026703,-0.8112963347867491,-0.19131960005615892,-0.10793779659340613,-1.0540947973877364,-0.07523051297531867,-0.601500729643516,1.8182815919130166,-0.1075022439989897,-1.3887703261837834,43398,63.58,0
0.7874827043855253,1.0540415961636707,0.5159942376845734,-0.2147466645997193,-0.21135405040635602,-0.3249547252196993,0.07754714379504593,-0.04635328516936294,-0.2570239320150303,0.39749955992726654,31394,98.58,0
1.477393634170035,-1.4226006487830172,2.678775974966068,0.5169167907640803,-1.3006174942757465,0.2993176234884291,-1.18993823361941,-0.5546451572045614,-1.1222418326765982,0.0388943058824578,114432,114.43,0
-1.3938351520346257,-1.2136027781391423,1.3094263019455128,0.5114225677258678,0.2731623405402428,-1.4556551182332127,1.7540132767261527,-0.5581865712493034,-1.1132225909648439,-0.01483594245113062,126489,50.75,0
1.461799167547305,-0.32669258858695,1.2147844765495195,1.290757461078476,-2.3871521121252735,1.2835910144651879,-0.30248417924192805,0.2978543673592778,-1.3213068791307137,1.0470874087269488,123448,119.02,0
-1.3748958083699818,-0.36945533782374834,0.2744355693942098,-0.37070460288742235,0.6280578427422266,0.6161901292127211,0.43737614315034784,0.32026826467315983,0.47489183875357893,0.8510162673097027,46415,24.44,0
-0.2738505055462372,-0.5104408489072796,0.07162102851068375,-0.7307363846328065,1.2752645386206238,1.9349461190095545,0.9518003365089319,-0.469682100347495,0.8683896366441906,-0.033230323705809514,11096,26.67,0
0.661378189891708,-0.03670719561899534,-0.016698613086298133,0.7163882408500528,0.6332063998861223,-0.7410942895915659,0.5517668773143004,-0.887647162594006,-0.19475846606289407,0.18397355063524443,28671,132.66,0
-0.44169179417299426,2.6111026783878413,0.13061439757930482,1.027831588432296,0.6006490856285324,-0.23439122120907074,-0.6957491389468524,-0.26663891393199307,0.998652976595707,-0.07023914773883298,113831,99.98,0
-0.1900716729007449,-0.8438550752043381,-0.4802750286244204,-0.4883294240713444,-1.2707225989940136,1.2976668586049531,1.0559644269640553,0.8994925626872124,0.13448667688359783,1.176420358065061,108413,5.74,0
0.4137923171902139,0.32290923040472297,-0.48273744432334303,-1.6308377931125622,0.021759840797327068,0.017112028447046856,0.8322283200504094,0.13545725098508216,-0.08277909855957083,0.927005566703081,137287,148.62,0
-1.4237344353990602,-0.42268298485232736,-0.5008411565285328,-0.7943761398538446,0.36766099327727453,-0.146245580617356,-0.9643286539702169,0.19679444342773547,1.0376011067368822,-1.4682717504673002,152743,100.21,0
0.2912314168473797,-0.2507825341777729,1.981263454721924,-0.6587001661757365,2.797016010161739,1.6314801144427198,0.701936224014839,-0.6598108189614814,0.027263486021683294,0.8381467579440671,69249,74.67,0
-0.7857962693827731,0.3556933821137109,0.07209480083975534,1.2407332491412106,-0.1837499538705739,1.1855433372609887,1.1339503928646468,1.4403546763581532,-0.9794373429428846,0.26704706900617153,51313,49.15,0
-1.8102133210868163,-1.0519278219798232,-1.2475384605973305,0.7047745026050286,1.1453394305341051,-1.2381320527936235,-0.34063464971717816,-1.6100889113347416,0.4029393409613626,0.9741480424308058,131520,74.63,0
-0.695942611670703,-0.386445762226417,0.5250641099839399,-1.061786089937132,-0.06357200735515597,-0.2169735887338547,0.3887059081608008,-0.41523945734530465,-0.3489689911360931,-0.26780941623945564,104241,106.24,0
-1.1805943397534906,-0.9690524761897973,1.2032582230167888,1.565564820091453,0.7363695287646863,-0.737511979412805,0.8263709354805179,0.05380805380002453,0.9212937129307146,-0.48453390220364667,49116,15.81,0
-0.17040758116420443,-0.6410159159875635,1.277259557212047,-0.2240145235216122,-0.5295190365678055,1.7091714974091443,-1.367489398372277,-1.5336992092614223,0.49052881522942376,0.11079752604802592,161207,21.58,0
-0.32055946872654184,2.4111396967982284,2.2866203464329997,1.3951932987060718,1.9535752304742608,1.068187725953872,4.685450657265781,3.8750186688090476,3.08899098671174,1.6702659182592634,52500,440.04,1
0.4663287721704166,-1.479132554141762,-1.5340598832214616,2.4345326688491586,-1.0798775633268254,-2.1673662454143763,-1.2029006908557804,0.855181841096565,0.2719947042136562,1.1379647136626534,38120,72.72,0
-0.13382296451604114,1.5111365663591347,0.19370946613515708,1.8877982449554194,0.528767635709635,0.9955987595022235,1.3193225723965953,-0.024880562135931938,0.1698591879182411,0.1439450410199166,49756,38.78,0
2.5381386586902033,1.952164727914264,1.0157326255465096,5.601048183314425,2.7461224095138963,3.0570613756305822,3.0450451049476768,5.5111084972037965,2.927725638011809,4.332619672694685,110867,146.6,1
0.43963660601699356,-0.2833431737074994,0.18450855372278024,1.18453924551438,0.3756809225228319,-1.1939337601613753,0.28264273913015814,1.5499519578287684,-1.3370832669605248,-0.5492748955343216,43488,1.12,0
0.8512855748447891,0.630612362483333,-2.427308244795156,0.7645616720291858,-0.9215836236702943,0.9644048953605289,1.420791527413573,0.6791581038868931,-0.33985479930595697,-0.7134717201765752,69477,63.19,0
-0.5520247290115766,-0.7075232960039459,-1.4660817622396431,0.11082352430691157,-1.996703947603627,1.3484520608444754,-0.9499173990791543,0.8924136885820126,0.6117822754117709,-0.12318177142604798,50039,25.31,0
0.3920109373657567,-1.469857516107135,1.6201061394586438,0.5079635789291874,-0.08381869882790173,1.9063263977834999,0.30553445859282974,0.22194424343963007,2.3400089084654048,-0.16161340259482332,51153,64.68,0
-0.7219945397367117,1.4039560535500122,0.733317864600333,1.7002090886758383,-0.1721483206717906,-0.8526451673546678,-0.5269896985686852,0.47994854321821684,-0.6633336674367282,0.3753346351079934,64136,93.44,0
0.28208789083487973,0.6490461289556837,-1.3592765464060126,-0.26388232643625964,0.872435178022542,-0.8594390986237331,-0.3309567497050653,-0.880219392664407,0.6655397730570877,0.16968456628513298,60954,79.24,0
0.2470067074841741,-1.0842796008353577,1.5132187214493837,0.10503707602784203,-0.1522879239624276,-0.7429872862089923,0.5240931525711989,-0.2341349984162031,-0.7058447514671461,1.6047873154239014,68012,17.94,0
0.08271820186318887,0.8445708597164794,-0.8429598658458911,-0.5006920238493904,-1.1029604997230638,1.3308567282298165,-0.7302361621819414,-0.9210284775545601,0.7919000957144205,0.3877170914094959,17588,158.57,0
0.4846435113117023,0.3239396420860183,-0.36971702523602007,-0.9612844126119443,0.8852400475577491,0.5975409457467562,1.3417645678095353,-2.109638751349016,-0.1291549206081707,0.2812907813053334,147108,67.13,0
0.20470668602052994,0.2228991630038379,-0.3634750039613235,-0.06069020093158128,0.7278085448741498,-0.8769269485084461,0.14653130647672571,1.5472750796642005,-1.189432817192722,-1.836191386699896,145761,63.07,0
-0.9444228784030915,1.7851278019658896,0.1499032973906105,2.1921825021562906,2.151758975180036,-0.20651797827686397,1.9316672539366087,0.5821294945320687,0.057947425476303105,0.04401282157537574,118640,17.01,0
-1.4718123513241856,0.4986358672518455,-0.53925748162082,-0.6743018940932767,-0.0766688056209485,-0.039642613685584374,0.140806303365332,2.0972653386314333,0.43398043243366125,-0.6100437713940914,29577,73.8,0
2.2995890930373193,-1.8560206898867897,-0.4226590705071891,-0.5467758337539146,-0.4244169426971771,-0.4138585496704325,0.6295912247674517,-0.19132893964187367,1.0153213416858464,0.09396114734153611,120189,116.01,0
0.16947387119326057,1.0153318243818528,-0.7550295375448344,0.04530682348474259,0.5597019503036693,0.124271388451788,0.8131136554844498,-1.0500900523095997,-0.11678408572238198,1.150524134535555,18588,51.06,0
0.4348842714636474,-1.0080478708740281,-1.4694417047196846,-1.4705104739371213,1.863622377157307,-1.1549883356904824,-2.4965997950630507,0.4397218614675479,0.42056740257656267,1.9215570746170842,34909,90.05,0
-0.3162425923435822,0.4696967194853532,-0.7939894278319191,0.9653412923140626,-0.419615480669006,-0.12792345800550073,-0.4457067568314786,-0.15956863379156172,2.255053583520935,0.27024082625921153,113240,96.61,0
-0.6667508502068556,0.19440587694056835,0.5198037535556334,0.38122929857805077,-1.519387088057646,-1.2165166508000995,0.7227510576976323,-0.7233666101398996,-0.6798557833644203,1.5405992150497547,8418,123.53,0
0.4602186394350634,-0.14171809554383202,1.316348201204661,0.3709025447782209,-0.7668162666772819,0.08033510523980861,0.1413870373327949,0.5361067817367328,-0.07633231269543252,1.4999542459664426,60174,32.46,0
-0.9177089745002595,-1.3672128913019983,0.05597025357875674,0.6773998803592036,1.2140503406380856,0.47129454534458826,-1.3909897527417179,0.3428331414857675,0.29651683617251823,0.2085566518607832,88173,77.5,0
1.0480295776172526,0.3365442242759801,1.0866948134347965,-0.5853623046030073,-1.0082354924860506,1.58579845411072,0.12468621979131778,-0.1769114225816663,-1.0814590702112945,-0.8336625518522882,154722,131.91,0
-1.4980397753910466,0.3381059215063302,-0.8725960302136638,1.1918998441788446,1.371743822473672,-0.5568876009630063,0.05682315296327967,-0.20746834917486945,0.9827664728683249,0.9647581614551475,2496,30.49,0
1.2370505418424689,-0.14265811326429617,0.06307567350495229,-0.2720117408801346,0.11963149910586586,-0.9776421270354221,1.071814588451308,1.1943570308133193,-1.4276315688509178,-2.1969145293843835,7687,85.06,0
0.493267793839099,0.3996306861600717,-2.4313485579106118,1.5898661718249083,-0.02357746215505412,-0.5809563234561563,-1.6861608856878347,1.0153936718531409,-0.11649880221987668,0.054444692657689614,104839,15.26,0
0.3877031412620148,-0.9395627418527589,-1.3532688927105265,-1.1428644727903685,1.7679319429815843,0.10964019415733277,0.07888855867289704,0.7474842947908106,-0.6385798514760365,-0.572200817144293,167743,94.71,0
-0.9204557562492998,-0.5249325147546792,1.0849845350839589,-0.004865718221292914,-1.8257721818333357,-0.06784695755870311,0.5412049669414887,0.8151845523581985,-0.6860746850335528,-1.5801050950476723,32426,9.44,0
-1.6052712471325676,-0.6240414398792106,0.18087022641565326,0.5405117112662879,1.6099903939360567,1.1265382817824927,0.3394381054196218,-1.8066911968238026,0.4622084478286435,-0.624591008755058,23203,103.91,0
1.4423047911862443,-1.2709528374055592,-1.0291918432710732,0.30051047682512244,0.5279817014910116,0.5555387020574802,-0.2687281443251039,1.9452023390492441,-1.3216371813560446,0.1843996962861569,52775,88.41,0
0.7933472351999252,0.41527969026545347,-0.6336320849451457,1.1243501613986955,0.07939296466366516,2.033464179167857,-0.41633668945862706,-0.5901410189342783,-0.5237628098334449,0.24526469652535665,88245,160.61,0
-0.6205186206486616,1.2553824609077604,-2.3471737283381673,0.4544549884990673,-0.7614565436873741,-0.47498983672062767,2.0600701446130554,0.6165829639240712,-1.436294897317518,-0.3589642155501342,116294,139.75,0
-0.7261444026863596,-0.7708446264578068,0.46767837730710793,0.412423158198868,0.9939400434555947,-0.31198370025830435,1.3960972612141203,-0.004108484037956215,-0.23568762410081895,-1.9386042595373496,133997,35.79,0
0.21066687772462028,0.17062708361908155,0.6224926232399093,0.6373547406690422,0.24831683955559872,0.4395018685343685,-0.840503533959904,-1.6662329521125243,0.45079892209873157,0.6356208617362945,33695,57.83,0
-1.895045849947881,-0.13619970878397838,0.8387936983678286,-0.9843311035722854,-1.4544127529070021,0.16946665976348838,-0.7129763448856498,1.0133868424737364,-0.5496869137597638,-0.28454444415558183,124487,17.12,0
-0.16692793010856513,-1.0953936892160367,0.2212295420006227,-0.2473085056075546,0.3047089971575089,-1.3647329833973596,-1.3603691840398002,-0.6924297587822523,-0.6743588664326582,-1.4027929737343607,161770,39.54,0
-3.047632565352754,0.3139651524992144,-0.976809763615125,-0.6060715898941221,1.643778427811496,0.4758485710704116,-0.25881518316327934,-0.6185321511129627,0.7541715006379996,0.7283629841187913,56622,21.69,0
-0.07972956385680847,1.2272911466421925,0.43840520338236943,0.07498963191282787,0.2629671427671633,0.046179163240046645,1.9247652817184364,-0.5529641639281685,-0.48101065840268314,-0.739122392040015,143258,16.36,0
3.4462134940023903,5.783773675465364,1.2090409782932874,1.6326768991821394,5.293251379334557,-1.3311118347048216,2.0730256356590573,2.3274044269817202,1.782759024861361,2.9788063215642846,21808,330.37,1
-1.0620462588465547,-0.4935822513280676,0.22035383280696072,0.17767660776220065,1.1360572262676651,1.5401893878724215,-0.6159770941139734,-0.3898498423907603,1.9473863759960417,-0.5115808123493958,125856,84.01,0
-1.5679304164304986,-0.5350294543083745,-0.5863639500620061,-1.8522492859204922,-1.4176090322184984,0.20664007421348365,-0.2467171547313977,-1.6392625897743716,1.4146201601956725,0.5759870413452302,112490,76.45,0
-0.23212569049535728,-0.41004961736383877,-1.579013297570244,0.6727812796983775,-0.4104069434153738,0.8980003669214832,-0.3128286574279057,1.1063744618850997,-0.7883024305697173,0.5693114992815232,55142,167.27,0
0.6685553432567358,-1.5051279426706532,0.07803072552008439,-0.8432403245875508,-0.5756234651492074,-0.7338008208640142,0.5624910743599889,-0.8600435910170092,0.22748426837194383,2.0070651424066988,107293,76.0,0
-1.5221992751914284,-0.9044532262960451,1.0449712989467017,0.811493741973321,0.3211883422224382,-0.7782896852701315,1.7028611922056234,-0.17533323613792748,1.9765010591526329,0.5690073142464599,4059,17.88,0
-0.39777791394020817,-0.21096227937068143,-0.5308536074772426,-0.48555711636235127,0.6084338842936083,-0.011153783659332183,-1.237577964517987,-0.9879150759001204,-0.8120262567308079,-0.6489114818772418,86763,64.03,0
-1.1719715929007948,-0.2783664403010984,1.5731790288732976,0.05182332760036592,-0.30180354997569725,-0.13898782617284264,0.31831490640472443,-1.8419617121438558,-0.5436687321716064,0.44125375383736876,61206,30.47,0
-1.6022595410589253,0.4748163228630915,1.456688850916263,0.16772916771597735,-0.4682311117311159,0.0875506456902121,0.41804665379956696,1.074771237937543,1.1723528829631025,-1.6810025786683576,31582,97.39,0
-0.6631737506367649,0.941381950490345,2.218141394712126,-0.23216123467554106,-0.791010159313637,-1.4494366016509068,0.4562831023212513,-0.8061905400911277,-1.1066728847851421,-0.9318236358395041,137442,13.72,0
0.46221248901062467,-0.8285541534336024,0.9585128590574828,-0.334399403847255,0.3296550484679967,-0.15742281028525582,-1.1729312838882398,2.0475051100986446,-0.9284104099424422,-1.15208725721457,53314,15.1,0
0.8479587434636998,-0.0283133356522669,1.1252677461876508,0.5456903431210129,-1.1757200084143575,-0.7466159816479937,-0.31101624729882466,0.14156550558616898,1.5766722628797516,-0.21830854155250584,26921,41.35,0
-0.4064150163846156,-0.46164220292094515,0.30376407551719103,0.7527213048609925,0.02666899295189106,1.351709105372455,1.3935494894640366,0.06889829363373781,-1.9709532800961351,1.1501277296265526,81821,156.87,0
0.15092152680649595,-0.03002344780847147,0.026892061725186146,-0.3897678294771549,-0.6845580979100881,-2.108557300525894,-0.920803785502116,-0.4199845596014019,1.0822370053450034,0.1661883964965564,16802,54.64,0
-2.344343308418874,-0.5643132377612419,1.0718527286548727,-0.5887658279771728,1.0932340918565167,0.9559146327623915,0.4881743968238727,-1.3914584985488208,0.03142116029636186,1.069082858026941,109303,58.48,0
-1.3504214180553855,-0.7570295658504664,0.03787162958997776,0.500688251483219,0.7778926289381731,-1.1536117239417165,0.45057742631884107,-0.5036081874069511,0.021674509146998068,-1.56315896538667,127092,85.35,0
-1.034308051674399,0.09759326085181382,2.187926996869377,0.09940252798176698,-0.257716561387656,-0.7082187587461486,0.5172377405196646,2.261529551521538,0.5164250019584302,-0.7422538374638797,29979,9.39,0
-1.4481272594150476,-0.10258594620857964,-1.0650443699555594,0.2417112223832046,2.022392818747079,-1.0843649408989298,0.3728002566626673,0.6862979925548902,0.6152619511052647,0.8614565341045335,43747,38.81,0
0.41389028537269307,-0.484800399502237,-0.5862006765789738,-1.4203938565538892,1.0733728201306294,-0.3119582098742691,0.8356354568912998,-0.8643530729705211,-0.7681613181415141,-0.6928046976549085,124303,50.07,0
-0.9064310592771633,2.551633273290123,0.5291849914469698,-0.8508428759530484,0.835268079629934,-0.12412423111312818,-0.7272111647608682,-1.444208810863745,1.1857181018530027,-0.02505118696446682,97668,28.57,0
-1.0126838513881617,-1.508373387331847,0.6480450414810331,-0.7615106586411955,1.125888220412252,-0.9709212983234546,-0.4006228439879767,-1.0257020522944749,-0.5826946099206024,0.6546289041655443,3271,113.87,0
-1.016016529408222,1.2391599984204347,0.9146523840739345,0.554504084144107,2.134864083025039,0.5700021512237344,0.92042738400042,-0.141633679336966,0.7893900878979194,-1.2353459615754911,3070,27.11,0
-0.4871135608151781,-0.039582714972448675,-1.0002041999857756,-1.4103381860814241,-0.3104828821929197,-0.11212102039942726,1.1275293428717001,-0.728524841720914,-2.105775658252976,-0.47646469810610564,124736,85.94,0
0.999674019871989,0.23958364414552194,-0.1693276967684734,-0.1154939476853354,1.3268669568197757,-0.2175384885139468,0.8511526527737022,0.46572733492027424,0.8005008534488093,-1.1862641387832769,78731,54.4,0
-0.9943351084951194,-0.05974617896044361,-1.6325190420024265,0.3467851365871779,1.4697838550324989,0.2543652688569327,-0.6400640289670326,-1.8565691072615604,0.21046426297414933,-0.2981580659761964,76052,132.07,0
-0.7194815459785476,0.9533035516427811,0.10776208867632091,0.12551962054762003,-0.8782130721518852,1.0725617429946501,-1.1308768821444017,1.1683605849574012,-0.3079419962508205,-1.2138995185367534,33034,27.46,0
0.1020312972405742,1.6464930754838332,0.9333300208640003,0.5538925587589626,-0.23075894837576463,-1.375364147067248,-1.283422476159985,1.5087578002308168,-0.5654267188476655,-1.5182878104006092,58017,54.07,0
0.2677741974925111,-1.5193993525582523,-0.581649344032232,-0.9936327119850145,0.31557219784948487,0.6472380940295086,-0.06521205237308736,0.5566391982741611,1.0478132263203508,-0.8610025575597761,147928,125.34,0
0.4395161442914286,-1.0110037937149083,1.7425403033424056,0.5838343081286667,-1.3732608583222934,-0.4235862383967205,-1.2959759103663546,0.6888980599656469,1.0089737425179777,-0.5522453356172289,65211,142.77,0
-0.31619770458118795,0.6165077424678032,0.567446430370459,0.10695804386720552,-0.5670311220756922,-0.08644865541402229,0.4258573655865509,0.048506043004424834,-0.11025886446707536,-1.2792623012520323,156202,3.59,0
-1.3647416522015654,0.12583605522083274,1.004217968987892,-0.7557114591813673,-0.28718753877243436,-1.521865174513654,-1.9078245768066273,0.8482090520772465,-0.5768200084573842,0.5622358084801367,17557,103.52,0
0.2582288233226952,-0.704159937574516,-0.19476022673068688,0.45752454328089504,-2.0357274943285386,-0.7487427711363346,-0.28965556577568513,-0.6510677962739593,0.7284389481147806,-0.4624376426560503,65489,88.37,0
1.579091256410435,0.40993558498056715,-0.68224379613305,-0.5452514686675594,0.5113329740388726,0.0510607655044548,-0.4108284687128243,-0.15378167773134244,-1.7387887328326623,2.249652799475133,32985,64.07,0
-0.5944003521987352,-1.4217273470374627,0.2324276140615166,0.09336586130979192,0.28597897912938647,0.040267591244210886,-1.2790447383433616,0.09932696059857436,-0.978376677881881,-1.2610182483132544,994,5.69,0
0.5755465099998948,-1.7630855942339292,-0.7238726548272637,-1.9888999492951858,1.3591778830519146,-1.7467106873411962,-1.5487983725214718,-0.4210860362295192,0.8300306906097307,-0.5656075822022671,11281,91.31,0
0.7040150743216541,-1.8147617486751968,-0.5588419669281268,-1.1711785562297325,-0.9950284610955705,-1.230151722178926,0.8979816542361347,-1.2573935693045972,1.6243125419187334,-1.4441664302642707,93891,47.22,0
0.6840379131173813,0.5118959120492431,-0.45123692825054373,-2.0710235087986093,0.5744430468633508,0.293674479130845,0.4797857151472102,0.9711682693573526,-1.1903629969074119,0.9464277964638559,9637,81.02,0
0.26203581207438104,0.3113731291216611,-1.9676391966919,0.25686204290712383,0.5696114076247163,-1.7987149107097629,-0.1675565497658116,0.7095692231213884,2.1820771137221713,-0.17290236586128377,56691,61.36,0
-0.6917697430023131,-0.23492942824827223,-0.48679071675837665,0.3161064504243861,0.16181898981519993,0.7153174901793481,0.3665532755666423,0.108473121143375,0.07247556752925,-0.6875357359574492,145994,135.2,0
-0.292171185803555,-0.13039423891953036,-0.6507212307562297,-0.360530097429241,-0.06917332944659019,-1.1818812091706816,2.1976841449961455,-0.8479980913830839,-0.3247163134027872,0.8343459227134823,92189,65.79,0
0.9146240539868465,-1.85848793774098,-1.4894939023310871,0.20642812298661822,-0.07540582800391739,-0.438016149157182,1.3235179341800154,-0.6796844101210254,0.2732695421524577,-0.619753911497243,49591,43.46,0
-0.4471576573299467,0.5315859857427483,-1.4113674540763435,0.15987672130233085,-0.4160826397204141,0.09104570332997283,0.8508093873733549,1.2767530895837391,-0.1281982549724623,1.8371962100775996,15264,107.64,0
0.14116901883264016,-1.7219512695466006,0.6899096516358328,0.32768870491182184,-0.9754700667015576,-0.13600143552714444,-0.2713392059427344,-0.5313559806405643,-0.5344546236344808,0.18154111772742026,25100,39.8,0
-0.3856299815231613,0.601103944020014,0.7088095153221207,0.9242314859505888,0.08553256189442238,0.2778150822312614,-0.5794932206226927,0.24974216556611886,-0.2241569524846145,0.675347582781173,75722,11.63,0
-1.4771429651124275,1.171524509184777,-1.325110387123759,0.21891252155566446,-0.48762416895635646,0.24139012799778153,0.4088386179407861,-0.3556462122823209,-0.29295432263131255,-0.488912247301293,52409,37.6,0
-0.6718477397612058,1.4955440152017352,-1.4544615344029694,-1.0424433200607244,-0.4553323451048814,1.6107310946036024,1.809505814060753,-1.3748372416640011,0.9218349343125384,-0.2116508201745978,132760,67.5,0
0.9645506822393334,0.643992678531235,-0.7561096421277498,0.30899055817489085,1.1861298414542012,-0.7070922169485016,1.5251508973509413,0.8652032993368507,1.935487537635181,-0.7171206582986868,45750,19.62,0
0.612965380474599,0.11018057778135802,-0.26857791775539397,-0.34461970605757986,0.887221995631192,2.1852717621153803,0.7895422277588717,-0.9277911843240666,1.674104773207668,0.6529314519989845,83407,10.01,0
0.2882190630903242,0.9213301978776851,-1.3270580423615084,-0.10691462763475694,0.9417022421330418,0.4997085907082238,0.3104427284702329,-0.5865124689644753,0.06303906250812634,0.43028778059712375,130798,143.79,0
1.0393690449185533,-1.9118151597515047,-0.9280746281357819,1.0291349410333923,0.7519515707043267,-0.2839364940306632,-0.7876346695403152,1.0014198960975973,-0.04659047320829736,0.03165469801355255,59165,52.16,0
3.9689549287099397,2.1965178579998916,4.1361073350546445,3.870561651859105,1.2627739481737406,2.096607335307071,2.4513057606179527,1.1310040183720231,4.112058582357114,3.3083691060129174,119574,448.32,1
0.6766145517765254,0.33767701870469485,1.1652163820753614,0.023166356309827475,0.8626132190088737,0.5194135791656076,0.7257322149982198,-1.2831490342543834,0.017346390837190865,-0.2320510947985108,128741,52.41,0
0.01142605556065933,-1.554710073079853,0.45172934562351613,-1.4051165420684941,-0.5899087391299694,-1.0851460564900364,-2.1431840267898767,-0.3750101390841253,-0.3798385267228984,-1.8754213984352608,57242,74.78,0
-0.26641353407517704,0.025674453657999224,0.6079395337394395,1.2713011162176846,0.38787413116374564,-0.5383958581782503,-0.533791358997568,-0.3068070135976479,-0.648761747644108,0.14964671981164007,21030,24.57,0
0.21053467078924676,-1.1123319147813555,1.8743463698801421,1.3725442840972462,-0.9034022625450834,-0.06836114582489584,0.5490259226184154,-3.241672817878376,-0.8791209300447175,-0.42608209348724313,155938,66.86,0
0.7007231568595857,-0.8165436261967214,0.4204820127359998,1.6268008825063505,1.0022737237986012,0.23887432494484498,0.5630643471922648,1.690268713874371,0.5918552606175903,-0.6281480705706942,103776,24.45,0
-0.7438609270956342,0.9883377412115197,0.8945709901147607,0.021306557810573525,0.9107696512920799,0.6033213805492871,0.6889541262570018,0.11350661563375239,0.923678942498893,1.284436864243387,17173,83.48,0
0.9993363324744892,0.5231994472697504,0.5726517089904064,-1.1319244506457213,1.414800586184388,1.1095580667467424,0.7073087885423386,1.0109796273644054,1.2715768337335962,-0.5598561806015284,155713,124.67,0
0.005322860451700487,-1.3360617550554057,3.1261729427924885,0.43127530731801106,-0.7924151104255653,0.3409371435992682,-0.8970823250462154,-0.5921159444946424,0.3313621680763128,1.5689460941739017,112460,41.57,0
-0.9895381200318641,3.4540464022441815,1.058581053734378,0.12018384275976032,0.6030001966128898,-0.7756570919653527,0.25510446572257234,-0.44290312288041633,-1.1621618620252094,0.2364948242338164,117843,65.29,0
0.9268559135765412,0.7531123008777751,-0.6496575504081362,1.0888339444483472,-0.033979571604678495,0.31869045297305787,-1.16928739792469,0.5016958024728274,1.6455904669324242,0.46679608268741585,19652,14.18,0
0.36653140723722993,-0.9034825372238406,2.0540002884718427,-0.672578084039498,0.14837347843950222,-0.2137755605448221,-0.9245747855919358,0.17607807401479325,0.09956659270840494,0.04635596695330499,113550,49.41,0
-0.005121866720071296,-2.0408588506475196,-1.0332812273367524,0.08535221761834523,-0.5669914445046008,0.9921043229151046,-0.03307636500909545,0.9402411138673578,0.7009884932815473,-0.2927658675228466,130337,54.73,0
0.6556180611713827,1.1991704686772062,0.15115723167903694,0.32095142056444487,-1.8212981612694976,-0.6597491609091383,-1.2252157958963403,-1.0649096590107445,-0.9536776497173628,0.2914755820972467,4277,118.84,0
0.09074256375217302,1.2745906653813397,0.5977908845295841,0.5775773184176594,-0.34601868369404193,-0.9994263975842171,-0.4029338874633403,-1.4992457889776019,0.10621096450225327,-0.06935840743418703,84648,96.61,0
0.053537998789058516,2.1975014149928374,1.4958534514339261,1.0046509310656186,2.055032411383308,0.941702843902763,1.5940370784893685,0.6227017197589917,1.0209196589737117,2.4724982134342834,130355,81.32,1
-0.4915408261571657,-1.61973469381174,0.13986058075943492,-2.0466530777966914,-0.8861403034395645,0.6566714581463277,1.1158226965743765,-1.29305116830348,0.29615506330952707,-0.5287406183585536,20955,38.55,0
-1.6823264817910268,-0.4073066723184845,-0.4555201238766485,-1.250759584659146,0.35168141647078477,0.886976348237032,0.4796643202791693,1.5977180083529519,0.5622990880945653,0.5306305255379801,8508,83.03,0
-0.8947270189558264,-0.8431326580117493,-0.6310994500441196,-0.21761709980945082,0.4047665126492551,-1.347192311780125,-2.2389372329339685,-0.642140238478162,-0.9564356505285982,1.3443987503738941,123711,47.25,0
-1.8919462533119105,-1.041123135948791,-0.12121480472361965,-1.1486683659050159,0.04384395621349431,-0.9305282886984875,-0.08671879308249515,-1.6647306071638892,1.020739158140401,-1.1014194661738395,15082,48.15,0
1.3777362362747443,-0.7679554337401511,1.384906937645251,-0.5450918443657804,0.9153477977515984,0.19082127186492498,-1.6264059274856337,-0.03166699710917521,-1.0130657975516604,0.63009650513121,88022,87.36,0
-0.524414892971043,-0.3610184347262918,-0.5103651550570457,-0.5526139577212386,-0.620507210194651,0.2565239206575975,-1.0912718899150449,-2.3118372071381894,-0.12507151326680993,1.2560813309491756,118922,130.72,0
1.9050602140644701,0.18746767217252772,-1.9914990624496793,-1.1756050083106775,-1.6069086112624469,1.7016934475488603,-1.3935752632950515,0.5899411715000056,-1.9161935253779985,0.2985928023518617,110613,58.0,0
-1.1563476602653329,0.8011783722817295,0.2984096016309557,1.1484077474873402,0.6409021702125045,1.4191303675543003,-0.2987428925935739,-0.4059579185913146,-1.3553592019449745,-2.2504178922653395,161565,27.37,0
0.012513759421530454,-0.35230164671012465,-0.1662099135810711,-0.13434919583162616,-0.8581978180808985,0.9410377363248739,-1.6811369672776995,-0.7260149788214851,-0.7851547652580402,0.446198021217759,1448,107.65,0
2.0602981705240784,1.2405965461930721,0.18955084591416504,0.1355294632029971,-1.7215227409939768,-0.441012315343429,-0.22553632081023298,0.8284003679211955,-1.5083271154622577,-1.165162229392321,10475,63.38,0
2.549327952607003,-1.5651283945004009,1.49648814767838,1.8674739726346166,-1.9837086420039391,1.5762440649698903,0.2199866867044663,-1.9019862222338537,-0.37466097799792175,0.5372355784255417,8353,126.24,0
0.4654967741662798,-1.2345022797926115,0.49323017458277063,0.5160685376747014,0.5155322850373589,-1.3653701638542566,0.999927646682684,0.518816028959917,-0.23401650687553005,-0.7915518201999737,133652,125.16,0
2.1284697324351645,0.5332520212137634,-1.1561541195421123,-0.5836490018735813,-0.05677827713874367,2.5053119636784147,-0.018415131539620374,-0.31556398626385346,0.4265524967597343,1.2298818462402767,106583,108.21,0
-0.2592092593150832,1.4520881320393144,-0.7149733299695444,0.4021989159965318,0.11009759521456082,-0.12732681899747975,0.3457929007878231,-0.35086510089874773,0.2683988596218609,0.7277531455239235,156683,155.2,0
0.4216168299098296,-0.374481889485818,-0.10325363046091905,0.12716556128503306,-0.8677115069037835,0.713817659461643,1.8594517516870523,1.278800244383269,-0.7909216885443803,-2.1249096555814733,23176,9.92,0
-0.506602695971203,0.3934158051805228,1.6169091987540132,1.3800926948796235,-0.2732168331969433,0.8948739786361127,-0.5294489169497415,1.813197074671605,0.5666544792980043,-0.40643869998758053,61076,89.48,0
-0.14140267082537805,-0.9915503125746948,0.586463472363802,1.3494216968519552,0.057267157887285654,0.3563462661515362,-0.8811871596044757,0.8228748666721589,-0.1103941980393887,-1.7839497877432826,4120,87.92,0
1.8821748802040494,1.1225598701493487,0.6903401613691801,-0.4645443620012255,1.9696512116134723,-1.690282912003786,0.6527207975505291,-0.5059469763754163,0.5440421202277,-1.0607146054929013,103820,57.94,0
-1.4686394303152919,-0.010863746698195903,0.2051996179539418,-0.18791013455132072,-0.07404553446516982,2.5013452296464025,0.9311834148391834,-0.13369560789033313,-1.0907865320227612,-0.9088362232085638,72739,169.85,0
-1.0085360419431078,1.2428303838682404,2.1813757938785363,-1.1241102956528177,-0.8876298840394212,1.26792350634002,-1.9563460811772742,-1.1763167404216885,0.27933316445125406,1.492505528412098,121458,15.72,0
-0.485396202914123,0.696207461836084,0.5390222426450403,-0.562304575556544,-1.910428686386731,-0.15986238508453757,1.0947172217477035,0.9503941460088128,-0.7533019466691219,-0.6067576825134171,101403,95.12,0
-0.7925258304579145,-0.23868372306347801,0.00642023852435217,-0.7907517820564913,-0.814644860838048,-0.060861837284073246,0.18160807680054034,-1.5833995579240925,-0.6336229864725234,-0.31019485440109607,108349,80.46,0
-1.8779887659659078,0.38762577151474775,-0.5492215185599713,0.07276786392135985,-0.6227765566217982,-1.8882209986724166,0.23003771490399802,1.3925589635386457,-1.2115912485345524,-0.26079246169992026,105064,144.52,0
-0.09496531059267174,1.674684666741395,0.937791538525052,0.7726146630765858,0.7824141562603282,-0.3224067375218164,0.07965581738493001,-1.44096749732598,-1.5063012089098053,-0.20762697184267467,31968,34.4,0
0.2352761115882635,1.9909868798886388,-0.5033500288471519,-0.708562715417269,-2.3578249953999575,-0.2103003947869439,-1.326212065960792,0.5136290787323333,-0.7052875133611911,-0.6608861109317863,133191,15.93,0
0.4585591362121688,0.281829624418614,1.29719309069374,-0.5156941089445665,0.15115492982456444,-0.6415284427359669,-0.9705856489390586,0.9107280780043294,0.9078744068025953,-0.48006576302247567,142586,17.58,0
0.07099471542494816,1.5067685921185607,1.3081440935060493,0.8770690975012179,-1.2032585887311036,-0.0542162912818996,0.27978467029390514,-0.3614176840779897,-1.0055926282643048,2.4087358496649602,65288,53.96,0
-1.21271879904259,0.24406022598176774,-0.5630977064791987,-0.24213576817937757,1.1186152928631783,-1.4341413293260776,0.4665533219369462,-0.3205304570523282,-1.0576868679287315,-0.19744274841554713,14924,88.59,0
-0.051567839476213594,-0.09007219580860511,-0.1284125828313069,1.0817836671641239,-0.3126055311799197,0.1517723102480286,-0.25324205794921395,0.9821838001750677,-1.651415562344076,-0.5458798516440707,133401,33.55,0
-1.0206230195133374,-0.10478665364781072,-1.5265957333647167,1.401865627633225,1.466217574022167,1.2497686952567908,-0.335316358031428,1.5255868645304431,0.542567403303669,2.3074640161842224,53259,8.16,0
-1.1133880419218483,-1.0439117745894657,0.6614917339241726,-0.22328707440827472,-0.7061871961255575,-0.6338818575715607,-0.8636196913474898,1.423412430276806,-0.20845098654739871,-1.46237797554516,67831,74.13,0
-0.2655404746292363,1.3732551416404741,0.06676412147288507,0.4745366851389799,0.5943760855698614,0.8806468512499764,-0.1804318620688466,0.6394744155177209,0.7031707064701076,0.5994714700370251,121929,22.84,0
-0.19600429784501586,-0.9633320704695443,2.357699230026369,-2.2703469421937092,0.6749737489487547,-0.03550994349792386,0.4571251789523028,0.5976411809793231,1.4578681877180113,-0.2132515108292906,126836,112.16,0
0.09482685973037566,-1.4835666860516032,-0.8090055249116386,0.7745651834974777,0.986238283017926,0.44421102913658,0.4857225114866528,2.316116461730498,-0.05643001255169677,0.11130367991567955,53292,90.0,0
0.4945566553228533,2.3118311256428297,1.0757694937071505,-1.1446057770488616,1.1262123863476818,-0.723071506657659,-1.0893414176762264,-0.6900233694681914,-0.15592901544151144,-0.4280817013801334,140635,72.33,0
0.9759899498158413,-0.11858758882483045,-2.642102458555535,0.549813780371322,0.5625518619073462,0.24242775403789432,-0.0708434856830502,-0.509473990046832,1.4510279632351402,0.9228982374160389,144220,97.93,0
0.6789135630718949,-0.17701358607643694,1.1008579733812893,0.9892969954334668,0.837787755320859,1.0120389753946053,1.6816021273796067,0.8148075788976629,0.07201266385512482,0.4533919623624512,69557,53.82,0
0.6517481414030399,0.03075254853490416,-1.568507838037595,0.3764551592101874,-1.3405912480150832,-0.22581170155035063,0.27306620254692326,0.2536238214523404,-1.0129686158622515,-0.016970504260323514,129656,143.28,0
-0.8670052563234263,0.8279382674472072,0.6130956907750826,-3.028022563068214,0.008643705615898408,-1.0973926808951608,0.4263467699714907,-1.5153157720515884,0.40568693110129234,0.22410908917343952,131986,123.71,0
-0.17144983148779322,0.9600709639216006,1.16285630331634,-0.3662300164520345,0.9057759087219182,0.3411344435019647,0.9600962946083287,-1.254589483474124,0.08347063054705377,0.6885760585578816,98065,21.29,0
-0.9208503978091276,0.16820580711125588,0.05523925928886656,1.4089481065819602,0.6599681889202039,-0.3823279632742421,0.3829553434621597,-0.8652164320627195,1.1400511859215476,0.9362376401596408,165281,58.97,0
-0.6474594284795192,1.6743592401868217,-1.7811390002261778,0.7406810339953532,1.4258148306808758,1.0956236560040364,1.355116890505849,-0.653032473787109,-0.8092244393985357,-0.6939353549238494,165859,102.45,0
1.1099696431056998,-1.5974276211665621,-0.13231006293443334,-1.0057432358949738,-0.051202901207954905,0.1017538765263665,1.4811224555584723,-2.1820561918120336,-1.3710354410865868,0.16070139238668424,111776,149.83,0
1.4216269780822084,-0.5477636283468732,-0.5091898301117628,0.9542579147468584,-0.3065400201941163,1.333355796671096,-1.85388690464819,1.3402080969802712,0.574787686533363,-1.6347442197826036,77084,52.24,0
1.5020292518431304,0.6414329847337166,1.7705676090369815,0.7354468136050571,0.2965707799739716,-0.7995136850986247,-0.06533070309746135,1.4707610943575977,1.418602829452932,-0.5862227990956298,108320,127.09,0
0.7260290330391413,1.382520642408226,-1.9373851149029537,-0.5544937442956455,0.43388356005045575,-1.5152734796940641,1.5813086374574774,-1.4272389341356218,0.6336288982725099,-0.7002450204250129,141651,14.18,0
-0.07116698885308664,-0.06470008154952371,0.05480985982330186,-0.6341539400960937,-1.2390227813082875,0.27742161319388803,0.1509562831239266,-1.6447577725929852,-0.6130030194101572,-0.2990112867937744,60398,60.6,0
-0.31867309057680415,0.2739884728729994,-1.3643913737093103,0.508019416461367,0.753413441171479,-1.7261944211239602,0.4680453854324771,-2.3913257652128537,-0.948691202361331,-0.7868260978893049,29656,179.71,0
0.12992985416607386,-0.1467166301285866,-0.008698370008834274,0.30141220813611785,0.8195660563118106,0.3737498420689271,-0.45157649529398675,0.22643250211575472,-0.44700311249730473,0.44848919074666854,165566,17.79,0
0.09741341295778198,0.9033770984808047,0.041723613270580134,-0.5290767014634118,0.37259435149587056,-0.7577211325275646,1.4919933307486095,0.5132406113507127,0.8146883607501112,-1.182113073810646,22112,4.75,0
-0.10029766744340833,0.662145281490603,-0.9685354004919751,0.8297006157301556,-0.6225682512559927,-1.954322899629362,0.41860831970916607,0.0990776189687754,0.6933773908458376,0.6120146176143428,123838,50.05,0
-0.08695997560602091,0.16209180855884073,-0.5564141473791021,0.2794641116703421,-0.42381584303224873,0.7818775935372912,1.1402006107627027,1.1391266853922593,0.6339057708388454,-1.1641780543084195,164921,93.23,0
0.4685527785062026,0.7957210808805493,0.07501142234598206,-1.193620560929132,1.5083607682847333,1.1179676410257444,0.8043502976024579,-1.0858718883835674,0.11051892966675599,-0.43529816375768143,93562,73.1,0
-0.22282217575721136,0.18086342465483146,0.2806148769517333,0.0750352622415091,-1.4030133395614652,0.81891659989459,0.8330937576124076,0.9328883581451364,0.19959296923219974,-0.7230182314778295,37268,12.77,0
0.5518587715312919,0.5743542832792355,0.24792300451900576,0.05495844967245965,-0.6419077989107053,0.3701810017557189,0.7361842834679144,-1.3332566296654016,1.7629589668216805,-0.751537537077052,112118,27.83,0
-0.19688569870390954,-0.4781649245161544,0.823140969367302,-0.47192843579175414,-0.5013466740009617,1.48939879142887,-1.363983526978429,-0.30243161131841206,-0.9762836793714943,0.7668313472496889,43092,36.72,0
-0.22742063075565644,0.31142937380006447,0.8986823824811988,-1.2491815946326714,2.236334014023641,-0.63849603455326,-1.9139503344038267,-1.7270893908433222,0.0846999416792923,-0.4227451102816822,17511,46.64,0
1.0456401202092658,1.411167174149276,1.4293926401013202,-0.6694467765275067,-0.10970523169552479,1.8320032850557326,-0.3472909043253106,0.03846555891285745,-1.3211326119767428,0.2414613747335506,14133,63.23,0
1.447058696031102,-0.593156507338082,0.2870535149727362,-1.018149935002941,-0.7828556382801258,-0.6697401321390095,-1.0614761501138745,-0.5345065583129499,-0.12307632398001085,-0.8007059963862335,133931,10.24,0
-1.0472087600770361,-0.20494226636163507,0.046719244784203945,0.41601663038376163,-0.12585200348909859,0.8060731986472122,-1.3098766175398993,0.5365771013598014,-0.2987111411101085,-0.7850501107359226,30683,79.34,0
0.6241842724695326,0.037722896682238334,0.06076509764441081,1.7947136914145883,-0.16612057582947226,1.2322999499784633,1.189721597394168,0.9229309870292337,-0.3348380949258205,0.06882532354495578,135934,103.65,0
0.22946036445842968,-0.13511303090662863,-0.4237234673649248,0.8731764280166031,1.1630552371530958,0.08504922219669409,1.1785891533359611,0.5545664432075987,0.36505836840291495,-1.3130542415903177,14744,6.25,0
-0.034679250018589874,2.4940228163819067,-1.606271898945584,0.27234472475803834,1.1477734005974183,-0.07844189436572595,0.04914294859740627,0.6617380063625091,-0.10791106968893655,-0.5688692956213871,128128,12.24,0
0.6619475894305167,2.5935480020693076,-0.0990985918681181,0.17148917342952746,-1.7374212647704141,-0.8557374270410827,-0.3047540344119187,0.2195700801635389,-1.4118090402313928,-0.2721253087335028,32802,20.16,0
0.23914928463346072,0.43491967951994637,-0.4637826248217946,0.36284824662322557,1.442540509091208,-1.3890351291241942,0.0553484859464336,-0.34278544056933374,-0.33739491018882556,1.1677701137322984,132998,44.11,0
-0.3545875472513581,-0.2490347059438028,0.14253370229146237,0.6910374027783259,0.20833170018275968,-0.37524914741317256,0.3282988459044961,0.132848724678023,-1.815688494594678,0.8740416492432933,170211,5.98,0
-1.7564767207463141,0.8193409201744406,-1.455628992404098,-0.468394663428241,0.9994716680081683,0.2954683592718488,0.5439007373055086,-0.503462837378442,0.6265419815640361,-0.906207363161059,35222,33.7,0
-0.7000840296458889,2.4441003023263694,-1.2854955621336164,-0.13101043455338934,-0.25457382323628786,-1.719458199821009,-1.3404170855365174,0.6813752134478976,0.36363175676280024,-0.7304451462627687,26861,35.85,0
0.3044355228138156,-0.2204745825863184,-1.3639464716624543,1.7329277582352234,1.306625832078896,0.6799929216352303,1.0855848792237237,-0.46411237060836963,0.9308554474208542,0.14193175673827646,155669,46.96,0
0.07859870611503737,1.4508566797431588,1.5699953933811395,-0.3942516051833931,-1.576603338267461,-0.2501772410127606,1.0840470499303452,-0.7899449274696445,1.044992191386581,2.321354456270851,113645,69.89,0
1.640354093898311,-0.7862861216524827,0.31884304014045534,-0.256733926420855,-1.2922398034417952,1.241923917349136,-0.895094751738345,0.9519573083298543,-0.9426388539209145,-1.5107717937904026,46492,32.01,0
-0.17383770009461635,0.9346820628963304,0.47442943984341945,-0.7851314727546698,0.04215855757653389,0.9304600697882323,0.1337618862249922,-1.0467001743963766,1.5301000439033854,0.3722792915017174,12847,100.33,0
1.0247567337507726,-1.0120290009165358,-0.4026481581535347,0.6264400860615683,0.06351517676500196,-2.126621314376833,0.6403859005866983,0.37718389867161645,0.535964270427559,1.7713096941976851,116715,82.98,0
0.2764143642537545,1.092871618092712,-0.6319870717991768,0.10588708208217844,1.4167176421908052,-0.5797526668094674,1.6352779279622716,0.23669054382762458,0.26516429551667925,-0.07741888249240012,131224,81.31,0
0.13187381312115198,-0.33503902273531805,0.2073389696128186,-0.4370267588601139,0.697952159148152,0.05223918486637631,-0.6619674017221667,-0.9838731360380362,-0.017466039429279313,-0.645260882734333,119602,36.9,0
-0.40694374877255896,-0.3325966607715127,0.8936335446094399,0.4031546011555798,-0.026385861316626666,0.3813735643375491,0.8228479168972085,-0.7289670157091893,-0.11275872931419498,0.4938724649915877,64152,102.16,0
-0.1697197964203783,1.195984178381769,-0.0013810802283412515,-2.331812187036408,0.2722470816275358,-0.04187332010517151,-1.9080613874169783,0.16670368274229586,-1.6186725566696931,1.1841793597024541,167037,53.76,0
-0.23665882465190033,1.670280420787749,0.9852539092594899,-0.0639100226411535,0.020993543384299318,1.2640249099721235,-0.7013411209443716,-0.5313201294400655,-0.6097760624662398,1.5205429390335607,159308,70.99,0
0.12117794929946196,0.7806810899257774,-1.6019895132063227,-0.20692749498440183,1.651726075656116,-0.8277740194808911,0.02143010694561321,0.10313010758056632,-1.458136778906071,0.06591340285710855,77211,116.6,0
-1.1088029749380393,1.039143831484181,0.7469086177168098,-2.1950797785732843,-1.2642341879976393,0.1362251244866923,0.14133882491400304,0.4073915553283678,-0.4014753701930101,-1.0435230970015281,103321,108.35,0
0.6029369437552222,-0.1621345066439178,1.076175025087915,0.7236642147419157,-0.8317542000821122,0.29328886128435216,-1.7562517779101392,-1.1575188638821257,-0.4954777553786544,1.816588117813624,129939,136.36,0
-0.6858526761766428,0.013053925675440194,-0.45803886237965,0.6964999242954618,0.2025583957114783,1.1003921899536477,0.6651586806116184,-0.2768240836403828,0.19425473040031502,0.800387995849513,45778,86.83,0
0.0853713816025881,-0.06554654178296233,1.2242568721459834,0.3594324218994177,-0.018906536873635343,-1.0022374327951271,0.43318183078511574,-0.44031239408970085,-0.7994311163583493,-0.8752191175101132,18066,103.48,0
-0.11216390011058394,1.7187401597491105,0.10918772630536258,-0.183187017295841,0.12582928383100775,-0.34642072183995976,-0.8393027430764312,0.41100462617237526,-1.4977068411102,-0.3212672972377012,11763,30.42,0
0.9159025423560131,0.034177715724574294,0.000530207533099717,-1.8258537658331522,-0.3762296113684838,-1.2945221817905157,-0.4548585704596525,-0.4464524748997815,-1.646423768116458,-0.9491998952143296,66217,45.55,0
-0.6563708935481088,1.1171058114560313,0.7232395821922794,1.379442172982033,-1.204702794582884,1.0431204505192768,-0.06998612008318117,-0.5579746497377989,0.12402936175168316,-0.6487659666240293,105926,20.96,0
0.9682783545914808,-0.09841740865778026,1.3799128006970733,-0.26696421508348833,-0.7129691507326527,-0.1682951148087099,-0.9984600234690187,-0.5322745656338058,-0.2757285201122239,-0.03686041845402258,132519,25.53,0
-0.4890774681189237,0.7402230636056872,-0.6610773298509144,-0.4540312155250251,-0.1031227256474043,0.7267091713377622,0.2917954615803091,0.6919063664251097,-1.0772712878834114,-0.0007926249457399514,110916,64.94,0
-1.0928952410987494,1.1011925333791985,0.3923337524143584,0.7382787560965639,-0.08507471266522389,0.9001632676405831,-0.7297987549397732,-0.1642468860721937,0.39734804343584346,0.6040091670156484,87031,43.78,0
1.4253289434703056,1.281230563762572,-0.8974051428696932,0.6308009334244812,0.3419611520610459,0.10653836003021079,0.1831211803552067,0.24822726502305298,-1.3238266045224343,-0.21752283852687393,96573,97.34,0
0.31271257927480167,1.7297127907492362,-0.14429170310403433,-0.49368957119855783,0.9792593032537936,-1.4822822026170952,-1.0739104462458848,-0.33326235518453345,-0.6461883645293277,0.81420154682775,167582,58.68,0
-0.08973076991161853,1.6096310570316332,0.621572772419417,0.8884495729322054,-0.03304669295836457,0.5160055841895184,1.9429522642112145,1.0980855654873265,-0.2586989484014742,-0.9000346435818887,16224,177.08,0
-1.7836111297141835,0.36801003649451874,0.273627274534611,0.3314321040365493,-1.6198182942218182,-0.09487016410425736,1.9688235134509828,-0.07757151084009072,-1.3130562544181579,-0.7987002363749919,68555,55.85,0
-0.22752941536322038,-0.9100388892011476,0.4293625083932779,0.8478518564904252,-0.4603043845625302,2.302672132277526,0.39482285814831775,-0.8659899984632151,-0.05345331329138289,1.4262562753099208,73089,99.95,0
0.4019282830788125,-0.6003824289163511,-0.8724359774890017,0.5156560461068058,-0.25774640292788603,-0.4525518582273461,1.0549871479794146,1.664661667791436,0.3429428402504664,-1.082364584924377,88616,89.64,0
-0.5865850850709007,0.8478516263001241,-0.4925685019617576,1.3999957859067813,1.0203887312819784,-0.16997428502863698,-0.045904860460539515,-0.1465465513542071,-1.1052534823121778,-1.5529274460415,126297,63.69,0
2.309844422090078,-0.6682505744545707,-0.15455189118692608,0.0012962065311068023,-0.13683447267787338,0.41802107822299267,0.8182510879771867,-0.7896665472957463,1.0741069440194984,-0.9386838732298641,161508,106.02,0
-1.2156563684719617,2.150219214422729,0.32768368702794237,0.4391146926861949,-1.1333421031098903,0.9148623546631615,-1.9234906855585665,-0.9888732017440667,0.6647788738568058,-0.852595457970487,84294,100.57,0
0.6232910662519707,0.6332004347093099,-0.7582764029230066,0.9525005395920663,2.637367541069991,-0.05802774575535064,-1.0201385325307133,2.9824875847078562,0.0322755849533334,-1.4995890389206445,166621,37.82,0
-1.0472871463838105,2.4459786114380284,-1.3512517440963532,0.3981899112889757,1.6404765544088513,-1.052421786175074,-0.53312699547704,-0.7605589841867102,-0.7774350188698199,-1.5338280268861137,18276,12.73,0
-0.2937789201521298,0.148728175920273,-0.9889712963804547,1.2021738314308965,-0.9446713301813023,-0.3251272494443485,0.21711271536185886,-0.6408916933271862,0.5512850311008659,1.1970320106998384,106555,106.77,0
-0.8062818206846841,0.18095995742113172,0.7240033085368497,-1.036002014913601,-0.7515511285130778,0.08845074846271171,-1.3665673848085005,1.6493544959101472,1.7533013854905501,-0.5211385094370398,97756,59.4,0
-0.7764744081483639,0.8504872032019086,0.13150695445284558,0.8963285487429461,0.035005756152338266,-1.208934042079654,0.7122537164010486,-2.2861121355448524,-0.0784558311111883,0.7981396524729194,4031,91.75,0
0.47969053059753036,1.2899055267616704,-1.4281566437839497,0.9718539705834471,0.9467521020073675,-0.17152560067176364,0.15172503367896034,1.2556408512107744,0.715790589550723,-1.0751466374527823,152247,33.15,0
0.21160973279505021,0.37060810882428674,-2.5214582705964452,0.05790190982693886,0.04985140856587265,0.6106911182243943,1.5398117524120762,1.1680970016033507,-0.19381339203082212,-0.78751531190293,76139,112.41,0
0.2437524804016479,-0.9840485230191854,-0.7376781777844968,2.2714659418056327,-1.4376892729668895,0.8856587131385649,0.2846197072925162,0.3376397868166987,-0.14853191466461202,-0.4475050862843393,146009,16.72,0
-1.2244690317205003,-0.36759546616018607,-1.0698839135812572,-1.0218626918254372,-0.3517579646885818,-1.23320808685344,-1.9123512734467163,-0.40731591460675676,-1.0048014641148848,-0.6192200259510887,144900,6.33,0
-0.456809980738664,-0.05097586530525164,-0.6384292072685546,-0.30265820100980434,-0.4237083483506746,1.1775978301589163,-1.6104038649061634,-0.18708204937629416,0.2680088522903542,-0.2039732731678231,46288,97.92,0
0.3239902562721444,0.7342234990261364,-0.0916815950465335,1.0078574304895174,0.3439053605694905,1.1682608342261538,0.6536833838387704,-0.06586988341274394,2.018111743598011,1.0747814775024018,57402,53.18,0
-1.6190718201181646,-0.7983347787388269,-0.06308895268360971,-0.44795653525035717,0.4171750822632247,1.6563669714191442,-0.2517056583568373,-0.037119333672903654,0.40974775657387585,2.09878951101476,117391,50.82,0
-0.03233711869521544,0.7192752369203216,-0.9879004536698087,-0.3690529853687782,0.761505332406745,-0.19511081084703372,-0.674034167948312,1.2714282587409156,-0.7039308007205357,0.6617018463312122,133518,108.46,0
-0.35753010855453504,0.0073659378503727856,-1.2652000350194736,0.6442279245428527,-0.41323031639424485,0.34511614863477913,-0.40110497736566353,-1.0729259346949942,-0.4556683615262158,-0.06066070913817652,105710,48.73,0
-0.365469594114225,-0.6328434548521167,-0.4656732962826614,-0.968468923971701,-1.492055847487044,1.925472864442779,1.0403728809618988,-0.8170218474664793,0.624941300679053,-0.8064825913760211,79908,128.92,0
-0.14428437852025486,0.13251938582805775,-1.2197233380998775,0.5425265905148402,-0.32555315716402644,0.01145724149896091,1.1290413332663478,-0.93851767178087,0.049557816156555225,1.0131610731155947,134339,67.33,0
2.5174740375339204,0.3972340529789919,0.5761946893434926,-0.13940274953886475,0.06644080471399794,-1.6610402580376213,1.6385781280674787,1.134529631249673,-0.2677552381327063,-1.8046506452916087,161265,64.97,0
-1.6150508905847878,-0.5081209924156869,-0.5544463085067131,1.535652580863771,0.14461628703308219,0.006185418978453521,-0.3027599821945474,0.4519104555156161,1.057112112211438,0.13432491889316475,31665,22.81,0
0.6374709026511215,0.36633696893406104,-0.5759939022337732,0.4287196729061473,-1.2939382821662444,-0.9240831699718196,0.83569589806094,-0.05593449180980837,0.12720006574650713,-0.5729296867092878,13729,22.22,0
-0.6284847301367896,-1.255660206295572,-1.2607992972206816,-1.0503815413987627,0.4351686713150501,-0.35318888712971186,-0.6633054971115451,-0.26331262601773014,-0.38225136969759355,-0.4134011523003839,141479,71.33,0
-0.3997200562897638,1.1525825789013922,1.3353826977001257,-0.2673352013798542,0.2533633904954345,0.38687859895737553,-0.9868369845560785,1.082693788082359,-0.257469608575922,-0.4688395155446471,160516,62.8,0
-0.10753374426606396,0.014389693152232522,-0.2333323411755965,1.3913453979864867,-1.313558178184649,0.08346260275123667,-0.3891574044662397,1.803336515473208,1.0408314798457765,-0.9982034675573395,37039,20.0,0
-0.9636384443688041,-0.09389182651836551,-0.33102518111119955,-0.33007356302781793,0.06898607031650121,0.19265965024424375,0.14946644794310449,-0.6144312223718779,2.903654641460433,-0.2304001022099178,167268,67.46,0
1.4794621438521929,-0.24418691910166884,0.8471614930695031,0.8679398580252639,-0.978808636322899,-1.056251661934343,-0.650916612739569,0.00022231286408052955,0.7295902351469703,0.9286958162205744,149558,72.0,0
1.2378836879187305,-0.2353799928129901,0.2998523441740787,1.63052189656592,1.1532370381923354,0.7198306439597918,0.02926342150421162,-0.38220619118437,0.529484966419522,-0.29750966581856375,130987,64.06,0
0.06397771136885474,0.5248903643169941,-0.9825604907643978,-1.4089284248679461,0.37499515360771546,0.400006736731085,-0.4238513297366296,-0.9315338035528866,-0.211666390888874,-0.9600870884041472,118128,15.24,0
-0.8129740246401806,0.5612805264012167,1.2608725050835026,1.2113815723265748,0.431361585743699,-0.18602828156227816,-0.3341285399526588,-0.675953013986141,-0.4604813483109736,0.4460309732143207,144620,82.85,0
-0.16565047568402144,1.1793623126930788,-0.00367845406224581,0.08963707490168742,-0.831067664648249,0.2613849258469806,0.5926011643804352,1.352826202409593,1.5523397646387853,-0.9259404816634401,3047,29.1,0
-0.3761041905595823,1.6219241279552312,-0.2049474429730497,-0.8320489764072876,-1.2248217499837284,0.07321895306977201,-0.036072565999093545,0.41864979537982216,-0.3285075141587586,-2.547895660006977,166199,87.57,0
-0.5577713459894236,-0.7711627620999453,1.3702831179905761,-0.8179500752718084,-1.3023715530656008,-2.0394598798600456,-0.8187849768507568,0.10856129348601495,-1.0543745896513097,0.3885875938362797,10717,89.2,0
-0.8781523669287508,1.1221280198349068,-0.9162350010787254,-0.8332590248821742,0.849254571307144,-2.0085948022004048,-0.4955148231164466,-0.7884941162609094,0.6175581695364014,0.34571957007825255,24791,103.25,0
0.7492229272008546,-0.894283021882052,-0.11707666108143513,0.7619372364817996,-1.1629985737084254,-0.8163625248873582,0.15247188244886165,2.3803295760667447,-1.9987339612135007,2.3677818358483993,48868,114.32,0
0.7394126723009475,0.1181034650064601,-0.895480910478699,-0.29559198321765806,-0.20451926106743099,0.13671163729453326,-1.0651906536963711,-1.0223944308042814,-0.3702773043839008,-1.1401670112686242,68345,13.48,0
0.43899315873829875,0.2459473093961707,-0.8069654280226208,-0.6702210932739453,0.26543928077085766,-0.9810764913178983,-0.9270928303658144,0.011853067660183687,-0.7087646631465633,0.4588661790404207,19737,94.29,0
-0.5775388873556505,0.044138896665593126,0.8261235436527639,-1.439447536700632,-1.1326537657653448,-0.520020587315844,0.8421315419620594,-1.6066275072025784,-0.03679952527581304,1.6967930932968103,519,71.58,0
1.2058536208882336,1.407758805254198,0.07833645995312626,-0.9281251615578107,-0.35784636919103263,1.0153062826248176,1.0989927176487315,1.6188680383093703,-0.6129292953685761,-0.2558496872058859,149932,108.4,0
0.05641156716957076,-2.2731776301211255,-0.1654765534275925,1.182240170076993,1.8725477782238211,-0.05650819214600028,1.1867891790322294,-2.574615601511946,0.056259514535458965,-1.077050286411352,133047,43.53,0
0.4483240659731595,-0.9113114887336718,-1.4181147335800204,-0.6305723915732202,0.14574239903903685,-0.35682327346988724,1.4308826235216237,0.010044700640571811,-1.5172667303697007,-0.2893116461188475,141196,62.29,0
-0.7405158205011196,-1.5615970451265293,-0.17500936437161274,-0.49077704275676737,1.0929824711059881,-0.624391901991972,0.8956390450064181,0.45952473647458275,1.5409567313601042,-0.6096811498317739,121980,104.99,0
-2.1375005960805877,-1.0229651662224017,0.4001529638867084,-1.6793891480410101,-0.4066012322434449,0.5018451752151066,-0.20452569262642392,0.11248653030158272,0.246973091183905,0.41447458750787297,8123,59.78,0
0.2377356023322779,0.5585151816075627,0.7345109113086175,-1.1770715056502423,0.3173424652443748,0.3458991462741695,-0.3698221889651394,-1.316362856377127,1.1490761869827804,-0.3794863353468965,44653,6.73,0
0.8697611871649563,-0.6777697007288204,-0.30251761381422915,-0.352235118994659,0.6802960760798054,-0.8599593403739552,1.5652597053428896,0.3332789404714951,0.331006248131724,0.8163092492932822,92741,82.24,0
-0.2767000900857134,2.030372990759104,-1.5713662478110932,0.5970490565620198,-0.762599600739623,0.4592190232118289,0.5230556788392572,1.2957346245180623,0.5146239775977388,-0.4431047026873243,140385,47.0,0
0.5733624701729451,-1.5655272274684384,-1.0344118036913794,-0.7098693274534263,0.47798096384222044,0.04627946800738833,-1.361579793710026,1.5360882878783755,-1.1024265632359114,-1.4869793105089386,105787,0.01,0
-1.4634420018370031,1.1624630046819957,0.45223074914591294,-0.4102345015396468,2.746370632024671,0.6144329606007793,-0.49203480680806,0.3501232926227364,-2.4232797756277664,-0.07268294838859898,23655,108.09,0
0.8345255473690577,-1.3622494798674596,0.4102348444216199,1.1153655018924507,0.11535871496318631,-1.6051797348235601,-0.9366804071695294,-0.3412652412228724,0.4379402343101718,0.31444133667268903,56706,49.16,0
0.1813142178614196,0.7155380517039994,-1.1683219148586013,0.8057341394659173,1.814754293948813,0.34668008443553644,-1.546714963227221,-0.7494493157116225,1.1749134723991954,-0.03297530261876614,104774,7.3,0
-0.28436383804009513,1.7856207486213058,0.2978244424866034,0.021106938885084827,-0.24307102181913384,0.008306992701303577,-0.19438422496149219,1.1779276876281528,0.24919146774845666,-0.19056805512156186,94449,39.31,0
0.01733462915130733,-1.4514533243732721,-0.4874767187206597,1.5913154829820375,-0.38636688860688695,-1.518390053038153,0.8305149186102933,-1.456046871114051,1.508255774867143,-0.7785744364619467,55125,188.18,0
-0.7500017362485115,0.11195924144437792,-1.1349400338027669,-1.658835976661862,-1.6146341779209363,0.6697886858912635,-0.6364264465800669,1.089403907228681,-0.6214279740507603,0.8789672565013226,61261,38.4,0
0.6323761925657985,1.489638090790624,-0.0902899753499751,-0.4236274985921485,0.8745273814123651,0.20002245551464987,-1.3129461700845408,-0.6895529323113454,1.0409322318928869,1.0099395382196148,156390,64.31,0
0.6946706116284086,1.1557510374984181,-1.8068315021542254,-1.3159017836240094,0.5986709298719768,-0.7933107131492337,-0.08235875324045575,0.008573411840353923,-0.03458460830358658,0.32548538419215767,60721,43.66,0
-2.1291978892000176,2.4274720443376094,-1.6353271315491387,1.079568784900242,1.8554135027266563,0.8376242263281327,-0.45287755126834034,-0.7837099821340217,-1.0629766552935191,-0.06188718549535915,168176,8.75,0
0.7454989065249826,2.287450000653147,-1.2981590116406168,0.6327281029445585,-0.19444725133934807,-0.6971158458551965,-1.9325208064730643,-1.2943315683170133,0.16175021120274843,-0.2932647928039456,139879,96.51,0
0.1655154620167624,1.4639264045143334,0.21677479669281008,-0.3623690345635789,1.378937830644556,-1.9761036835098071,0.9414464430469113,0.619064126750466,-0.3800019893603005,-0.7213973635837401,165288,62.27,0
0.3833938643534951,0.33899451047482604,-0.298448925490107,0.2360081284201745,0.8629366059851313,-1.5786830961518248,1.1888688784173769,1.0341380070154667,-2.2181421718509173,-1.3530517757399212,122944,90.5,0
-1.0155790812075416,-0.6091031438233208,0.6493491142241571,-0.7905147065262872,-0.6409254095126383,-1.6307888753126598,-1.4986856754480429,-0.8900123319978817,-0.4656530726109896,1.5574630321225897,33755,49.3,0
-0.16493777539621862,-0.5395274697703949,-1.0212535834826066,1.0949083645848314,-0.49421130957982384,-0.9486958852935703,-1.9386849171297538,-1.1302933485729698,1.0827648441504598,0.3826560494606292,86979,92.76,0
0.8891273175270074,1.3823274458964647,-1.3296293935591537,0.7110049191364247,-1.0712560191947291,1.0481896414881822,-1.0343332701309726,2.0514293416419584,0.7468537052963969,-0.6222998117410786,102090,81.41,0
0.9626575724868413,-0.08333262699661428,-0.18013463011756567,1.580746708820308,1.1650887873273892,-0.9189863692796179,0.3908964318681999,0.2759311920785483,-0.9836401150326509,-2.1418320715818457,13281,4.9,0
1.4359940177677142,-0.8829719061139744,0.29803971486691816,-0.9323632683909493,-0.19539840425407898,-0.019841847039983276,-1.020980286621599,-1.4013944935239975,0.08341911757486214,-1.6364236193673531,40452,134.0,0
2.4451301450589167,-0.7307124752012204,0.4675497919754231,-0.29441492055831847,2.5039260048522243,-0.1402807907109069,0.1798111976907926,-0.7971880004372696,0.5913779091233432,1.7259510620377336,36309,97.11,0
1.9475480029540608,1.9993872838800388,3.151005002431492,2.35017443528268,2.695973522118505,3.8403836983985573,5.423185072030588,1.1053704208813062,0.4382238464296817,2.563782571292988,136767,139.92,1
1.2225413386740303,-1.356599850939114,0.7461003345449032,0.7435016024295735,-1.4890297465278044,3.5563627855501307,-0.9447476084110652,-0.5838821702990105,-0.8797661169280175,-0.1481268329796724,1474,17.52,0
0.585247531358856,0.6729874241644773,-0.33760375067647724,1.1519034392643055,-0.3094698518563403,0.964624064215027,-0.7511011750200804,-0.9473427387423589,-0.816566931864916,-0.7276872520970253,7212,57.81,0
-0.3255450115195318,-0.19966979917285654,0.46030103121618055,2.1651708315063805,-0.36099507176527657,-0.9248236759798047,0.05331767786142099,-0.02722785148012611,1.4722397618754028,-0.06278245563445305,145018,4.39,0
-0.11477794900192263,-0.45043863782585325,-1.3705020650543835,0.3251607530414996,-0.4489598908008796,0.7666616304754316,0.0035004243602775667,-0.2340338168084225,-0.050633539120257275,-0.09502363738688438,121981,60.06,0
-0.7824163339614458,0.36100110363144033,0.6413213884653558,0.12993112899499948,2.2264068989731225,0.4075518601783045,0.5860613934188822,0.5299507735489212,-0.747624545612635,-1.2169977027143706,14740,72.04,0
0.09212665843410921,1.156341296899023,0.2879749937141485,-2.1301483581511254,0.04897861250332282,-0.058124955035487945,-0.17106582892920097,0.7250058466395507,1.434985565629998,0.15292426776732435,145364,41.91,0
0.4466615152789034,-0.546448057547991,0.5616087507496011,0.264338468378001,1.3395220849476783,-1.1382803821845036,-0.004823220549396244,0.021550019626334203,0.9513535030164579,0.0450949098696511,110327,37.74,0
0.3139082114575536,0.38169053447961365,-0.5333878552769735,-0.3627955837783321,1.5479020155527181,-0.45254444222339946,0.6308336267692929,0.800269684156359,1.7017750374495433,-1.2668069170871836,84701,0.83,0
0.4550237203475199,0.8909098149294582,1.5128866747535359,-0.06331377010258965,-0.010423796578229094,-1.0776334467354902,-0.06588388545478925,-0.4056910644244185,1.0271940632308327,-0.821970633497684,63236,25.73,0
0.01249411872768743,-1.7162486774845516,0.6142679680252469,-0.3880883351010187,0.806017728106745,0.007294406644997998,-1.479011087255105,0.4991449688599044,-0.03141948540072621,1.2290882522949644,9539,100.62,0
0.9274384815581808,0.7978592002792693,-0.37380261881297533,0.05699125166249999,-0.34826062024476284,-1.0254625750431887,1.159404481948041,-0.7967463579644916,-2.6469108160636288,1.6937592132657262,97496,139.15,0
0.3932297769848273,-0.32515940300375434,0.7503155893169294,1.0444166388757383,0.40592088486198363,-0.4059435260331593,1.0729187803816422,-0.21820893626891905,0.813166194426149,-1.0537952981808685,56813,107.76,0
-1.1269879102008638,-0.5500155783725553,0.7593026226954348,0.7695943664067156,-2.045986805407087,-1.262381005028561,1.3307164466199057,-1.5278906735871056,-0.18295745020822007,-0.8117105432029975,139404,8.45,0
-1.7027786118933097,-1.0023077666505982,0.7294263339321729,0.8335461180651682,0.4618049060391806,-2.1494079407874596,0.8272444287119297,-1.311146235532862,0.7332449419794512,-1.784021186918689,89842,43.51,0
0.31504303611617074,0.8737662540561958,0.24715710407770497,-0.47620669857435094,1.4670921431418145,-0.25144406794287916,2.11769243000882,-0.310359367792185,0.6096639835968173,0.36259586472050587,125566,6.31,0
1.19662786898701,-0.09001025892361937,-1.1072175004924012,-1.6707101476422996,0.8133474349467968,0.34619495233957576,-0.7199036107504369,0.9381003146719046,0.5498572191028698,-2.903122426022,68245,81.05,0
0.6665726686095336,-0.2232897220539845,-1.1817551222046219,-0.04975414759483271,0.15565930182094104,0.48614346827747346,1.243745313974767,0.7330699118773136,0.4591969531624545,0.4474025036888926,32643,63.96,0
0.4523339506431387,-1.4988952796101422,0.19384079441050964,0.09297254282247792,0.5936434162432024,-0.008835386798477098,-1.8011859834145791,-0.7552713435668612,-0.7373350580837429,0.4463042336647928,636,41.07,0
0.1382234254743028,0.1767696782259033,0.17628775889980952,-0.2715404385055802,0.39412586588987,0.0553168260245045,0.6933312992416176,-0.3280709719332039,-1.2612021038830508,-0.1763816102105861,160718,99.56,0
-0.1297362031885032,1.4194634728149536,-0.4611095775797121,-1.6548431150079215,0.7561578437530152,-0.9171839433908378,-0.06823990513573179,-2.6548088922250805,0.11143306296619102,-0.05995953123999115,109437,86.07,0
2.0959987502254394,-0.8816276824763011,-1.3033666099160157,-0.33655821512935696,-1.9468440622656753,0.9741179148473879,-1.9889010626842436,0.7957905175644467,1.9067548977580906,-2.28059466376484,37147,48.23,0
-0.7120541661829632,-0.44115774694544485,0.3299840921770333,1.406166055092316,0.057714415879476136,-1.2951280591322758,-0.716898808666413,1.2366177140002625,-1.829839257035478,-0.6254165686883699,148484,90.58,0
-1.0752883802213746,-1.1226231885883153,-2.270890892900242,-0.2854057387452622,0.35959645428368786,0.18095658977239737,-0.4308684697342842,1.323912718668183,-1.356638688383702,1.3768764741321433,71420,106.77,0
-0.06101735102840823,-1.0070382242851093,0.11853424144633881,-0.2413056826832715,-1.3271278095014138,1.4005242906141917,-2.2707797945040977,0.74195958149375,1.7842225174699824,-0.7098265266496763,61798,70.79,0
2.9142446484154196,-0.10721116895223676,0.619853980326533,-1.3100209615789538,-0.3583296128058891,1.2756382767617225,-0.8796242873790703,-2.592259783705173,0.43008124723464225,-0.38520225590422824,112192,22.61,0
2.3140466501617025,3.036929693296944,2.2129002152382116,2.0617533691276626,1.121510273863131,2.4375543210540185,2.152129922786682,2.278000974791679,2.1202656405797335,1.0275103005095758,2081,149.67,1
-0.5817213492022466,0.5605282752728444,2.701967934273884,0.9118707288435897,1.5515635670896781,0.2568876825190573,0.929571126614457,-0.9595033893998389,-2.005354661372025,-1.2694915216552152,116343,107.98,0
1.386992729908838,1.6182958895573838,-2.5680291473060657,-1.1888954535785217,1.7753471597361934,-0.3464731480872207,-0.7375352772088316,0.1638841903756143,0.5717970974274376,-0.12700299206283971,127147,41.98,0
0.6684176852860094,0.018825096581047043,-1.6577568404239018,0.652530172699025,-3.3770974934763096,0.7501577462616736,3.6825095059822104,-0.535191575062935,1.241692745580708,-0.5594802920267219,13679,31.59,0
0.43992396668766426,-0.06857746905868485,-1.292870229010749,-1.4276389027528602,0.5796498317694024,-0.9446826998210169,1.4144415396890595,0.3696568644462505,-1.6729999500052222,-0.14546020860036396,159173,101.91,0
0.48938393893840915,0.43881652336169663,-0.8698703225607956,0.05066654017957831,-0.8425379815202844,0.1254737984145213,1.6190173506155494,-0.08063383486015689,0.35480693184216633,0.1727311143332796,62789,96.86,0
0.49076670899381886,-0.26441871272470363,1.122424409299822,-0.08722068549719247,-0.7260492083746808,-1.7131208570803202,0.0033630003668177356,0.21090021545683055,1.443099524281456,0.15474839038620564,103889,28.2,0
-0.5074005764004252,0.9802337687226637,-0.8062710667021233,-0.13383523410253537,-0.26238603616591866,0.3989389337731508,0.49068167276395847,0.23768483642294919,-0.8967885099410754,1.633153715632606,167379,30.7,0
0.2213752539762284,0.5834681266318139,-0.7840644374778307,0.8255242662086274,-0.995600052234834,-0.8018407128186725,-0.5658252500269186,0.04892337164855722,0.8036317114609134,1.054361172687918,146678,71.65,0
-0.9283241307890274,1.2354785974641467,0.09694858092372802,1.1698144514190927,1.2131249279356775,0.01371721688493822,-0.483565164308669,1.166925030104652,-1.5837999944633745,0.6641694406328222,151654,125.92,0
-2.377290491729981,-0.5631000774803041,-1.400102278217654,-0.11220208556672034,0.2069970208896691,0.9682943092937359,1.3280317813578688,1.3030116943355474,-1.2327821283521527,0.6115567945368875,105927,3.48,0
-0.42660498305909955,-0.5592024737257201,-0.261538511375743,1.20891595227157,-1.3656830672931792,-1.454332430262492,1.7234242136071747,1.4666495131783384,-2.6700306565110807,-0.3640177739357283,119613,97.05,0
0.17927563495631615,0.7326395664654908,0.9224557332362071,0.2163503229793779,1.246502417448497,-0.13817973987289622,0.10046846059654882,-1.1324991864515221,-0.8938536326974625,-1.9974231005714738,150692,1.43,0
-0.4313394382395105,1.5927284560195685,-0.5487899622971091,-0.713737579187603,0.09345018954375292,-0.0017991270465755513,0.9712848587097637,-0.7829595573922167,-0.09788432116755641,0.14272012148117136,98341,131.91,0
-0.09401517408515554,-1.3816313239350773,0.14052564685357408,-0.45984771764635685,0.23143333070436067,-0.30737898048809026,0.9033064446414645,-1.3553386824047795,1.3497056112206598,0.7889723920599844,39680,1.81,0
-0.4791031709119801,-0.7089590210458417,0.2324514452199039,-1.5847230182129213,0.7112469185631435,-0.7476829058353383,0.5916091341003569,-1.4467923606825075,-0.44142163320019706,-1.6821247406975852,117573,44.96,0
0.09800191409938289,-0.1417791462003969,0.5298015199475303,-0.5930522922430583,0.8936008501490137,-1.0791911082922734,-0.38501455138481744,-0.2945206851702115,-1.0946471193231695,1.0186486247395001,46060,45.87,0
-0.04959030788193934,-0.9569830668381143,1.1946924650570308,-1.443771889398804,0.4538665543398381,-0.7079493091648544,-0.32974641947704414,-1.282053791900146,-1.71294142172579,0.9926619986187069,63440,60.35,0
0.7494338997277404,-0.7520287224615594,-0.9147954051752969,-0.061707347873850876,-0.23898558717989435,-0.1737272936003161,-0.12630317056882756,-0.11398795885256933,-0.42616989996606186,-0.3122911290400434,118307,16.81,0
-0.15105187760692926,0.579269811898811,-0.34972529931277313,-0.5425238799243368,-0.11005126944248407,-1.1173190039761658,-0.8202678889556686,0.26276936396272355,-1.1845270426183052,-0.32014313640280584,31084,48.95,0
0.762149241958686,-0.5443217922727491,-0.5411736135208487,-0.15877649380672046,-2.2096223138376323,-0.4298803224648433,0.8563889423025746,0.17602717694239586,-0.017825885357882567,-0.01179776183169572,149852,105.13,0
-1.3730030168855392,-0.7038793410497978,-0.9583876749842681,1.2241108919195605,-0.6800438281748903,1.07645217088882,1.7018954121344898,0.3664390003745237,-0.7186441978495999,0.23584052849589596,6145,21.15,0
0.9814797493081158,-0.04345063450892596,-1.0277269599837642,-0.08561643891447089,0.9082174308340397,-1.39338621236748,0.6051937122186815,0.46197699186362096,0.30653127173886574,-1.76189354629176,151146,68.27,0
0.4128913952224006,-0.8014794007430242,-0.24261237981404754,-0.45390527193833696,1.2508093217785257,0.37399253947698935,-0.29525606278902805,0.45498686154256274,2.75467557987904,-1.2251055090154126,95811,84.8,0
-0.3065656212870578,1.295952688284265,-0.8252901762373339,0.256043759398258,0.02400061296548023,0.06606968804030436,0.6946771871187014,0.8137295983205773,1.0184050811282945,-0.029793755333447764,78100,76.95,0
-1.0023757457662175,-0.38115530770242934,0.33218496679542386,0.34318712689577674,0.8408444008270465,-1.0691204379907002,1.5904657201577244,1.6476813609402634,-0.855485948976514,-1.8063499885342573,51621,14.51,0
-0.09728659841348947,0.3945994213705404,2.7535772156733374,-1.8360815355329978,-1.1292160847034343,1.9214153269654546,-1.0840136458084366,0.3439602616349679,1.4881124505287724,-1.2974403105691439,52519,79.04,0
1.412513069961006,-1.0369939046587182,0.0810816844115734,-0.10991931740976253,0.5060046632553978,0.2992162104100391,-0.7129438915654098,-0.04852947734505568,-0.8133885392814707,-0.8076522097816712,51988,13.87,0
-0.8876956557145598,0.3183592265747336,-0.9179238050923317,1.6041821201461004,1.942620128819636,1.0229126820255576,0.04828701403031597,-0.903287118324418,-3.4187876606119434,1.4921462334364501,74305,36.35,0
1.3357843363202329,-0.1378821889422362,-0.007316132694947453,-1.1124834482237107,0.6501227637622845,0.35033822407253107,-0.3978852205533892,-1.6908446398733965,1.264390948083105,0.24288289959455395,21053,157.44,0
-1.379149251348588,0.7765655517115755,-0.3563730565664191,-0.5357521845838709,-0.5224615564591322,1.7150956765401761,0.20664609246019208,1.1374452807333613,-1.0854969217852741,-0.7511372565932182,10435,49.34,0
0.4810286647636553,-0.767795559731436,-0.20571515900948276,-0.48662713714525124,0.6709869474954,2.128076137201181,-0.2527975809572515,-0.17542972112430152,-0.49430519884808377,0.43194332194516927,114195,41.31,0
0.10715507283932346,0.752784437364372,1.1497037829678218,0.32532359230211194,1.7214234891089006,-1.504672551787527,0.8731569112322775,0.47340066368934447,0.2834821745661336,0.2581028349415886,61094,74.0,0
0.6910625658668772,-0.17218516129512423,-0.6858276808067391,-0.9015934721953135,1.193047513728957,1.3610849730784083,1.2152446031855806,1.165713305457617,-2.240987322753276,0.048443235010178144,109569,34.75,0
0.3683566127006584,-0.1996318246776329,0.2383550932785717,-1.1857872136176675,-1.158791620807134,0.5201095956248266,-1.1701514194436051,-0.902882881115051,2.040828446909309,1.1419605432591813,119719,49.51,0
-0.5284261311155256,-0.4625828140565771,-0.09184807522507778,0.6196582273483766,-0.5849278102334923,0.1143510076537779,0.057737744855668134,2.026894516365921,-0.7774232922997129,0.9048511195410772,9592,161.45,0
0.4481421446267063,-0.4201200583601715,-0.8474971957101705,-1.180485822925233,-0.9223867925846672,-0.8586658208500203,2.119879786875061,0.5958570524183764,0.0017440570753952179,-1.2745440392419776,103175,29.46,0
0.05620565308915186,-0.15679179069575525,-0.21472086860086348,1.9187899306080671,2.4239185656551037,0.4453980050396956,2.0631797008929817,-0.320219607425495,-2.2349557983170003,0.1382675160679839,37474,72.1,0
-0.03909892121655298,-0.17103212161773174,0.19530808504556424,-0.897176441405749,-1.194280523910846,-0.10567167547406495,-2.0498641409887517,-1.9022370670391793,1.6449214829902106,-0.1543032045314074,76710,105.54,0
-0.17417273380495787,0.9918943397005953,1.4697539379850162,-1.1394642231488126,1.0679947332681239,-1.349142385563377,1.1497725901185043,-0.3969764156074587,-0.5297410031651616,-0.04186596292185646,17594,34.81,0
-2.107192347329688,-0.513451987049109,-0.2850309125505859,-0.7132667290956584,-0.5146947573955469,-0.2483871835647762,-0.4408449265353551,-0.10668162717257106,1.524570642908565,-0.6006533922317264,129100,147.95,0
1.075722967494192,0.15829703721791577,0.18867614835952437,1.1921771715204037,0.3882766393074978,-0.8325818299957671,-0.7655453538295245,0.22323402048088872,0.13291438898682265,-0.909038874900572,21625,41.0,0
-0.4551173340386673,-1.0925359837721156,-0.35003271952377785,0.09884145505964942,-1.1176453826140642,-0.33652677387752844,0.8699091685662161,0.178475826673812,-0.12490527142728254,0.8428806577443804,84153,11.31,0
0.33028994561659186,-0.7424695604235784,1.825738086877094,0.16364284737808724,0.5040935065846489,1.0980284971591932,0.09018863732990444,-0.26633993036097586,0.4804520197799127,0.1167835225037104,124569,30.36,0
0.20541052696125997,0.8546730864913044,-0.7136258768458952,-1.1274854031700103,1.4745861073252933,-1.1831787902197832,-1.1239803472184755,-0.22281921049409484,0.3601763071768177,0.5691045632337152,20550,65.85,0
-1.3150291055377534,1.0492683488858106,0.016788163741715875,1.3019926847411216,-0.9926626572282403,-1.3319880261917116,0.5147713125870544,0.3854680888474076,0.04907655587171373,0.14163290705613155,135179,55.08,0
-0.6100988660571137,1.9692258168221626,-2.076295623491663,0.34152439616084757,-0.7165359788295381,0.29755813105790746,0.6888110008150006,-0.4883461809004396,-1.6033634888613535,0.6827505672296468,115251,42.9,0
-0.1566378976580904,-0.09412106456781866,-1.3620621765844554,-0.7855924812829784,-0.4257876362725878,-1.284487585986946,-0.36771656321310003,0.25331345727809473,0.2974609850565123,0.1300898358255966,64552,11.17,0
-1.8857616105711281,0.3466881560256132,1.2746411561953968,0.3873436762533315,-0.2976294200631005,0.4694709709977961,0.29901908063176713,1.2003341995299794,0.5459161249528968,0.7167893725526072,107518,96.73,0
-1.0023439806908012,0.2545541255127244,-0.08285112666754706,0.3057152697228355,1.2595886124323863,-1.9965425396350924,0.37031079375770487,1.3652977661621113,-1.685696715862276,-2.041388162332138,142839,36.04,0
-0.35569831557103465,1.889379546017354,1.7519791046629654,-3.017790454215605,0.455878017956095,-0.5220455602658349,0.754956030606311,-1.4899379195042595,-1.6263169711664778,1.0223114571791216,63032,164.53,0
-1.589567493308969,1.0863259168730321,-1.3433264369622646,0.2958912811892453,-0.18318215960710474,-1.194060480024647,0.4960280976167785,-2.2410494576741877,0.05297690720242169,-0.7569207908605199,151215,86.06,0
0.22429730718159427,1.7634923105597426,0.21489124675346327,-0.24262417253134777,-1.5942578374059322,-1.1297664770563425,0.31714654367826023,-0.4128359672657736,-1.4964339337774692,1.3691531950855573,1024,57.03,0
-1.172007192594816,0.5684095245748191,-0.7749963814092447,0.25161225310035673,0.021982730571983654,-0.5620534290453252,0.35576086871885465,0.6004522470203683,-0.07384551758582936,0.17290635338975055,122194,120.57,0
-1.7157582843783166,-1.2285902159118463,0.605810801137119,0.28071770498746496,-0.46050251755972726,0.5625704319277421,1.2427799650366675,0.9829062133688924,0.11739865068761052,0.14015178072086165,124674,3.9,0
0.5250959739725976,-0.3308664018044421,0.6975930518882538,1.5494199537397775,-1.0948103882759563,-0.533204586491409,0.4250965289310025,-1.1647185055181577,-0.009141293870519174,1.3797267793602526,154237,64.19,0
2.857438423139865,1.9893595585816115,-0.010802389433337011,0.012762478653524782,-0.1754434421832799,0.1610109421508236,-1.9086404689675804,-0.6697883485069098,-0.07579961205376942,-0.6057633872852263,136624,57.2,0
-0.377806532758272,-0.501628556371903,-0.3554666674474038,2.221992289184527,-1.3208771027487902,1.0672152751681616,2.218687174646668,-1.5069273189031764,0.7015819154576518,-1.255809665891577,103634,28.7,0
-1.121431046017255,1.3104295008315177,-1.6411852302244163,-0.6962473294452859,-2.119392943833091,-0.8883889189372892,0.7877923215195362,-2.283670512244,-0.889154715860938,-0.17879161058735257,68586,93.71,0
-0.8222500172903203,-0.17916599321341334,-0.5261927459918712,-0.31577317516239334,0.551348587286132,0.9357800635681301,0.676032107932891,0.1473823771780872,0.9747001717886814,0.35166598561047696,45027,109.43,0
-0.3122681946066529,0.43118312603922965,0.789294377944037,-0.6204707883142613,-0.29071101150480405,-0.7220956872040591,-0.6745143392458585,1.4475444652791312,-0.018356463289033138,-0.953558610493231,78745,97.04,0
-0.8571764037774298,-2.278689003445357,-3.0828051429488132,0.2429696779808486,1.1814013025187393,1.5151617237959258,0.5550212208093948,-0.31590089105597763,0.2718417085056509,-0.07357041806912978,6634,51.73,0
1.0473152860737585,0.1523003725473193,1.3440749576735447,-0.5320481369344054,-1.0939677526036804,-0.6849445912661709,0.49123007402907376,-0.1932263825994988,-1.1864965399344285,0.5180278856478975,41053,4.82,0
-1.2869074405363745,-0.09984537387143656,0.8132973539202071,0.787370166444289,-1.3658445201219007,0.6707268128673335,0.9821228248537509,1.41248937690785,-0.6403620981944731,-1.6657694887715633,125937,105.2,0
1.5750828276087308,-0.553765153836162,-0.020739855465601982,-0.12111594708938031,0.8491892963149605,0.1712727615456816,1.7120909268942728,0.4350966841633411,-0.04653717537903437,-0.17554098442873473,72080,59.55,0
-0.9025065064432917,-1.036726846758685,0.5298905495999142,0.10710586487219341,-1.1241036012187688,0.40278257379117727,0.030638324515168774,0.2085617683328967,0.27147716843810243,0.7865518707441754,37708,33.93,0
0.2552134168558746,-0.34050609503183893,-0.20305716706866234,2.011925362936854,1.35400906860226,-0.6661269743496928,-0.46085766589845123,-0.09939856593778695,-1.312129938083906,0.22728640055451244,145759,38.97,0
0.06046844811736806,0.2984312361750658,1.4121933783329124,-0.0893407336625143,1.321255599836956,1.049316534862222,-0.4233052509939386,1.270870183159541,-1.4464059676332515,-0.21239571066854765,85625,36.48,0
0.9943504681243184,-0.3657567190475306,0.6772576303532128,-0.8640879739781828,0.5371054964629087,-0.5694062421964425,-0.7604223965127959,-0.29318604440751933,1.0378452558162299,-0.7714031026497169,53204,21.73,0
0.2566944990430854,-1.5293860658082796,0.5206334182545254,-1.3692469438890817,1.3487728440670128,-2.4653413094680965,-0.7007646379207145,0.3115992685970485,-0.1258694030759923,0.09134020108770977,126836,70.34,0
2.7866451026898784,2.9275683385028954,1.599744117680788,2.9966021001470855,3.9460271823944244,2.7761936773221243,3.423628412113417,3.8251763582919858,1.8294447468879447,1.6966747590929867,131095,3.99,1
-1.9908119951239978,0.24042135412809051,1.4879479357968197,-1.6612719027731333,0.22717217057548106,-0.04347637559950335,-1.0583225288577367,-1.333734234532631,1.8786422792381703,0.44103644969915334,117563,157.27,0
0.3270098687893148,-0.6260804635723924,0.4693409662141885,0.5498925265620268,1.3420303457444767,-0.9117867376775254,0.18957369416287068,1.1276854212491345,-1.142535401878337,-0.8336819636626183,154312,106.93,0
0.3415086855368029,-1.5638146913219246,-0.242461397323753,-1.908999088611059,-0.40973827945847724,-0.7930823140871928,0.6147273543853687,-0.15801451942388756,2.34355394346269,1.083055041102606,158605,82.89,0
-0.605000712808731,0.8478732894973424,0.8506135895691279,-0.6780144585204808,1.142211549541648,-0.4742086773826163,-0.023836029992347244,1.8677394463645325,-0.4075452217347134,0.5277350996377672,103139,96.14,0
1.516792657139248,1.426326976900034,-0.5653257858897562,-1.138770894015411,-0.2790850978135079,2.0469888822896674,0.07613390677896471,-0.5057661930193305,-0.7705185365696876,0.31578697887410434,13482,78.63,0
1.4814555476589732,0.9687405319235582,-0.01275605048124964,0.5640488652435708,-0.024383352293952932,-1.1165964397754258,1.0814192976234094,0.16752178701697598,-0.47938682758986356,0.413813917496319,61411,85.78,0
0.3905305963195172,-0.17835143451090235,-0.22692243354181574,1.2434010550415135,0.1959951132669392,-1.550553321335531,0.7400044555134456,0.05884018857862683,-1.0602011493986716,0.9571993398895754,154169,88.13,0
-0.7630572096947675,0.7661839668502841,-0.9929123738972822,-0.5880637541207111,0.17628581719109268,0.9585748535381327,0.06506752586240412,1.825188845920261,0.5137654865310898,-0.36048459594113313,19526,60.09,0
0.13911173976159188,0.5565591280933229,0.017346018033554168,0.7031597458613295,2.172428364524554,-1.5548612911181614,-2.6720978842487315,-1.0618528189377991,1.5221132710652538,0.15530731811163848,168647,99.03,0
0.2769586752193653,-1.1546019132717495,-0.4148138213660293,-1.226815328083239,0.07755481324642004,0.33171608186131646,1.0299007149287607,-0.3504892306963654,0.7982439105588898,-0.15392937268446089,82737,106.49,0
-1.176200316643433,2.4112440396396844,1.0320130976794208,0.26055687250452786,0.6554415164696908,-0.2856020318712541,0.25295201435955705,0.8020434760763433,-0.5188006703554023,0.9668118028850737,92570,99.26,0
0.829519042024073,0.24477628379865687,-1.6633974123432438,0.204552428086255,-0.8657497217890644,-1.7013150734801645,-0.8069518751600276,1.4828339925095613,-1.7123454209091393,0.7164507808288902,123039,88.56,0
0.48788334201956646,0.2096826343089477,-0.2345413991506094,-0.036276028515956675,0.2546498973538494,-0.01863813351867247,0.7898245490869836,0.9821167503311375,1.056660523347073,-0.13797164099230239,37094,18.24,0
0.011716417719365251,-0.5030025127187545,1.162336567811155,-0.49735673037543554,-1.8958117218861563,-1.4109834375738992,-0.932020075650535,-0.00497280969399933,2.0593675875382305,-0.7000352416146794,103484,77.99,0
1.2318751342893033,2.229795115194971,-1.8340489371044395,2.415446161810391,-0.8967676670185695,-0.8939324352811749,-0.6054120256941014,-0.6644676822124849,0.6352486283047901,-1.6606491348332173,3436,133.18,0
0.1310578260461443,-0.043209826896014984,1.295468367013152,0.9929166602019271,1.3373413712329436,0.5887585974595184,0.5643786709412704,-0.17740587041788758,0.12803420763797957,-1.765498552713785,54850,153.15,0
0.748813885982477,-0.11474570600009057,0.2570751986749299,0.1694825768329633,-0.3604178573426074,-1.2324066869252508,-1.2576363743505876,0.1474787925089596,0.661009083363782,-0.062837195229037,116426,76.15,0
-0.6729710177274647,-0.025639329883172433,1.716427481477082,-0.7327443473547077,-0.2022042088991031,0.5368172941385827,0.4809597674335028,0.09302793991470293,1.935787059812025,-1.8382753731776034,111807,44.84,0
-0.46940234020272387,-0.8182700389184578,1.035989473385922,0.7306566058121181,0.682616343003801,0.7067786675108583,-0.754504758554849,-0.1564771012569853,-2.516387192763096,0.31448813981473184,166973,18.05,0
-0.33960502560656863,2.239502879643737,-1.1391242192384,0.32262242951592457,1.2473448771190034,1.339647829141671,-0.05019181203710062,0.215119275433445,0.9345513481518549,0.3111935851441405,150451,33.5,0
-0.09528578701393456,0.777355062737863,1.380305727730805,0.13302292052766373,1.5138379913297342,-0.19907166159309786,0.5690296710314097,-0.5878847987803951,-0.07449543636922677,-0.838693628599124,88077,99.9,0
0.3138190201071218,-1.5010594336215146,-0.803201323609237,0.3814233170420487,-0.2864262786177403,-1.2144725291060277,-0.3237027665822476,-1.703264700880888,0.390524394505417,-0.0990766655161836,109480,6.17,0
0.21940266975390574,0.4608508462996698,0.33639626562887337,-0.5578734440702703,-1.282592000298381,-0.0013247317267035285,-0.6002279875092618,0.08710658656117275,0.3892995862588766,-0.3105439148639314,62908,69.26,0
-1.6873476944133516,-2.2099444596162092,0.6435853794331272,-0.6998274246980576,-0.28964539344164625,0.8295696118548928,-1.1413755754828778,-0.9222668894186307,-1.8451568100492446,0.004842955814168099,45880,44.44,0
0.013985221865292462,1.2117489071961567,-1.4167295346641338,1.2407303253095259,0.46529093544909955,-1.011869238634457,0.8251844337621803,-0.3789967448415764,-0.4703924993816843,0.042309384437453156,48587,6.95,0
-0.30350786265981844,0.19640861751868766,2.4266642073535576,2.387552638405653,1.355128500007904,3.0631010475224216,3.582624860323178,1.7107669953027527,2.164055744969066,2.1516005419071336,61595,386.67,1
0.6255903939673367,-0.39564355412600094,0.6171339220735854,-0.8914154675747775,-1.3448996964004922,-1.3055239031696757,1.3055529326788726,-0.5652790172306897,1.0296220504770006,-0.24875676920769937,97805,13.42,0
0.2893591569571111,-0.16122943118080152,-0.8708272643612502,-0.6604481806075158,-0.7042839367744695,1.5411431773615063,0.22976882434929377,0.9549030123356813,-1.5471464664273888,-0.2670612611923911,39016,53.96,0
-0.16344289852451258,0.3182912026531147,0.05138667043618637,-1.5072345600314474,1.0208216614468928,0.4728447798590435,-1.980371848235987,-0.790734647757433,1.1317180168575465,1.5785640038175794,135475,47.92,0
1.4623552634733608,-0.5991977350329224,-1.8299301623293818,1.8821802936730196,-0.11670926888492182,-0.5769064626707323,1.4213084399744023,-1.0262532799485333,-0.07540049726082032,0.07433534702004671,96437,64.29,0
1.0955224114958095,-0.6323917568493553,-0.2668432720982738,0.21882662896103644,1.0411560400300823,-0.020210085841063947,-1.6605661718552462,-0.8241568116922442,1.0440599707887819,1.9434276471239098,114428,4.9,0
-1.0836988273580606,0.5426763465603288,0.8160419052551146,1.3401825668912142,-1.1726657092668147,0.6494807999399321,1.2968382324450054,0.09887709483246057,0.7265387021160932,0.6950095918921888,130820,87.38,0
-1.32042314684441,-1.6914440977018532,-0.3476868351554792,-0.06404169065102566,-0.9704265647402719,0.6057437124396905,-1.2098313952475115,-3.3777588153289075,-0.16106341205807184,-0.7090591374176107,1909,62.77,0
-0.5873207627637789,-0.5823535994615734,-0.2345965097110292,1.537705600797142,0.5214360497641698,1.1826664380697987,0.10130343628021547,0.12963998463591486,-1.5687803216711804,-0.008315239353181809,81614,98.05,0
-0.231446797688791,-0.5134962511980561,1.591405811722237,-0.3239687123812294,-0.6527086654686133,0.7965263533976784,-1.687772100038897,-0.8499943785727067,-0.040160147635817385,-0.5018860749377352,19344,21.14,0
0.5453232619670604,0.9222479411719373,-1.8372023468141836,1.2905314452196017,-1.0499018721909363,-0.3120448148078744,0.409327272606196,-0.8995394968162634,0.8336420677883326,-1.0488626999243966,3268,53.97,0
-0.5907070139634865,0.7046478322206475,-0.09745912551344407,0.9924582760064908,-0.4331853535234298,0.42493868579659283,-1.197281141360671,-0.4847152463755395,1.826058723574004,0.48359945104486557,23051,18.57,0
0.8928558163229553,-0.12982017167255325,0.44500656114101217,1.3720171730330784,-0.4542567563147595,0.6515632657194788,-0.9223789086877785,0.7374304163690243,-0.05609441204055674,-0.9601295066196637,7395,63.53,0
0.48516111254573785,-0.05272137600413741,1.1772453328290966,0.935566025656127,-0.825364796090765,1.5553833904007333,1.1737095311414185,0.5346987907833008,1.03001856418585,0.6959826766476425,137885,48.66,0
1.100370680697223,0.06516906636423135,1.8623209732487398,-0.1363917772146426,1.0325621693267832,0.9443046778972468,2.065745832203465,-0.5902451660838568,-2.5291507056839646,1.8696883335772552,9434,86.08,0
-0.4554812488548173,-0.2026489933002083,0.6328447644242048,0.3887783869976185,1.810353881617559,-0.14672604175213805,1.3159205451927378,1.6029602109413394,2.15984435088373,1.436587109773423,1792,125.57,0
0.6107421557961942,0.6355104445203323,-0.23731807106656005,-1.2281964255430382,0.8556413783882106,0.5043778353359186,-1.798276367576271,0.4325254075428226,0.2886371681940111,-0.045344446463496176,52997,74.48,0
-0.9637751872343886,-1.7598102635364925,0.5226548108644206,-0.5943572783674849,1.1256110262097088,0.7865322279998569,0.24378719373272661,2.7005200786264334,0.27978003664746615,0.036107200074024,33283,117.09,0
0.21509813581903608,-0.48315855529730695,2.249312698270855,-0.5836103398832501,0.853826240706514,0.46841001022675305,-1.3671609325214145,-0.7199264184824369,-0.3033330833056507,-1.1353958795317847,28771,17.91,0
-1.572528250002441,-0.35171916152165594,1.042356065725276,-0.44852139285721176,-0.594770213571308,-0.8250159699797889,-0.2116601525003606,1.0812620096209595,-1.0304834374574448,-2.2584933855379985,170061,117.25,0
-1.4135173236526528,-0.47968097670425885,-0.45495724782394165,-0.37051690936918447,-0.11210465315375005,-1.0217100445978335,-1.5435347440178262,1.0546263710270114,0.12418362454759992,-0.5480876059250919,53070,0.11,0
-0.5431708310561139,1.0789886401423785,0.3689261609262163,-0.28799689099912607,0.9282779452844234,-2.701163913485515,0.43168512698500267,-1.3410650324708306,-1.1268373489932375,-0.3375966073678144,157201,85.5,0
0.7268728636964236,1.0280680199603225,-0.6705926519123361,1.469729339193701,-0.3357051386995137,1.1660715328312998,-0.9111579558649258,-0.2904217803307468,0.31553507296874805,-1.3066671966612857,23521,54.6,0
-0.17951921328260065,0.8219372011086765,1.70685792416733,0.4221385890182419,0.07327907266145216,1.0233999370855111,-0.4399586634389518,0.4983850017127485,1.184013718282857,-1.197809697272025,71165,132.44,0
-0.933617680009877,-0.3516793796105163,-0.049054273461364435,0.03154467860443138,0.05645067984894327,-0.7954561667344151,-1.3026556191371705,0.8268983274543508,0.43885713475818106,-0.3256211097827334,31366,73.63,0
-0.3532436918276083,-0.6067488426475648,0.9795176008871962,1.1071450076540088,3.1083786151818966,-1.0027436891760515,-0.8225126288905922,-1.1851011860610572,2.076972667751993,0.19186942668942814,127338,95.36,0
-0.6160490255561253,0.05826438725148733,-1.6459836943336827,-0.9428257182825067,0.5845055307914246,-0.548644971209072,-0.2206883773302258,-1.4618341703354631,0.25684036641628366,1.1264839301854224,51864,214.91,0
2.8126492482387233,0.669823420916438,-0.47149102150175687,0.9171708852316622,-1.145256131671386,-0.5900802922573274,-0.21394688040223295,-0.036242816692347184,1.9942748492617726,-0.018159460648935654,118074,36.46,0
0.4072638937354685,-0.8124011585565369,-1.5515900024975802,1.02128776393746,-0.46129255140475467,-0.9790217696992899,-0.2733676870793202,1.7312621101124852,1.2922458831548107,1.3496007227670521,88756,62.23,0
-2.325371374874287,0.020308006560405812,-0.032461069086980585,-0.982685974361857,-1.279319318087845,-0.5497593657574801,1.4726235378804478,0.39464524001217866,0.09113117672621725,0.054621353594110814,129439,20.53,0
0.6312747301215763,0.5368174565978674,-0.532271406621378,-1.4307372576005426,-1.3367670581786077,0.13367771881822318,0.8734330665479889,-1.132969543249645,0.06227059516636898,0.8176015459243355,142530,6.75,0
2.3746065500264315,-0.3970307995787248,0.9568012699148709,-0.05613814540967522,-0.7100436448383542,0.6607503524304116,-0.8789638425770689,0.10055893245897515,-0.4739794006167828,-0.07567017830740859,98844,121.06,0
-0.7030690808978022,-1.054842334318573,-1.5047407384088016,0.24371586370781181,1.3150562714566263,-0.7146073036523718,1.758958120632072,0.438229098346194,-0.5339013102523176,0.9492694475501682,122683,40.36,0
0.13179842701081995,0.3448170778897882,-0.12117547137605256,0.8580272441490993,0.6881551376003264,0.6803649216924524,0.17423338029748545,-1.0537102564917884,-0.13878184335042867,0.43689457448329255,43586,44.6,0
0.9959386848222581,0.12904232858723516,0.9249832473220889,-0.09561404655042607,-0.24951152033808952,-0.055907894275819284,-0.3569341628434746,0.5770401132618533,1.2670164494214144,0.006159228062232128,170445,54.66,0
-0.007904515373236347,0.028149910224203063,0.7359841048655908,0.3109564521495716,0.8797647281273557,1.612827013935584,1.5903903966621258,-1.976864778570544,-1.7659388936015947,0.05497757959741011,44907,11.1,0
-1.194365480724459,0.022480296153736364,-0.4879628563477017,0.5122060141278323,1.2916370135332556,0.10914631810118866,-0.049710774698647646,0.09602128384811984,-0.4644503169525389,0.15795174640749018,167603,124.85,0
-1.19034348816837,0.26622298463456223,0.10909804445198702,-1.069199343536859,1.5324939714590151,1.9329530374227504,-0.4142723895761756,-0.15495763526205425,-0.5793160003287822,-0.34438190952206305,118420,93.75,0
1.727418286628101,-0.33105053147208047,-0.13178182295492516,2.405109467323973,0.06331680621529066,-0.7006594668703151,-0.8959054009285634,-0.9943920707958522,0.7496752044237853,-0.3506969365397494,30484,15.59,0
0.32741109519753997,-1.0685820726823694,0.9182761213923244,0.3613112745878556,2.5057903148560925,0.4243984786736575,-2.3389371806488324,-1.4575272127511913,-0.806024122088647,-0.988812982500989,97689,34.76,0
0.7903934769661722,-0.6255046518957602,-1.2281730445505332,0.18194442850993936,0.009321803567251047,1.2059875089071193,-0.028567377300804928,0.3270804293008874,-1.1037752622950843,0.9808068223002596,61453,120.75,0
-0.29006577393725175,1.5790031115898886,-0.8638132191803288,0.7833314690198421,-1.0860831239438267,-0.04391359283920513,0.10500100959557308,-0.9311872114942111,-0.1534996566336755,-0.48548017075532945,79669,0.91,0
0.3808292528376731,0.49259155164487217,-0.881115583200441,0.24447060636890713,-1.1862149390699346,-1.034750302260612,-0.5368182878425708,-0.11079142633625837,1.2157695211529504,-0.06431772069473222,87512,102.74,0
-0.10973418163018368,0.42874778745354575,0.00721246283363482,0.6216023775187822,1.0189262111672952,0.0630752184082878,-0.2103682502236217,-0.7741174488604207,0.0783245871520337,-0.3734162264623718,138507,22.11,0
-1.1173841129896078,0.9861740478907121,0.7149518910399967,0.5508644056922366,-0.7516367978261096,1.1399852627282254,0.8681710096026315,-1.2140369125253818,1.1166009797131602,0.30772717438234215,141912,118.56,0
0.8091213109902438,-0.5791949845248994,-0.41503810878354574,-1.9699885438976152,1.8486977265675786,-0.7236914548697733,-0.007383991291692272,-0.31672813248486364,-2.3131501439964897,-1.1846097866809469,55985,77.12,0
4.099705089454229,0.8974853516055723,1.4479105297899957,1.0533657369885545,1.9356766016833977,3.1664487646882313,4.541856322962979,2.088182645549981,3.2380601992118647,1.1815488562593846,12662,166.64,1
-2.7494353860385554,-0.5399391785927399,-1.7048651341375245,-0.008957896397085302,-0.021402433097897213,-0.1211481412946626,-1.365259456770943,-0.3576571274890048,-0.675936414548395,1.879851734995047,81985,10.84,0
1.084586391463845,-1.1143896530507154,0.8021676314402391,1.6218069283088166,-0.6859448136473001,1.099121036550878,-0.7038231772744306,-1.3237252025914688,0.22128009550381433,-0.09381935651990063,17061,30.29,0
0.02658534132609864,-0.8825809333500763,0.8156703423719669,0.2942435572676573,-0.2697799647387298,0.5105511151899946,-1.9119497884148662,1.3492245472853643,1.082007171583658,0.5250954351258919,53930,36.39,0
-1.3131677181999373,0.9698976936554127,-0.506477114885152,0.24660314198253636,0.41961025978337024,0.5802112339524622,-0.015250725961813726,-1.233966138990936,1.6090401256894844,0.24657955797350356,158949,92.17,0
0.19857862068151685,-0.7012259926314353,-0.7237586747755422,-0.5836926774892001,0.7336153696269838,-1.4819067230978304,0.7131323065971444,0.08733397526140259,-0.37800092984843997,-1.3327802029757725,5736,49.75,0
0.030631492594417446,0.5538763202788318,0.5918010189310079,-0.9893550551121234,1.6221994990060429,-1.5353063021612068,0.5840501843758454,-1.6030337728222812,-0.44840136608260234,-0.2655892555111086,63927,26.47,0
0.9861363169607678,0.713047565204533,-1.4369692974692159,-1.7247424929332238,1.755954065008587,0.4708697298722388,0.31872863006748414,-0.5197030143569934,-0.6724179315709653,0.25422875520711785,130356,61.17,0
-0.05058740143343007,-1.4452949482311301,-0.011464421660137695,-0.005489260274919299,-0.04060143522245945,1.3895077982281645,-1.2577932761239219,0.3045263510920115,-0.563841847050409,0.5740901224781347,150252,108.77,0
0.3896917053200022,-2.0822412436298743,2.1099854140833623,-0.3175634347261389,1.132519042238293,0.23923812026770214,1.259232906870481,-0.011929769942344924,0.9975483751149885,-0.3925780378720899,167657,52.04,0
2.325779791881685,-1.6022747273509945,-0.8616205089241941,0.20620612680809017,0.6096865427839615,-1.2471158783700453,-0.3373352744236082,1.2504701878099427,0.2581671684936005,-0.22955764785003818,40543,47.27,0
0.03752323233959842,-1.3354568503598725,2.3359959539472674,0.029897208067600572,0.6239909603631794,-1.456751872451672,2.7363195400043185,-0.5155880845857873,1.1671773015444824,1.0417982592808506,106705,65.94,0
0.11135042939811132,1.1345324486972188,0.9690358793536544,1.7401437708414367,1.528758169376282,0.5390115494070183,-0.3632803085494515,0.7055610621486665,-0.8597655428426207,-0.40906825563121346,125495,37.63,0
1.1877250932619365,-0.111956834231647,0.00809781134885869,1.2837788980654694,1.379060343235331,0.28410480889670897,0.6642428564252366,-1.134228787131098,0.22619306951339194,-1.6267764926212422,3998,18.31,0
0.15909624218900573,0.3920266110599123,-1.5248279832839218,-1.765414638410031,0.4665888170021589,-0.46403336552744057,-1.252943130980742,1.2802179861001273,0.5103904052615297,-2.0268075691015826,41860,41.58,0
-0.31910574055297464,0.5622998447261367,-0.01963896249504307,-0.603503915494421,0.5865841159758453,-1.2511695180590927,0.2705202171981383,-0.8218662759746158,-0.07979226826082884,1.7433277570310528,162754,113.34,0
1.289929698618241,1.1219110690741252,1.1551414661948438,0.8636480012646043,-0.12712870831908774,-0.616429513729315,0.7225708222563542,0.026107110641012236,-0.984589883364019,0.08241393378073308,147777,85.57,0
-0.7123370644127087,-1.469665442070305,-0.9425292672276969,1.2492544380914892,0.9332567682302587,0.8896810212187528,0.36060900005740876,-1.3470468214554783,-1.7840606506264338,0.010634657451018149,3933,26.75,0
0.46508020950030626,0.60552520522431,-0.31843032446594494,0.1459987585641536,-0.28888734210231437,1.2947841094572494,-0.09672614457304615,0.06036406565152272,1.1154765818029488,-1.3318650576054856,132291,79.85,0
0.8126012877536446,0.3303073121775462,0.5401309669582237,-0.8160081934600862,1.75212411066441,1.3938430026729642,-1.693174724102902,1.108681092912723,0.909833584673663,-0.4138425845838699,53329,69.51,0
0.14732233048647056,-0.8653776604065087,1.2331549263163366,-0.49807982749831525,-2.2507455951814874,0.09154065798031732,1.567017372597567,-2.2853055362966956,2.0948532489534495,0.4543654836643228,113053,125.04,0
-1.5307152572567064,0.1958183878814611,0.19413626594750497,-0.343632309592346,1.274776941714994,0.6796931026475401,0.7979942753071045,1.0300085757656792,0.8240786212149895,-1.623057364233422,140042,32.76,0
0.8999996644297332,0.6222953060583759,-1.6252691516111075,0.5591584796708293,1.6632101128886154,-0.8268711683934579,-0.6492333579817837,-1.408449682671205,0.9060569663279536,1.6094299464346857,127893,76.84,0
-1.2907465369156184,-0.04354656936489266,0.8421161461652679,-1.6684916830731764,0.009341909159706499,0.1468052585780042,-0.0961058306347794,-0.8228634247626638,0.4867283127133465,-1.0887570886618436,70558,54.65,0
0.8978154084105481,-0.2889058808526582,0.09612718939230591,-0.18112544925218838,-0.985977260489188,-1.0829819732047492,-1.6244245132406705,-0.37258841855712194,-0.23638101521214716,-2.0246384584135004,50842,101.25,0
0.826407309893258,0.5666839069710864,-0.16139907459655461,-0.2094893279622779,-0.10973959748403314,-0.353602716257443,-0.4282539784040572,-0.2776108938522768,-1.3860321757851974,-1.671193924615953,20457,91.96,0
-0.5561919588491252,1.059753610818235,0.1316293114291747,2.172706623619921,0.6313202887739365,1.0527482478786325,-2.0019509690482806,-1.0093530248256164,1.6561579229130226,0.573519246039084,95163,120.19,0
-1.9097629057462808,1.8206325972057207,-0.6049733218694675,1.4145901678191124,0.9774305007163383,0.29528621360115204,-0.4113417479801493,-0.9370036347180899,0.8138551799426986,0.13062452599584473,155634,98.88,0
-1.3620508308526522,-0.5725666516212387,0.4317241861341032,-0.2362524647697995,0.0945569100143128,-0.5927443212130082,-0.9065680538145977,-0.6340035274000658,0.8193409437243119,-0.3627217065558226,45721,119.36,0
-0.8373982238274621,0.7653425361362853,-0.3740111987402744,0.43812549244094706,-0.8217101261639599,1.045547467252617,0.5393390687308673,-0.21682743459836076,-0.036939122950685695,-1.2265471585873207,103306,11.94,0
1.3591875752404365,0.3567126390359526,-0.7951053024797451,0.529511759086702,-2.413012127212279,-1.7105524961850338,-1.8183113162501066,1.8441499719227585,1.4585585616241907,-0.9994971014708457,103649,193.35,0
0.22198277767627117,-0.6629660469697535,0.28152360509292695,-0.6934377061177628,-0.10097871668938288,2.013682469697378,-0.4957659397466456,0.5949346183951217,0.7968345766206809,-0.34405662779295626,108336,160.72,0
-0.022685275325646737,-2.3545506142918935,-0.014280612396933458,-0.025770795625521946,-1.038702954744184,-0.07006514979360157,-0.599320810825172,0.3255035571790636,-0.19224027576583907,-0.40835375291895537,152793,12.32,0
-0.6161927399906946,0.17752122551705124,0.6797841932982557,-0.7092881908179942,-0.5594338246287064,-0.44182090649650346,-0.3375492453760595,-0.20250768212911482,-1.1122058211075025,-1.5294881941306515,127341,20.3,0
-1.1394290010915746,-1.3781013415340242,-1.4889275239353628,-1.1336498515206253,-1.5287379939609136,0.12979091938957085,1.5455069656705527,-0.9135268787075458,-0.7346372338220964,-1.232295360068209,150619,26.37,0
-0.49165561496548443,0.004956697009070176,0.6540096401493369,-0.22230816506007336,-0.28931870423108047,-0.1438514335271137,-0.05218227019258244,-0.4095288614609081,-0.5503107193325508,1.2398957536023911,63897,119.54,0
-0.317438554837682,-0.6685878574474897,0.2733577439977027,0.38127199793375394,1.5960335983414646,0.0212713681001226,-1.3914286796048276,-1.4872041554124842,-0.10983704722695203,1.0300896132456934,148885,92.51,0
-0.3781625540393897,0.5649406535468146,1.2471669173692341,-0.01563211456330535,0.03455512771410905,-0.5700124323271293,1.0626369936268782,-0.13507364365569377,-0.09000291335260065,0.5619368357210239,135592,55.51,0
0.309002356085701,1.1166326561616067,0.792970884978393,-0.3882683441916638,0.8347696187281046,0.7837206431282451,0.2877494231021903,0.07329579352648175,-1.114480191238373,-0.4018741005335785,146471,56.06,0
0.7958386552197739,0.9082614092673243,-1.7776700611633918,0.44439786247942287,1.688304825323471,0.7826608771802104,-0.8355699885294011,-0.27420179821898005,1.1227618138884605,-1.1894565339041807,138190,75.79,0
1.3079156237798386,0.5991741567799889,1.5437867311835498,-2.4794225665636755,-1.5206674074319642,-0.8865282965153725,-0.03714767628825436,0.9970491955165695,-1.690836367956179,-0.18253195396135924,152502,88.51,0
2.0132464547946003,-0.1706941462188697,1.8393922221948047,-0.4444309746845453,0.9182723666383265,-0.38781154778329713,0.7831172145335363,0.6925893194466352,0.3222072636981806,0.03987533346707695,38269,6.05,0
0.7900755494722314,0.014673167169103205,-0.1407023866843086,-0.9033818751704199,0.7748377547924228,-1.0814473586787927,-0.08508898157561343,1.6929564307528482,-0.2960727001281112,0.5042840068659061,152268,50.67,0
0.5196605733465026,-0.13552781779364848,0.1589152858357252,0.02858176954944478,-0.42569679157027407,0.26938036450055797,1.2108178959747031,-0.06612513846366957,-0.439727099860568,-0.879723296959459,159127,33.31,0
-0.9035344465762722,0.5223275428545973,0.16602105089663668,0.27970740838496316,0.9201465461310853,-0.1662108501799558,-0.4215483150369508,-0.0021544914668746766,-1.2258306613213117,0.2587686125637639,164036,66.22,0
-0.06092305470793503,-0.2450675715933652,-0.7926274346451605,-0.3018261778491861,0.9651520033405558,0.3710469852597794,0.23414260868117778,0.9915304215758852,0.8236096027298797,-0.042143008991640495,141699,70.37,0
1.1493768409578178,-0.968952955674198,-0.3887265175479852,0.22616531586127328,-1.9267053549407298,0.050936486557080954,1.0137762279379792,-1.5522772485686136,0.8570130584139829,0.08569248344525024,69595,34.59,0
1.2217286662175928,0.14623705696550768,-0.8451655271269194,-0.6278542128407156,-0.8653518128670903,0.27609096444970527,-0.8462759845074391,1.3548681631190385,-0.7093161035626799,0.1761111364383658,114435,15.36,0
-1.29188226823169,0.9914360933175131,-0.38271223262295445,-1.1474369157517212,1.254522477626629,0.37529136982787337,0.4859516866554282,-1.6959492874086513,-0.5160732121259307,-0.32884679958201524,3161,44.78,0
1.5904522979160232,-4.389114584864837,0.18999357515784446,-0.23174088664562928,-1.913328192066348,-0.7656476792661457,-0.44147010037488016,0.025757450038373535,0.9731509811406687,0.05843392757986531,48902,99.36,0
-0.00827988392958697,-0.20498739359912627,-0.3601748644509248,1.599147584481654,-0.13714283589574375,0.5714117166842468,0.9815925737976863,-2.4529554847589425,0.07326017835365789,-0.9675566847627907,167703,15.82,0
0.5374338542273371,3.2938541083681483,2.1323045542713843,-0.7518424733102778,-0.26226113901948783,1.6604119343708827,0.4573174811161645,0.428428379747696,0.779809628174838,-0.8650115712403472,50343,71.86,0
0.2294817154636063,-1.7115393751832233,-2.1540298213537055,1.5466471833172766,-0.20352363025714418,1.3769081528064424,0.5853279817092991,-0.37786346834502943,0.9554892077477027,0.33213374141191754,136468,5.72,0
1.0762401574663856,-0.6218359906044048,0.7434068412782634,-1.1331402951438443,-0.5673941757528043,1.1239851461377777,2.916202577533427,-0.11833962674372245,2.5435606010468503,-0.7702968644036874,90858,2.93,0
2.5319046777421774,-0.5234466424801542,-1.2197724678764534,-0.4541261638378336,0.08439050783867602,0.4212422886412489,1.2414462967330155,2.4448007081092404,0.677972013296056,-0.4029070757630872,39992,138.11,0
1.5012358638272103,1.214721474497781,0.026567611357547892,-0.10567488377320998,-0.1358690108967075,-0.6792073493912418,2.0397835383250227,-0.011231988723430198,-0.09643904169615379,0.8078148894224692,50459,42.34,0
-0.7996574222976441,-1.1850740433032558,1.389345120805054,-0.7734483526217836,0.6522721175661845,-0.7681482693953166,0.6511803469141083,-1.3146147779691062,1.2437782197196598,-0.5917879944590952,19129,132.87,0
2.2340930807977313,-0.08509497042491564,-0.9245997419342306,-0.5416361454877889,-0.15510053930068352,-0.15210102014946622,-0.16200194282155236,-0.4611455708507674,-1.5169127918757643,0.26457037817034806,90899,96.61,0
1.309550684860527,0.3125399139825792,-0.09620986189277686,-0.6480812785336026,-0.07420419049605342,-0.44592216243667043,-0.8802809700080043,0.5173189519571325,-0.3462847433182078,-0.8112220269536266,17599,98.62,0
1.340254400951829,-1.5416613445826255,-1.3783017360530818,-2.1784187234089076,2.1844558941257537,-0.01384539441935645,0.7400771128429109,1.0290942410209682,-0.46607672938288114,0.13907771761253732,138888,49.2,0
-0.24432885517952907,0.029750744658861888,1.495501161383926,-0.556868525247105,-0.8325237401905758,0.055478323491008334,-0.05432500157146972,0.35234661316059274,1.3119639315721399,0.11177082818958857,102626,134.16,0
-0.7619915238269903,-0.04314034406944269,-0.18547997590425605,-2.0734663566586917,0.7800739502478649,0.35764141350861095,-0.879741170206896,-0.4106894594878018,0.5380325776638044,1.4010084616449763,49963,47.22,0
-0.6162930881921079,-0.25450105340661505,0.7290172528625397,0.3580800444793122,1.5673091061298812,1.744686889450433,-0.40258297070391974,0.3020360530840401,0.31829347193789237,0.2905625857022112,31474,22.4,0
-1.2348130869114786,0.7809315781091883,1.554861831027136,0.19836226436020854,-0.303902134921351,-1.8736317482243667,-1.1029336587852534,0.021036143480130474,0.06567631977058735,-1.8973521856451494,51929,80.31,0
0.4552984384165761,-0.10598179998878679,-1.916721607006629,0.31309193467476126,-0.2495180505293995,1.202407369966201,-0.010098941733217,-1.5857393105107,-0.45743845764730084,-1.2495333197070038,115935,4.76,0
2.6327109075762167,2.7243612176742893,1.7216320068855948,3.5851921527826396,2.4148067981826653,3.6840148046723353,1.4128462115143088,1.8719247756822979,3.179823207600595,1.9520522207875477,63412,179.37,1
-0.9024230947925126,0.5669706595837234,0.1881216441955006,-0.27536580966577207,-1.2634385798838812,-1.0653993306026128,-1.9843758714514073,-1.0998642895433344,-0.7481257015707895,0.08475192905217316,98471,106.47,0
-0.40817317598895414,-0.23408207308014561,0.12096446070272407,1.1814818939252518,1.9395613574486996,1.382363212451036,0.20544338430282574,-0.05210296429333683,-0.18813519625445785,1.3728981846967792,77404,59.53,0
-0.08932040270073452,-0.5552259441702052,-1.1289243559929987,1.3827709114177693,0.07520306495041909,-0.6752820560071288,-0.9329680026204564,-1.2451186700974364,-0.8909313823742216,0.1784934463522846,165786,112.44,0
-1.9387526270035254,-1.1382254497502524,1.1250534896876154,-0.6760069617238005,-0.7060707378823271,0.657106089760963,0.5996892770639745,0.9913270291483107,-1.2167572567692486,-1.1278705072612463,159591,149.05,0
-1.0846106224362382,1.2055405644802868,-1.8889474270426652,0.6012158509915,0.23203733199831902,0.9128103798272368,-1.2713437135980854,0.9629514830972898,0.9556526349607005,0.7603782407367021,159811,115.09,0
0.5228437607490304,0.7261290561155536,0.21732162748104863,0.19339548436164583,-1.331113844742068,0.9256884324602483,0.7610317708949567,0.7547208439553558,0.6688411305451388,0.41780986168284734,169104,103.03,0
-1.3679422773818628,0.6029360212579244,-0.09388850588850835,-0.6350065291871417,-0.21296980325866172,-1.935862753499927,0.36994736619662705,-0.4107502487046478,0.36679394484608846,0.06676609860413704,22814,8.37,0
0.9694097907482053,-0.042146813712690696,-0.4572452051410914,0.08976087521972068,-0.1480446687526502,1.0577232794825613,1.5432221224850806,0.48579941884012473,-0.019213646367009278,-0.6282236641905039,103777,30.41,0
0.675144659894898,1.0072990673581124,1.8487819077540433,-0.8005629327448375,1.037878228902577,0.2622878618709137,-0.30751005832427214,1.5732545851272686,-1.242451134350375,2.2864679269758357,38546,46.99,0
0.36547447264283456,0.8681767797266683,1.1027822473275728,-0.1762879596544965,1.5875715067580416,-0.3234333416867257,-0.3629328741139831,-1.7240639127678392,-0.08086719243780918,0.48610328362657146,164283,6.56,0
0.24766590110894313,-1.8527978150649458,-0.26051215419971874,-0.023373141995892747,-0.3120768180687575,-1.1727097548638747,0.1717669548113143,-1.3419409316385686,0.11524073520294939,1.3161299445374746,26540,41.67,0
-0.09848548450942361,0.06161034618947592,4.0258240427272645,0.07262585346922472,-1.872814036121272,1.617247805317998,0.49713129455943234,0.4320585519745339,-0.5160238540945036,-0.5050736438828476,167346,78.98,0
-0.6762466973636153,-0.03018485714585262,1.7753792941033137,1.9555608385676886,0.5166530828139859,1.3704696474063276,-1.09228941964754,0.7210160659805871,-0.672818207542845,1.485773963186474,111341,3.14,0
-1.492105835472992,1.129580854227459,0.7804481806100702,-0.36406959250345405,-0.05626585426525921,0.686884162195553,-1.468681183366785,-0.30912545238327666,-0.516857925706897,-1.5339899981492113,106639,39.14,0
-1.2279998808224974,0.07129461349743696,-1.392096516243992,-1.666671935815391,1.7043804799670172,-1.3813294558816875,0.5104017713182099,-0.17721081701174998,0.2711973163292275,0.3664303389917282,38936,98.98,0
0.5983470470748828,1.0423553170296844,-0.760091855816802,-0.21956033492399438,-0.00906400742773296,0.7969967803585124,-0.44368306319329603,-0.0802160999371592,1.9954071135672131,0.6366976914329526,124043,22.82,0
-0.281369991905701,1.3360485972587004,-1.6429845601864217,-0.7913744025654164,1.000007037836985,1.093409635125033,0.6857615200979953,1.7464404686428723,0.7594867878007212,1.0859204123648603,138639,79.93,0
0.7472720511434552,-1.1094210304392413,-0.34709318211518453,-0.8101155965418396,0.14489830376273916,1.1514396133218394,0.25701985189621446,0.03275380021457846,0.10027392890704176,0.21583105698032234,89905,13.96,0
0.7357333602801638,1.290891452639408,1.423818846944411,-0.59550931911487,0.3000857759467001,0.9027359819557546,0.8380981921614563,-0.9116735015242096,-0.002656418831732758,-0.3400029708850879,112218,70.08,0
3.591468158061507,2.8377438100491856,3.349399207402127,4.323668036103971,3.4569439223362957,3.949215192099381,3.712759539070295,3.8685441085868453,2.983311030414728,1.7828350671591102,73410,287.66,1
0.17300713965222583,-0.45572501084051054,-0.7663011202192842,0.6779055608892148,-0.352058229531837,2.0974040781763614,-0.6611007401522513,0.1404725051754363,-1.2905893874745975,1.526692103749293,80341,42.38,0
-0.17496803671417813,-1.4501793702102626,0.134795604145148,1.2173412814071918,-0.4763874224304726,0.48728746689145996,-0.4608723132490582,-2.9446407983737357,0.7089596206050398,-0.25633281729085944,41083,64.03,0
2.808679937193626,2.9169181995101447,2.0274732374502267,4.039457336356645,2.1827555985374527,2.8035339920446116,-0.6673424371121817,2.5788015523823593,1.1353742016357993,1.274995688068924,112340,9.89,1
-0.9556251674013979,-0.002999643470539514,0.41932070852587977,-0.11149816464394238,0.17217721589256915,1.7135547882300832,-0.9264568493264672,-0.05302780855647695,-0.5909200755236076,0.8517549313757087,171113,45.83,0
2.9972459570143473,1.3533192689304236,0.512538549953218,3.0491495061482476,2.4547886281657654,0.6852346798712354,4.121028955465272,3.945384663808493,2.8471997944457126,1.8086225584248319,27295,258.97,1
0.6712280116136986,0.5207208987017389,-1.8813724823849947,1.8519590201783194,2.1747717418166843,-0.28245919911340106,-1.0831502260557206,-0.20091544521264754,-0.21859009544983754,0.047160342802145976,63925,11.65,0
0.4788755385204616,0.30817508872508226,-0.11042190050841018,-0.1895880626140975,-0.27960400805626334,-0.9045509281058803,0.18004791597133304,1.1320701325616331,-0.3343350698747456,-1.3370128681696551,8540,65.85,0
0.3573194227106268,0.8992310718111097,1.6302760507283627,-1.0220268636479688,1.244707665832734,0.6436360006037405,1.3933248609997293,0.9485334348499915,1.3596025785247132,-0.3971836300926006,45888,10.44,0
-0.227419412643884,-0.3281428321466607,1.2662087780945706,2.1329110612853297,-1.810633824962345,-1.3361498212124137,0.1593599717388659,-0.9158548582152976,1.023295960449515,-0.020469897152624667,81480,60.02,0
-0.16266592054490767,0.22610801004437128,0.23193750862858806,0.14550655263161685,0.40398772327340576,1.5670230080065792,0.48805651555248797,0.6743496395665937,0.6443656083425994,1.3304694776464394,20599,62.27,0
-1.146832082167441,-1.3239920947301105,0.005490407536354829,-0.07725936533235145,1.515529608278433,2.7530272188787532,1.5512222363868797,0.21261669331475416,-1.1351205140823268,0.5443993651855247,108629,47.07,0
3.3743884002694235,1.2533859535989218,5.956907541744714,4.541626707945033,2.8020269268576325,4.7078287895523925,3.13908256602688,2.620944278566856,3.300925951508013,3.4992403414907307,107400,264.92,1
1.381707593377797,-1.3671138840342332,0.6369553630869581,0.0858614191632412,-0.5865167893481371,-1.8259108560397628,1.025971992761923,1.2611017126514312,-0.5294895505317242,-2.544369466027831,77452,80.53,0
2.3926767230182415,-1.660991889007022,-1.6764132024602407,0.24445959926796562,2.095296177930695,0.9096823836949726,-1.426417731629271,-0.5437974771415511,-0.7625003614739699,-0.5998660916189082,169889,69.84,0
0.8249378896141027,1.547126279542768,1.0784225264225882,-1.0260404590462775,0.1731528628025136,1.105332543845991,0.006276041496476446,0.8040980138845124,0.7592792989687467,0.6825902218596201,69151,125.65,0
-0.8213866792243861,-1.3454710979328943,0.7063929516823354,-0.5254196605623322,-1.121142047406505,-0.33759347044813187,0.5368776568350904,0.787184100612951,-1.7366700934096848,-2.0855767600052513,115837,32.15,0
0.08466128073276377,-1.8356986904271027,-0.5729714655393743,-0.6153109736317417,0.03925207395003367,-1.516389290490369,1.0195864175901883,0.4936743719428874,-1.8399613063611135,-0.20097468260430984,144423,36.44,0
-1.3213640716452693,-1.0878520374669252,-1.001738743272026,-0.32934905923661484,0.7252976108374047,0.479868481340785,-0.7783114455551967,0.4462785885648339,-0.20493563272476223,0.23280508355604343,69924,100.19,0
1.7286976444055924,0.4823862373324524,-0.5270362320636157,0.8225402501616955,0.3473165281275181,0.11233773622650821,1.762201448790181,-0.34386334692050263,0.13376310377269732,-0.9325931528828654,143962,24.46,0
0.8789540277008926,-0.011290846960830136,-1.720813158487053,-2.0880831696474953,-1.7354101591652435,-0.9829301825938861,-0.17929466964480004,0.16660435602016524,-0.10813768092655154,0.9444258257855622,94739,11.55,0
0.3822253978854011,4.608527882076112,1.911589916247255,1.7615462753633437,3.0393116688966937,4.956948930670961,4.766348965693105,1.3630032507824656,1.7705015966506086,1.1950530829905617,14675,171.01,1
-0.9831019276582751,0.9006470828554398,-0.8062605142762874,1.0921863288344187,-0.2897313284303901,-0.10699658214591841,-0.07830528280636669,0.019929523406616915,-1.7613370019465955,-1.1207475758207603,103936,124.0,0
0.5818504393070786,1.0644704608191784,-1.1659569263579848,-0.4720869364135305,0.16965511884426968,-0.6280687090215913,0.7402836598194346,-1.2538152446952464,0.23217928382569913,0.20892954641490735,144891,8.31,0
-1.3610169279074695,0.02663418047623251,-0.13665388410914364,-1.00835937134254,1.3164426100439806,-1.5460357987209514,-1.0199476454453398,-4.257009288247994,-1.3182911357525373,-0.2853365699978591,85660,28.32,0
0.006016680436071459,0.6836287294797211,0.8888437788544289,-1.2974390314394313,-0.5883933729072061,-0.07463875197299875,-0.5256078712483713,-0.6704396844045182,0.7253165061844588,-0.9438531223449588,47636,65.57,0
0.6399361658007914,1.2521054245085916,-0.7214896472442744,0.3945708915461603,-0.07561635478009153,0.03524710380702231,2.5374371421669175,-2.4474732723677155,-2.089935277855182,-0.8095056863635294,165920,77.68,0
-1.0518872728984137,-0.3474311704861944,0.9245102683140846,0.778944191772826,-0.19043153363102142,0.9242315183232139,-0.4403846593952664,0.9564431925657512,-0.59169835366762,1.8134611742695843,20482,58.56,0
0.7811812052237417,0.5697979487057669,-0.62306906995688,0.7579677146845119,-0.5064786217190556,-1.8355053521421103,0.8990520174437846,0.5390115309989983,-2.176820141332528,1.130375173987268,162808,82.37,0
-0.8348511527715018,1.098148252187747,-0.11998716983428719,1.4535381312573497,0.3542088059895286,1.2184899218032264,0.2195962557529683,0.2152422137541029,-0.29020620509882683,-1.2505944959235424,165905,93.69,0
-1.7083998929533477,-2.046429699548382,0.14398735931157194,0.6557549568180899,-0.3568261282178774,-0.700153526085253,1.4822309626578862,0.22689724730558464,1.0346130217275102,-0.2547756241996875,86983,66.5,0
0.5489828740769108,-0.23013619311163766,-0.009120452526275582,-0.22781321371324711,-2.6217011659238003,-1.2339500495908844,0.08318144446963839,0.44821215061289027,0.08240923797138432,0.2640213430698537,94916,66.87,0
-1.8441204511675249,-0.18291079018770778,-1.9666195248888751,-1.4234001046420122,0.2242582061333231,0.8903294954988252,1.0902992164727465,2.2403386304834134,-0.5529474530457534,-0.7351896342653649,71753,73.1,0
0.8117357099965018,-0.9853780040698807,-0.18070859639001138,-0.4486355528563638,-0.8347113190174262,-1.4489882835384054,0.5844808204699021,-0.45273759254281193,-0.004059502710529907,-0.29699057142798235,122207,34.51,0
0.4163681481389552,0.3734403532155694,-0.4979050826348992,1.0616631730810906,-1.233676658990703,-0.37076388592769405,-0.06879953947176984,0.09491454749212686,0.41186252229284803,0.7285074025227499,94372,104.17,0
-0.5960888996561666,0.30466949912182684,-1.2069982796529997,0.5267066944888934,1.241061925008803,-0.39786179668083926,-0.7245795902054749,-0.23514166846046433,-0.038402715636916496,-0.17214535956931853,9541,80.93,0
0.5628579201823911,-0.059500528286736874,-0.31114943047935617,1.0951774464103856,-0.2839091404526765,1.131400925975388,0.5736074223941534,0.46443841183651585,0.7830481965571856,-0.13477203957535958,88524,70.28,0
0.6625261297812802,0.845984179756792,0.1016512489213085,-0.12389084724356332,0.881229551720133,-0.8028465909539433,0.8950076331002342,1.3108768219820783,1.29654293729385,0.1179603870853918,121770,72.75,0
0.2013448532149219,1.1700664042196551,-0.17135464587813257,0.6294016120620651,0.711961946439788,0.8482598251254296,1.2416534170506592,0.16087006016667765,-0.33721866722792126,0.5442469731862208,120182,171.76,0
0.8546857301355617,-0.07984636410573946,-0.45365404624556616,-0.5465050023040284,-0.31719299236471077,-0.6341099680578243,0.18182484903756774,0.24622589223478455,-0.3173164602261435,-1.151021405206181,46476,69.03,0
-0.10522413425087113,1.7577664666808224,2.0811677442974634,1.1549058282426994,-0.9195730298823025,0.39557726622524236,0.28843871656876874,0.890781536171622,-1.0957260257980515,-1.0493961600496646,19728,19.3,0
-1.6517591481792673,-0.29270416442148695,-0.20282796365999967,-1.0873586437238723,0.6435573650009794,0.21775092275698957,0.2089741014670074,-0.8272680454252387,-0.0735983373753819,0.2052973001820609,41244,53.44,0
0.42018859872493736,0.7989129275910215,-0.3265021968905259,-1.675841772589761,0.0017228004818540896,-1.5716830087786549,0.38028312559085314,-1.0146652346545333,-0.6698200994261782,-2.1121410194069674,22813,13.44,0
0.543154268305195,-0.1511683806905494,0.12725203029721524,0.5721201515813034,0.548638071833607,1.3046236198552499,0.4684750539123603,-1.2179214465962858,1.0189394219428372,0.21179778831928683,5086,91.11,0
-0.14139550214380217,0.600745162884758,-0.3011035951355401,0.9777929635460209,0.33543606678279403,-0.49479927552455316,-0.23440187957564493,-0.3548505084179703,-0.9843674997339046,1.2361342361458796,93370,10.87,0
0.3248847188245844,-0.7930537761305755,0.5034080558164551,0.11497517556259378,0.0016024602480376217,0.6344759382673829,1.0516712986540218,-0.4757125603854815,-1.8848423546084505,-1.9678182334202234,35259,120.1,0
0.23556987063989387,2.017809371605892,-1.2033193293704774,-0.38422285004697937,-1.0649266807425117,-0.15654147458441145,-0.48414824776194576,-0.7798211209665434,0.1292896876761788,-0.6215397255720813,69337,106.22,0
-0.02808307510403198,1.0259321315802274,0.1897261791986366,0.8315469500748488,0.15306797455177262,0.6677901798734956,-0.739010312558114,0.2332972424992021,-0.620107577686253,1.526927712881154,145437,57.9,0
-1.4670452453909906,-0.7520362536522921,1.4716733006708778,-0.8559124461919132,-1.1112099280024825,-0.40407526400193994,-1.881393320539162,0.13776551439784068,-0.0377570664797626,0.8290171765016697,86814,49.3,0
-0.18417574651522164,-0.5104578670284787,-1.0298361463489805,0.8007198303411068,0.048008138208115815,0.24539264063408073,0.8160010783535337,1.2710089185473643,-0.3445588908290005,0.49616742208142733,141534,30.13,0
-0.2138045580904907,1.1314243705027294,0.3046264194792415,-0.6930817837991526,0.6033465843779693,0.1837573817907016,2.404483418669109,-0.8458631214515429,1.6913071162009194,-1.1621377765745902,135037,134.3,0
-0.6442082503864482,-1.0280092978965083,0.06880362569506428,-0.964971658087667,-1.9770584192526244,-0.4345499315116685,-0.9003865688702194,-1.184776675126419,-1.1858127731227035,-0.8347303105633693,90841,125.25,0
1.504506718589227,1.1548853107256827,-1.2075274117343677,-1.649141274784243,-2.164083689587723,-0.3647084189823896,0.7943605856718889,0.3771516574028828,2.727767892863392,1.8886756152278135,51152,73.09,0
0.38002329904861315,0.07379698176937273,-0.21587979872792037,-1.143484345648465,0.3430881752521303,-0.4933749859308093,1.117843730156241,1.1325692578649686,-1.1430532825977944,0.12659958436701793,53911,23.39,0
-1.3906854299752562,0.7277861503101892,-1.1427084598637094,0.022898460474464498,0.04104061568892288,-0.5485161098987617,0.8011063948747925,-0.8539212546464721,-0.9322290413448805,0.14147978803200673,36707,107.71,0
-0.2663874900089551,1.1190870848510266,0.25269648877761,0.024440641667515955,-1.0959361334967308,-0.3654318573986666,-0.9259960723554513,0.9221177594810547,0.39381632993772,-0.07544381118681319,128330,5.1,0
0.5362969691808936,0.7771284592755282,0.7378725906320917,-0.5288760291458959,0.19351352303118283,-1.168469658855036,-0.4050926902778047,0.5093647376937733,-0.38356115658808043,-0.5527792973963991,42382,112.57,0
-0.8898039893484101,-2.1522470646236362,0.9578092554985818,-1.5734146534105542,0.28210734302997015,0.721993348685818,0.2600177481534508,0.44486369741550363,-0.6570939103874727,1.02777696938212,27585,66.66,0
-1.580339317845535,-0.8577800019918477,-0.3903572032092572,-0.05860236361008462,-0.3482030473355627,0.7341159197442665,1.0692431325678957,1.2778750041065372,-2.5812096447605457,1.1528011018445394,151354,123.04,0
-1.7763676388462208,1.4802298689713072,0.6632163897042829,-1.1615651332376917,0.5559334756057036,-0.5245905503020182,-0.7828112727704574,-0.9211768129693929,0.8774317497104674,-0.6216131222906651,46079,21.09,0
-2.861518370100673,-0.34372867153785464,-0.6747567399230857,0.208748367813911,0.4725193014668612,1.3607830986511766,-0.6315598047024772,-0.5902768401417914,-0.7192350977138331,-0.067738992070578,33105,85.05,0
-0.7528919172286209,-1.614481254090389,-1.1571210541523476,-0.6900817666007739,-0.3213373551470679,0.6369588035548069,0.18649054432316478,-0.24490790671092247,-1.081036655041351,-0.6124661995934806,83359,47.32,0
0.3697059256391301,-0.5381702165484047,-0.7620901833167675,-0.44306912210115895,0.5244517448747253,-1.6312046947200598,0.28910138492964804,2.2054187003212378,-1.2029038931308162,0.7304789451846814,57359,8.64,0
0.0732753145856964,1.1473776817998096,-1.2632526178126982,1.077754779556742,0.2769934750803454,-1.73032841308321,-0.10939177465602481,-1.3524476485539856,-0.026450629914230542,0.07842883103897871,133068,113.08,0
-1.1491592905386359,0.17250718838507423,0.9859893300585213,0.6638012949911665,-0.9204063082699723,0.5712065031698962,1.392104043657002,0.48904065749636483,1.4428781960628376,-0.5588641391393204,154265,38.63,0
-1.9215045305486382,2.710546768846383,-0.9401109010347132,0.3616877153388594,0.8898993632435327,-0.02671652899829002,-2.240866980677666,-0.31211602714839903,0.23777634632686173,1.160201084989449,84283,4.72,0
-2.2912895085981,-2.0386105065724083,1.1288244629225053,-0.7331462480638534,1.1064268059685174,0.09700057545427611,-0.19861620696891993,-2.172941383679116,-0.8738440141246482,0.7401011656508809,52568,22.07,0
-1.8028561964178826,-1.82331714352279,-0.0965188030948501,-0.10810008851988984,-1.0824166884767819,0.14684845840864394,-1.4494730493891554,1.9016512958324725,-1.3501682185637771,0.18632503430303576,57504,147.57,0
1.1326898205195888,1.3421822947732187,0.656883511240392,1.1007951763012123,0.6810315435642617,1.3035782036029033,-1.7191478455213078,0.6391289077824008,-1.1147218506459458,0.599088860221722,101407,53.48,0
-0.37171669658569495,-1.050663899233149,-0.029961048399121757,-0.3513830591154286,-0.550274831024222,0.7149877663288735,1.2821920256572852,-0.6544547175949919,1.0247993658525705,-0.9788134180296996,126019,100.28,0
0.48509386849711267,1.2213561293133421,-0.24070804581272578,-0.30623036547257415,0.3636187975725264,0.9072117345839911,0.9045962698891303,0.7861769764427596,0.9253163468269409,-2.810792141051728,3666,40.51,0
0.2230797426252751,0.21569871388595227,-0.2263354330321344,0.4397413956031783,-0.28905843824156896,-1.1890467646171878,0.49284150856407644,0.0023262077083820213,0.7557824798918011,1.993323445564248,144474,48.81,0
0.09760399249544019,0.19528209848970435,-1.758540597585998,-1.0259284371394095,0.9585710282019061,-0.685331823910873,2.1316524240899595,1.1647469863827606,1.3654183407376688,-0.29618668165452317,163167,138.11,0
-0.5170142249543602,-1.1710899857034065,1.8978942323926116,0.2844096849826374,0.60044430527921,0.6687066203052989,1.3473867522162726,-0.5002162657906308,-1.2516318085058786,0.05047121356524899,87539,116.91,0
-0.5437828043527234,0.883351637758792,1.091890528894662,-0.009515185483472202,1.376759702300817,-0.07278325582567634,0.3365431727677922,-0.7238732944559386,0.14752600512732794,-0.2786214453688996,171431,62.2,0
1.2154824164976936,0.9902664977049435,-0.03201305516339899,1.2529768948842077,-1.1438569305988644,-0.5532324843741019,-0.11207251063191619,-0.0873570180777389,1.8436220518708573,-0.9641001770958001,8934,51.3,0
-0.46438039219544847,-1.1837213277652818,-1.2770039485518438,-0.9173189277192353,1.6755716019169853,-2.9730473622832214,0.6349603346555124,-0.599392154489617,0.580608481022411,0.2639717089552074,51383,84.23,0
0.8942133285134095,0.31316560733234944,-2.70972974278095,-0.36502040652708934,-0.5027641700610439,-0.07584824480507829,-1.793948680004687,-0.018770529882187432,-0.07001788813411436,-0.2651748382130801,158909,76.15,0
1.4408125980042632,-1.0851793701105783,0.813001808716797,-0.2848140346909515,-0.7693819076064597,1.159703018406576,0.11587594936789411,-0.8334954535324218,0.5687594216993009,-1.0709863149165981,32138,8.52,0
-0.6772741840092779,0.24535494857241638,-0.1988925368850661,1.4512867044703506,-1.533354771877413,-0.08604906673669008,0.38073940214626,-0.15297367391610808,-0.8264097118122482,2.085685445649907,18994,137.59,0
-0.1799400878833061,1.0716318398890723,0.5026891340572774,-2.125598324530646,-1.1586829519988435,-0.4552409430160591,-1.7887473286622233,-1.3475291994369099,0.9680745251161214,0.324714855432649,52410,123.42,0
-0.33742975410617465,-1.0412392363121137,1.2236648203519753,-0.1723013547881824,0.4430848113194526,-1.6390749991623594,0.23611153808714852,1.0509343891101142,-1.3316196707659167,-1.3397068115251562,162234,79.67,0
-1.4772079634610316,-1.3802426433111632,-1.3139247002374128,-0.16542798540458478,1.7220017623455741,-0.21830166885451202,-0.20100932512351924,1.7178457651367893,-0.664772640888443,-0.10273444502545787,20840,110.68,0
-0.32054037833754784,0.6794024247266021,-0.11096878133022564,0.5125451041001348,1.350396627301327,-0.060445796509853024,1.5183670181085638,-1.4590524043906488,-0.701560822961897,-0.1541381877955608,110303,13.09,0
-1.4855391595222738,-0.2682331995332666,-0.5395396433762586,0.24475880958012003,0.8390098153007263,-0.625521632378334,0.7038076493013575,0.2521969631218891,0.5918952599777157,-0.6446686271472819,101883,78.54,0
1.5828294467733337,1.808299094493722,1.0128091542036002,-0.423468104218468,0.032884426651745575,1.7447759421571496,0.03258267984302296,1.9278637590493328,1.2350003670659164,0.46683560441584177,82562,72.43,0
0.4851982314777071,-1.6462336889699805,0.704993786006137,1.5216579970469513,0.420420589419226,0.8946810087109731,-0.6561688118438619,-1.3470622058809103,0.5785542232603268,-0.3578321284380773,151399,75.77,0
0.06458965694322165,-1.44246685084566,0.6686099494824584,-0.6036297106447612,-0.22493437716977951,-0.3449976906675541,2.748388294793152,-2.0010033999191803,0.012743458306455742,-0.32527177361431703,50193,96.89,0
-0.8059936088317976,-0.03312605936201012,-0.2023537597454822,1.5349832011394577,0.15022928147435283,-0.653796659903744,0.4065817351786166,0.065827894951539,-0.25004801489005846,-0.3656181983958958,120987,31.11,0
1.4493448012363035,1.1083475778800387,-0.19577421210743123,-0.6189191475250351,1.7245034824886747,-0.47012215762086856,-0.9156836951737612,-1.791183150717329,1.0543764099101958,0.659089045769682,152127,43.94,0
0.5539535059953238,0.3886252741444505,-0.6208215468630901,0.2092767007791268,0.978173427007729,-2.0869249500164,0.3018594524229989,0.48519261912768863,0.7070530999820835,-0.9407350784432724,68983,57.04,0
0.37968758061398367,0.4990226007177441,0.4200127636721649,-0.8980578781405189,-0.2604069068744816,0.7258710667459374,0.6674669655340387,1.3368949439531288,-0.11873992377100727,1.5210730092884617,141455,77.69,0
-0.09844600230787963,1.3731749178886479,-0.03280830977999759,-0.3649936867187107,0.6049476222363666,-1.344916804563747,0.919709216602271,-0.9086481927980795,-0.0059732873606555,1.2848070991848848,163639,17.13,0
-0.4116383222162092,-0.5397883030129608,-0.5724757991345769,0.5524245817469131,-1.446738712993337,0.058308037464886345,0.09169717741232955,-0.841794303264919,-0.6266268706299047,-1.2744199089880062,50261,101.28,0
0.5909063227933546,-2.2551755584740434,0.28683087014667635,0.47271962736877593,0.5817804434096219,0.8528364648382424,-0.7424819133780062,-0.5346969295724221,0.0048062868819392455,0.048079804822832486,5261,53.27,0
1.790898571232915,0.7960506174863278,0.06968937906109032,-0.7685586341021013,0.15762532597364812,-1.0545014073860934,0.3920888847141844,-0.5900456646054508,0.3244623565264023,-0.4342742166867096,135910,13.74,0
2.158659010704834,1.7182372414513813,0.4946931335452561,0.8366012004465857,-0.35935581530916555,1.1150067072879695,-0.5366577300982632,-0.47750095600302606,1.09689637471241,0.7767468715704894,90611,116.71,0
-0.6348131639714567,0.509117569050969,-0.25809887297952333,1.065131372635445,0.2651873563171819,0.5298880165590641,1.4687518989470283,-2.4233086184977957,0.4989103925272523,-0.02045217558523505,42927,0.1,0
-1.3811639314907738,-0.7991438330284719,-1.5490640198561128,0.43748469933537587,0.05401544115475644,2.4576686688304603,0.6185876138854682,1.5817854003621288,0.61882794357346,-0.9704776432609855,81692,121.35,0
0.44381270938310463,-0.7124048733521602,-0.5970017585210479,-1.084253917587093,-0.9286188163548493,-0.7097087924451952,-1.1178967533993476,0.8097425226335472,1.5105833850390626,-1.5275722022810794,157764,39.39,0
1.4011862750338961,-0.040124057803329026,0.748959498198562,0.8747430433514232,-0.48975751065771067,0.34283585238734404,0.8080182345449464,0.7924658566845225,0.790543879481739,0.3187853828722687,169425,45.13,0
0.5458788377391453,-0.7487579876196624,-0.5954822864430015,-0.9116792873468695,0.14383739415156346,1.907845200964475,-1.9647593379775552,0.2850964908938784,-0.9004966010482696,0.6391973105789193,104156,67.7,0
0.15407999214886864,0.837853348868137,1.2210192603799375,-0.7642481439850484,-1.1144114018925153,1.7542012192654037,1.1965298679793046,-1.4859530114762045,-1.7680198924669173,-1.6882675750342893,20093,142.61,0
0.39703330001549114,0.5004645249851181,-1.5472313265890145,-0.24706802982858847,0.8433710346341847,1.4710168911386976,-1.126343844580533,-0.16197529826041573,-0.14431406945552114,0.06464307645135021,1114,18.7,0
-0.7013441497638416,0.8321321614571173,0.2954668413574063,-0.6877007735858263,-0.32176547550349094,-2.1217452690969525,-0.46348504152792025,-1.005806340343887,1.0867090714801309,0.8274407237215108,99417,36.75,0
-0.40526926544933184,-0.8964451561242719,-0.7487327138158041,-0.8872917121608225,-1.263741268521237,1.0546777604474915,0.08347731870697218,1.2608075825544423,-0.6272972369618022,1.8969822360346478,145611,160.36,0
1.3960915692447435,0.925299563969576,-0.05741405492750189,-0.33564026515051754,0.5377837069011182,-0.3241548109876465,0.683408027666782,-0.03718540490946725,-1.0073616254856477,-0.3125694172605444,113714,79.66,0
-1.4768578168457318,-1.0777363580472634,0.767449208744432,-1.2815805089154055,-0.4608742825797307,-0.22399274529243318,-0.00485737660663185,0.06446923159692655,0.955585058840506,-0.8852734745864504,41204,25.93,0
0.2416445216767513,-1.002738012148587,-3.5292099530237375,-0.695820547662561,-0.4510849038292606,1.3197735469654726,0.05645556654227363,-0.32013269064529787,0.8632832123043578,1.6219332271200901,51406,62.63,0
-0.8834251560876358,-0.16590985510107972,-1.3191114553240175,0.654828453157915,0.8126276134697776,2.1093354633064583,-2.163870484279682,-0.2203175014938264,0.11720279088520369,0.14786729309825486,168431,23.89,0
-0.4205083434368909,0.04997597470659558,-0.14413415076625494,-1.519058274920934,-0.2627864997617623,0.6359012448448663,-0.29069564828974975,-0.14339514957622035,-0.8450126277557082,0.6900575972165595,158377,48.14,0
0.01389820933251119,-0.28855278025639997,-0.4812610804692158,-0.23266349305466327,0.8518992687651816,-0.3794758186151776,-0.8435490902853326,-0.442704891862611,-0.13282888985708963,0.3395467797037416,26662,17.02,0
0.2929338234972916,2.0225894046649007,0.7064877557971356,0.6723418488216234,0.47438857475547375,-1.8296016970021376,-0.3805202750823674,1.0291903943055845,-1.0890708737698251,0.7424651755265039,104255,83.96,0
0.2637172043565196,-0.7141310922000513,-1.0062416496712276,-0.7271263141439335,0.8592521140760645,-1.3901558183935978,-0.31231848106919646,-1.3235672657968491,0.342696144667474,0.15484251022920514,157094,5.37,0
1.8165269961401054,-0.21542655348545797,0.2765508574425336,1.34591124873214,-2.5314168223754305,-0.2331431567766334,0.8936908443257267,-0.31098287272971775,-0.5307174513571647,-0.02403117070319708,154948,17.46,0
-0.9080624323291501,-0.3676996212463275,-0.30125117292122516,1.7627267177292758,0.7952230468450979,-2.6263250962472626,1.369313652270939,1.2034543529109165,0.23380652246361455,-0.09157354070326287,55666,27.95,0
-0.6845560241798007,-0.14028378774059883,-0.580585664298516,-0.619520643687098,0.9307435780654327,-1.5259166990760864,0.31020595051186867,0.1393082945272457,-1.6291300772802086,0.33262804052728046,82168,111.94,0
0.040256502000462865,0.4861553100763835,1.8382878276687262,0.703560482618621,0.05716494026807006,-0.36537900611389673,-2.1112843022450525,-1.1791566190279597,-0.5393293516144726,-1.2878015599098034,60264,37.43,0
-0.819753928770844,-1.7817324991011003,-0.49446255730602856,1.0623020011349846,-0.2893322870616215,0.25526271056272676,-0.640282626417657,0.4412481317859137,0.45075838927422035,0.5422932632892441,27809,25.0,0
-0.7362731165383355,0.4555804373365769,1.6263357022156766,-0.8529088029261331,2.081879363402041,-0.8858025723216734,0.7959899884483054,-0.6986821427588602,0.7785148049367516,0.06521609423584458,123239,74.71,0
-0.5294927090638024,-0.6087569236453261,-0.4683223733141591,-0.7722167057769237,0.3949362128294486,-0.07289760468213104,1.1589472544299428,2.247088742879062,2.5106342022971253,-0.41327861179083103,50424,70.28,0
-0.35361474161364437,0.783759767397799,-1.6851466245889946,-0.33742605227220285,0.3404350148631521,-0.14145578040111212,1.560402799168632,-0.07721525277831162,0.6024084101916778,-1.4280053688362704,95111,190.6,0
0.8137636899662105,-1.4645323683135887,-1.267605268728707,0.30705290704565324,-0.8358179538292559,-0.34804803691154235,-0.43373352358613404,-0.9265787424755649,0.34212821283158323,0.5395886263906956,53903,38.75,0
-1.1841283318982723,-0.5415758617942777,1.9743447766606508,0.8484010562037961,-2.0262318239847383,0.24450813382834077,0.762463227336137,-2.2560267439506596,-0.6964098886802417,-0.9629033968443258,78801,34.22,0
0.44632214754306365,-0.6660158139603963,-0.37074873993991914,-0.08977924967120604,-2.279331724758887,-0.2207448716373115,0.6040018021981676,0.6231234165297684,-0.3684113576322086,-0.4439801092238646,31800,61.31,0
-1.3976861631184037,0.7972725611692801,-0.8218068999146023,0.21550119980196858,-0.79979906806347,0.6913629637748382,-1.4772442743790724,-0.03443698136413295,0.3064555709818186,-0.6957756819320363,119135,71.51,0
1.0155152164829295,1.3747486832306544,0.5760174144844643,-0.9963063912759672,-1.101012534754103,1.8051724793768817,0.06066848079275198,-0.36543278198875334,-1.2147294326374038,0.9273551725641114,77547,105.03,0
-1.659887881419688,0.3853159514734912,0.5560278747595844,-1.1883460761176137,1.729202119619373,-0.31157842696879184,1.0957858156229892,-1.577794948111944,-1.2515761891901285,0.21596835800048605,92622,44.22,0
0.04262252307870598,0.5969309928230956,1.4626423427763993,-0.43596047804847926,-0.006061229208251097,0.24454777493934451,-0.8687305635806749,1.387442731629602,0.14227590122789083,0.44747821569949564,32938,103.64,0
0.4173708030318292,-0.1654901946308669,1.0323928915106901,-1.6333128662720742,1.999403047779649,0.32262188515545115,1.6920806518305336,-1.1443243253487512,-0.3652843158149106,-0.5312330837757717,111377,10.05,0
-0.1778257252886896,0.28207199622729967,0.6953567009777871,-1.31656182004208,1.9610948855197334,0.0948376974900287,-0.20884952036609983,-0.9424797036718312,0.8500639658055714,-0.20534136099163622,98885,53.35,0
1.4949413112343959,0.7134604624444878,1.2634833441823135,-0.1823270125679794,-1.1986457006907194,-1.5417273735953745,2.0922931791024606,-0.8627072851042499,-0.07651002437067803,0.42084951497111306,84874,26.77,0
0.5086595430180988,-0.39779540582557266,0.43897888360182563,0.14103678557355223,-0.7231068666196236,-1.4247079130747367,-0.621346980719567,-0.8902204445461623,0.05210767782873524,0.12114634027224376,159433,44.01,0
0.7593852088307432,-0.9530753652299778,-0.7972926829243939,0.0073370758311229805,1.3688815309003928,-0.4696373643153294,-0.3283124403423828,-0.5975300497724231,1.98008550325918,0.660755708845063,163490,49.49,0
-1.599949334084345,0.3002934374411798,0.8519383324555878,-1.3122316195925512,0.8337195915198831,1.4376189123394112,-0.6801766338202929,-1.2893510827935462,1.2262313866287786,-1.869785947745006,97751,33.37,0
-1.0341111395297102,-0.6439142123637804,-1.1259551056841715,1.1937234989771022,-0.04920946293737541,0.5645266515564303,-0.55903555552189,0.6856166740212631,2.0737253325203056,1.776209826503836,159044,11.77,0
0.30197074251927114,1.4783291004402292,0.6733291660574839,0.4747898186843714,0.6323098020916865,-1.2917036952978975,-0.6296278512768233,-0.9428109368698162,-0.3362931255558103,-0.44521224119327085,17401,60.88,0
-1.8582426621125354,-0.7641677578842229,-0.9302300712945782,-0.3680671447638095,-1.3936257681498054,-0.9288336742650174,-0.15096314716112064,0.5334536351454189,0.46794574293884994,0.9329794663746321,142185,151.62,0
-0.4336274851541877,-0.2583203572711174,0.27557289896254566,0.10027069903925505,1.62566941176381,0.40438141998251104,-2.1959046462989926,0.35561895123829007,-0.7816145952474789,0.5176835176946453,121235,8.8,0
0.7903405817847039,-0.8947539873680995,-0.5588871228816459,-1.1334043000328504,-0.9909191077645232,0.2633988390950769,0.07894806026243958,-0.28721285068378954,0.7322774553179215,0.47388264674237035,23613,4.34,0
-1.1173276020512748,0.2023181805583551,-0.4496665392179212,1.8299240289304446,-0.8118547822832325,0.07970003877477616,-1.929172853398837,-1.1353458413499715,1.2736645775398245,0.09168901720188448,135013,80.75,0
-0.7383765808771081,-0.06678867882881083,0.039286821570550176,1.231252879356013,-1.2784703604581868,1.2153659703190185,0.18664659484670534,0.6575285150021983,0.16101549640009255,-0.007053915216833327,31601,78.45,0
-0.7446233564385631,-0.49524862019365573,-0.07949637569485415,0.4272154004583863,0.6197071688043717,0.23978975541886646,0.1617454329666036,2.1734384583955917,-0.9100506506190228,-0.25114617929208666,150469,25.63,0
-0.8526931146348199,-0.9421809969593052,-1.3752815465686778,0.2324430940059693,0.14064349206176574,0.5340402268622355,0.5225696991161167,-1.6242268310409238,-1.747909816412025,0.010344605766666333,103484,44.27,0
0.08625383622500567,1.0156622833856628,-1.151309499407364,0.014807018230262495,-0.6982262394258594,1.0341217539638328,1.140419044769924,0.960483251719391,-1.4556618976468023,0.5165026200685923,102744,7.9,0
-0.44997038186464916,0.4337691222144516,1.5274523459795106,-0.8254381521887809,1.7781097393755487,1.078182763710338,0.8488776627816141,-0.8199104270178882,-2.074080750615848,-0.07974143667062089,97644,18.53,0
-0.07068038165207131,0.6441483371519825,1.0095421538694018,-0.42573007054911716,2.883283555780828,-1.5385342312883374,-0.6909666491187524,0.13019874366571751,-0.571287690758806,-0.0246214955486157,41859,87.96,0
0.5585489592742234,-0.3485869659549873,0.5728281233876548,0.16482363070597378,0.4955882556329172,-2.129108844405882,0.43029825179079645,0.43475976952728074,0.4760714340557563,0.558743188933528,112844,108.63,0
0.651540620643959,0.38301315045168366,-0.7917080387974289,-0.5387993326492484,0.13809768664539374,-1.1313476460586354,0.18171912104048785,0.4251784584665846,1.4723179712197758,-0.1971589556408713,71886,51.13,0
-0.8881338537336524,-1.0038881360113527,-0.05421545866331975,0.18005047140237396,-0.17924864285618322,-0.3256689567781744,0.12205856445558637,1.0648244418400847,-0.07209513278033014,-1.9526947715240315,57205,37.7,0
0.1803639430263982,-0.0011699890068746332,-1.786664526895518,0.3640502374977759,-0.10905175786570998,0.8890874318763199,-1.4716479476306472,-0.0338154875490854,0.2987902355697766,1.5624121386871146,150530,48.23,0
0.5560752738231508,-0.013111430996670575,-0.6768083017986958,0.7956106627228209,0.8483714043161846,-1.1306591638032404,0.46116676477351143,-0.04942267967736986,-0.8229397071259792,-1.0425396513646314,16623,20.66,0
-1.7306716055072182,-0.7650961268974169,0.556177755731012,0.07322121046699422,1.271596365728607,-0.45482995620432537,-0.6512032324535616,1.435530026257875,0.2637707455991821,0.10016050907470601,144888,151.25,0
-0.9194522860016113,-0.16029294282301915,-1.3820215496211217,-0.5818151152791414,1.2320197035760392,-1.0099357789723815,-0.7327059449816715,-1.2636511076484989,-0.01968246606047596,-0.05110048145455046,76653,7.39,0
1.410161995301936,0.28520592636575753,-1.0202239067705932,-0.5628410727878568,-1.014165964979683,-0.039325850181639976,-1.0389891372689044,0.048112848002119527,-0.1848652446783069,4.326920740610131,60413,58.28,0
0.16432065938191598,-0.40925030661018263,0.007218456725176393,0.8040963921654486,6.220461036402953e-05,-0.0392716184597749,0.8554973996136908,-0.6207246820215938,0.4098168764637709,-0.41731016582044506,8863,116.28,0
-0.3007645848467349,1.1249328357046429,-1.7868476505857773,0.7302167619612338,-1.643732810811891,-0.46037140386548175,-0.8187183660384588,0.327258735596416,-0.5763008248085482,2.3255429590788324,13836,132.13,0
0.34020997686833787,-1.590649698269418,2.7278307098681713,1.0158094421858677,0.127546009583492,0.7050448120198358,-0.044687506506034355,-1.3042474946557012,-0.8406933632494217,0.3374734823900785,157538,36.9,0
-0.44065242156974244,-1.10598494933922,1.0385687974123936,0.5879609464131101,-0.24940790679525762,-0.6446527223520863,0.8029323725161529,1.4645080626293492,-0.5219137707260653,0.8801821684275919,42767,12.07,0
0.600959284699897,2.0937788508227175,1.0341900957667707,1.9578992579558496,-0.6010981429621729,1.295073237384764,-0.6111878096242952,0.4384687785565753,0.12985740308626045,-0.5647858919114798,35232,106.1,0
0.05246679835624363,-0.6800691540284102,0.7623425594314492,-2.355964021471179,0.23307029372674537,-1.13343688314131,1.0728864703125014,-0.19946878307365554,0.4485664752017807,0.9723113095655427,39288,52.48,0
2.0350733027310675,0.3583526510140362,0.9425551415102287,2.0303634410031015,1.8571044190632442,-0.44888538051576915,0.6315992022913007,0.006148748308978456,-1.5758939181122005,-1.1840593121671354,43084,100.66,0
-0.05510209904228934,-1.2594712043760588,0.870952517251484,-0.06014935078155653,-0.43731489577742866,-0.02859144789927242,-0.3342821734617308,1.345631994269975,0.4704217044429879,-1.5775365213350239,35883,34.24,0
0.8590460581777356,0.2236149064397072,0.34553662499574495,-0.16511965017241503,0.40600269165640335,-0.2933273849067402,0.013365577156829674,-0.49746436372402136,-1.516410660754228,0.08036302090443626,154263,141.19,0
-1.023647761699891,0.7157272810747723,-1.7366421124332418,-0.946623124919582,-0.4344239584101757,-0.5611318579248913,2.2628092349652404,-0.9329676322655271,2.8879124953969044,0.7432272156568203,37732,71.95,0
-1.3759135886015514,-0.17293311283992888,-0.4157287143420289,2.0362960022608423,0.9493738301980233,1.1002664092961025,0.5843818340999428,0.6595479624499588,1.5451810351485515,-0.6435625337709185,148537,70.51,0
1.1915936141825663,1.3267746004547925,1.0928875578409072,-0.9101830651923999,-1.0144844465914487,0.38937275812241423,0.7143357474106041,0.36911749239434616,0.8185098286786511,1.2712246205542104,134514,124.19,0
0.36935805969990443,0.9907617345678559,-0.3578624970632518,-1.7722625585075578,0.14691476392588196,1.0315387534870497,0.17609242919363946,1.116485369737188,0.17669946665551367,0.2113769395668552,3582,129.25,0
1.5444494781186728,-0.4364844783650164,1.0879937669717712,-0.18645428241326925,0.35408388202840285,-0.870251548117375,-0.6958451128662319,-0.09713983776609775,0.8049378377158511,-1.6650489644295743,52767,112.93,0
0.13076418791154437,0.04974066544459848,1.4372424578452343,-0.20277357076466468,-0.2466188732042133,-0.3070621097632671,-0.5567888044588363,1.5608930755988106,-0.29530544577545076,0.11505527180975968,111157,124.59,0
-0.36437729289324183,-2.0605289471243124,0.18218970088354047,-2.831020599340725,-0.09106362372745465,1.050114674490225,-1.041616408272716,0.17822664263854127,0.8722665980352367,-0.4280908458000504,97769,127.21,0
1.709943954012071,-0.8478315477218382,-0.8030651442785116,0.44017662573841065,0.532607283793853,-1.3715844249638158,-0.40994401986941587,-0.23915031851215263,-1.801608689379469,0.5652693293574893,74636,76.28,0
0.8187639503474419,-0.5188453132811776,-0.5032170642785246,0.004159138781156173,0.6335523927703243,-0.04360073508674361,1.1065079983645454,-0.0067787857349241665,1.2842975636237735,0.9431722470362822,47919,77.22,0
-0.18249984265026167,1.1756854032310164,-0.9623689948240629,0.23913486233203762,-0.3431627007332465,-0.7777061268309715,0.40987056972466207,0.4633787341256838,-0.052697279756085895,1.1768041214255074,51768,79.22,0
1.0287809197455093,-0.47449122942707067,1.5414100380841014,0.3511439770458093,1.1620797379907635,-0.39328457127305777,0.48301020869106676,-0.014180326612473778,-0.47396030210732526,0.3930668835292592,161668,95.37,0
-0.46212707517244556,-0.4131099527967148,0.4406059207156895,-0.9195062322350612,-0.9648271219628666,-0.9777893193891725,-0.007530949811199182,0.9447447015343373,0.4816617558317295,-0.3347120152400107,11948,65.35,0
0.57740257751925,2.534992746099831,-0.5525033568713179,-0.6082387490196441,-0.18162022860064314,-0.7812952818006472,-2.176962579859716,-0.4424677225915938,-1.3277178911753982,-0.3977309278360911,154394,75.77,0
0.22846068173232117,-0.21750920663028547,-0.31548848191869727,-1.6516052242109154,-0.2168474850667725,0.24355110083159448,-1.610839424825448,0.8497061524331356,-0.6213058534640502,-0.8534856415875758,169978,65.74,0
-0.7420134248897403,1.2451926537687301,-0.6795238298282704,-1.226133231043401,-0.045466889189501626,1.363221239101415,-1.5216679278903447,0.038928095185886205,-0.15575461621944514,1.1173255580342945,125138,119.04,0
2.8554938051156333,2.2392009732480638,3.7372023415827487,2.6393147985135053,1.4576647348440843,0.4253770919580582,3.8369767372465704,2.94331844786861,1.3734748518857187,1.252080531744435,126550,559.63,1
-0.1698744835797392,-0.353852020869851,-1.179897364762752,0.2322780312543723,-0.07444949739319742,1.7665631944954459,1.6088816551806453,1.3662659753556974,1.1152280869092426,0.11255722265714742,18446,38.14,0
-0.10853663268515668,-0.3754001639752333,-1.7164735140606524,0.47355539694023474,-0.7049459469369983,0.5257222810988356,1.0793883441063405,-0.40017265563151627,0.05845330448287185,-0.05432378010105883,155070,69.48,0
-0.18924434093640552,0.33314253207511,-0.9869913556775379,-1.4090865905334917,0.4183473229529084,1.2396882445084165,2.0258125232364974,-1.731130387540856,-0.6007706954923719,-0.0979536094752339,12273,1.95,0
-0.5595722860494895,-0.9170825522103063,-0.037323379049736136,-0.2670788900983261,0.5779731183085232,-0.08089437401954816,1.208310504910064,1.5538655528373382,-1.2540734940601406,-0.07005456946833895,82968,52.5,0
1.1300993164045137,-0.8777560655285767,1.455228396392314,0.17501840534960383,0.18451974069406274,-0.3375318972369645,-2.3959403461000646,0.7310453731591017,0.16864785609449004,0.15831634411456713,84541,89.36,0
1.6111161484996208,-0.4584082745531576,-2.2437083318816793,1.3403873330267184,0.06938370613778329,1.0488517897245615,-0.9243081659486009,0.1984981164263349,0.9024551786632987,1.2732342584339045,141439,86.12,0
2.1858637664176253,-0.6628522221367055,-1.6357432881940195,1.0841560234108645,0.1841694910191149,0.7673847690286804,-1.2568210918282896,-0.20043882545249336,0.5694970556657254,-0.7821319251909578,77748,19.96,0
-0.3904639494628101,-0.2362496326236882,-0.2688519713436714,0.12565347404044408,-0.9546623511739386,0.7707939431418125,1.859871068064664,0.5291144627215842,0.9396509181676689,-0.14515207427447147,52853,33.31,0
-1.7807381075634705,1.7143146799843163,1.0261562807722122,0.3608918630590762,1.050847394228725,1.9053466044672862,0.9613559491672948,0.12799926095257327,-0.05815324485273307,0.2943536514999156,138678,39.8,0
-0.14707349950860418,1.4780317943269636,2.325911716715314,1.8300491631535343,-1.923937026745006,0.08093332580685558,-0.3073824519616067,-1.042712261710434,1.540693362375532,1.9942933627111143,135559,57.5,0
-1.253305262345163,0.24839406504653988,-1.3973865970634738,-1.9429773015284817,1.1749808943372717,0.7387923852598552,-0.5614912376986894,0.7505336113725967,-1.2215828997246443,-0.3855701020696429,47951,51.64,0
-1.10066126423436,0.6245484258883623,0.40030340649868873,-1.5230193324683148,-0.3589022716209584,0.07379381248074093,0.4026674471809347,2.9955052466568364,-1.3430016503344246,0.47519651388557566,81616,84.84,0
-1.056265408290668,-0.5375617131053801,0.6858973598434033,2.544766772752098,-0.5547227246051216,1.518798209900966,0.5537650279326458,-0.22781183638968291,-2.346342363936838,0.02623760969592619,107912,29.07,0
-0.4740804733663613,0.5618444182385726,0.24887107676645703,-0.5306739234111065,-0.15786561122341225,-0.5447064227443507,0.7340889498852443,1.3763444154095885,0.37328960076907064,-2.0671359297250813,40474,105.45,0
0.33980857449043056,0.4156659699331173,1.5347209432796696,1.0039366059713688,-0.8620739772698514,0.45284145089231687,-0.5654478274346068,-1.3329735000426712,-0.17681457843050152,-0.4128490459728363,104550,53.19,0
-0.11420989177783689,0.5700341960840228,0.6713569749481262,-0.1883177435865066,0.9040528673405135,-0.6700624996857939,0.9225983594884104,-0.2952398110881211,0.14295975553570442,-0.26193535230160736,5319,32.89,0
-0.17123274409232622,-1.1967001175845153,0.7767022337097781,1.0323708795521318,-0.744119834113319,-2.663489537956507,1.1397761089635698,-0.42536560834954285,2.5164720057403103,-0.4103263281180478,69328,168.7,0
-1.6919626491697632,-1.6227673302665249,-0.36813653389385326,1.4975661360871355,0.24988939427925833,-0.024280939838200406,-1.005634684261482,-0.1406017096673737,-0.7026283709296304,0.332814506924558,76116,33.93,0
1.6109369950118944,-1.759908871956445,0.1810055367308467,0.6000895552626019,0.2606003030551612,-2.733519603048116,1.6401829295660564,0.9840332521341691,-0.9454521139458305,0.26276569422190993,115468,29.56,0
-0.713874824036484,0.5582185755475376,1.5079194172348667,0.31862656780524984,-0.6428931486594057,-1.0235132521759185,0.4521478851829387,-0.9481787121413934,0.12372381195715741,0.13487292916062318,113402,14.38,0
-1.559383235305609,-0.8759244140817352,3.2334936632485123,1.2197004570559355,-0.26118189516102236,-0.3702363622686849,1.3530988697667792,-2.6169065733951613,-0.10759553495590042,0.34116346087094956,67018,3.13,0
-1.9209159258951816,-0.37723567409627334,-1.4689993808971122,-0.27024207539837525,-0.5223336742273718,-0.9336893053731921,1.5442735465024513,-0.3446210222082244,0.6389205338864677,0.0061274077202285405,60571,5.48,0
0.09152017817320818,0.43105449259965123,0.19425215315377178,0.7800583361303581,-0.9150527556868009,-0.041749707501356106,-0.01124918218779526,-0.15585047738786076,1.6314426369190653,0.8459992767356775,54413,0.53,0
-0.11936619927687682,-0.5520262681594221,0.5727656284189578,-1.905004658153818,0.5703389962644321,1.9581369349227224,2.090254438982392,-0.5868281402353219,0.9561500807241777,-1.0190663130808542,32892,87.12,0
-1.2780883627118034,0.7436070000996834,1.78348487018686,0.13679175608229402,0.3417576813576451,-0.6675368824713616,-0.5064733341147655,1.0518794050695068,1.6633406336495236,0.9903096531793529,98539,20.12,0
-1.2119097199812767,-0.5627824046817108,2.017362737225639,1.0217290731659654,0.5019970879162784,1.5134613125939287,-0.9593616662565649,-0.21465125793770398,-1.1010999516961177,0.6632652978581994,120475,86.78,0
-0.45615619611535785,1.4107628543122044,-0.24637304374803073,0.34640812686900146,2.0052678813877582,-0.36269937553848075,-0.012931644603454636,0.07117175298314064,-0.6755952036075326,-0.06869343169296792,60238,44.24,0
-0.8537592225874118,-1.063148710155423,0.12707266242950907,1.5860555320964014,-0.06846613357016398,1.0249486990649743,-0.6287637124695135,1.2621137601651384,-1.4177143502803906,-1.0879415739743257,9372,80.95,0
-1.5407344962640819,-0.12875857572966917,0.23967424359629974,-1.4887610454342513,1.8655780310359804,0.5192928558543685,0.2367147798379491,1.377919395197816,-0.7549698852319958,-1.4341488797920463,109629,207.64,0
-1.4527575467621472,0.9182325265334489,-1.514205883340986,0.17060067721733546,-1.5186012373887288,-0.34413536362025987,1.3019565394760328,-0.8360025977655835,-0.18811599317430494,-2.2730551663790117,97145,13.32,0
0.5543300046323907,0.34750930993308465,-0.5079742372415168,-0.41168400884564893,0.3813660378108791,-1.0699519582790673,2.4666426077773855,1.865160269819391,0.5227455650471217,0.3435917468417234,155840,5.25,0
0.0859990650052155,0.9180716336150824,0.9468532535151475,2.1668474555039157,0.8434108538525992,0.023954503202434998,-0.6516552044780795,0.6671570607471846,-0.6519660322563389,-2.0387662544082588,121037,82.39,0
0.3365831266054347,-1.4658914950335382,-1.1478412281503858,0.7214123735592936,-0.2024103885870802,-2.4397679167857196,-0.45374286625106963,-0.34359239337499764,-0.40802502517494726,0.4126602895768867,134896,18.59,0
0.5239509541926708,0.3871617791163626,-0.7706728229275946,-0.6303676467471555,-0.2089757973330139,-0.006369747335058674,0.029242663859610142,0.6174475211959153,-0.22944197161455346,0.02635351760441556,89270,3.69,0
1.5317788906010528,0.10648619460268177,-0.544102181614012,-1.2711467743565588,0.7991267895980826,-3.188146327938179,-0.32042184893432685,1.0582854017674181,-0.786399790184677,0.026513592003826244,115304,42.98,0
-0.4332326566230212,0.24917050128817964,0.5211757518138552,1.4254059223124789,1.2821678819463584,0.442720876831501,1.4602335856225397,0.9177450118919417,0.812390825875582,-0.08511900378392696,55236,44.99,0
-0.9170489464607607,0.620712839228547,-0.21143759527809844,2.5990281447905534,0.9349264828436507,0.02015006419141846,1.7695820883189142,-0.5619648698394037,2.7777749453404548,-0.07833216887376811,94121,61.64,0
-0.36177047744417123,0.9085868016131475,0.646309433386353,1.4079488825973783,0.8010714920673201,0.24619970267879507,0.10893287043771317,1.0745977654132517,1.4301079444564713,0.9101123986138872,94787,40.44,0
0.30310188495033036,1.3493180484506717,-0.501079469607532,-0.3911352507696586,-1.268657427449655,0.1676750499340186,0.7920544821475468,-1.113282891311426,0.7024599808320131,-0.3034892946633601,120721,46.62,0
0.06757906948889146,0.06101485541420536,1.0029969004507249,0.1504759220086146,-1.0486373494254146,1.7968200675106465,-1.778758785889637,-0.4210767588270655,-1.3121163947476666,1.5509884600090031,168284,16.32,0
0.044658280963466405,-0.13744699289312357,0.8219377982456677,-1.6009447707270237,-0.6453138029430764,1.8833877854171874,-1.1221073372647838,-1.0756772987787948,-1.0195349912217828,-0.74424861653258,172048,32.91,0
-0.20903225602742,-0.2874711320558362,-1.97718604394959,0.8202161548832603,0.9668361511758767,-0.9922129187574793,-0.7445110787335175,-0.3021451034372762,0.4294671602930056,-0.11589792536285594,35620,35.44,0
-1.9369669327054153,-0.5290384975676395,-0.4311592448055278,-0.6412670439998478,1.391400860599534,0.2608865173166925,0.38953544095604276,-0.292720798356383,-1.2586880363503252,-0.8953635391737998,34546,70.4,0
-0.5618065435255897,2.4478027535929074,0.23122420929452067,0.17198874992620525,0.09017765984629196,0.22669498916318015,-0.24523700207901708,0.027098395908505466,-1.6742672624739405,-1.73526720763605,3008,15.9,0
-0.2292926535523081,1.9137860400684237,0.49200617378835015,-0.6056605504265781,0.1953281650326036,-2.112490040137815,-1.098180715893553,-0.1565551346553375,0.5592138337131528,0.8221910981043282,75554,117.44,0
-1.0222802816473295,0.15479224452383833,0.05601162637466865,-0.48547818635361034,0.7260469332902094,0.2761992861924088,-1.5008655991366413,-2.514267670212917,-0.5332812986478044,0.20254088373507328,21618,58.58,0
-1.0356537528258116,1.4545180409590368,-0.17694388122133783,-0.7377257614562184,-0.9244057968617817,0.3299655735312294,-0.2814817346743938,-0.1402829903588121,0.11488154540731366,0.038247878334072456,163082,20.05,0
0.9795853411559731,1.2131232504654668,-1.6348336996275665,-1.0819224486476589,0.27016705502368754,-1.2012785122887206,0.19193806817034087,0.2169720771883846,-0.7738912475867935,0.7687016233033599,121083,80.15,0
1.306999553404016,-1.4981453844153232,1.3331162889252157,1.3258476830884123,0.9781548498345284,0.19981087491715996,0.5369781182194182,0.6624565916340586,-0.664518901487142,-0.10743351292383634,124834,84.4,0
2.3869517995739225,0.37887691202017393,-0.039354060310192646,-0.011670513329168509,1.1331909788418906,2.496514386020694,0.3032298005614879,1.2196718650445633,1.6654428485460302,-0.30411668871730707,4869,23.16,0
0.388474200851541,-1.9498011756530316,-0.4643356760806351,-1.039844100385727,0.06722258798449979,-1.1352141335604424,-0.7343893405826645,-0.2538313729583662,1.0268793331768156,-0.866333140717301,93920,85.69,0
0.085993480747625,0.020508564016334337,-0.942669352146079,-2.5121579061313772,-0.4582419990209142,0.5045071285069141,0.21098600721858943,-0.4292296206787462,-1.3325872771872644,-0.5254686710603095,4275,103.1,0
1.5713358160823676,-0.8406237071641448,1.6228412473641953,2.179889308281965,-2.1811558147306163,1.1657202577777237,-0.6140378659858325,0.7591746880797648,0.5574844794073719,1.6764484747541808,161864,96.98,0
-1.3221959660874487,-0.8758399540230916,-0.5133687688160568,-0.7583535100029103,0.45659200019442725,-1.2538627954898234,0.08533832201513372,-0.6332480292666243,-0.6848812541923082,-0.24548708435031957,157585,17.31,0
0.15154079576526616,0.07126471557856422,1.1326273236930104,1.172237134863775,-0.034422111045983965,1.842322801450222,-0.5098964072336639,0.27587055018568085,-0.9474438585699145,-0.5079680581090853,87746,110.78,0
-0.5667130253101499,-0.6615788844235619,-0.1644958640729202,0.08672137353152956,-1.530032729227635,2.3770027057055767,-1.0076439388280212,-1.4843174378772024,-0.3331544910066363,0.24742922874016707,58445,69.88,0
0.6328683235572881,-1.2949669784744322,0.13903503989368673,-0.10923934124699704,0.49631439555678053,0.3626022192261495,-2.548732397035153,1.017486985312624,-1.8878948288099966,0.1527032972762051,99501,30.11,0
3.1480491462113767,4.7168172092096725,3.0205856719544624,2.9126655325173862,3.882010209688491,0.3757738901691079,4.225552623717466,2.825974000156524,1.9766666161537316,1.6689882374281406,143666,472.38,1
0.5671707070196942,1.0360779505747895,1.8107116629183762,-1.208175685681169,2.0310626272890295,-1.2427738861199726,-1.6592256446967404,0.388677148900106,1.3435303709772901,-0.003842722578579026,169244,49.12,0
0.3847685442049928,-0.36593172704714716,1.0223249952164812,0.9810199268597204,-1.33716777999237,-0.597334592967124,-0.28219338914525693,-0.10728410424373405,1.1287612239686462,1.0886541381221144,96425,0.52,0
-0.2996530640553656,-0.3134258326835941,-0.44703095762712625,-0.9685349230520062,-1.3659198242449033,0.21723178513126298,0.6788299583540499,-0.14503673151583202,0.7301576748253484,-0.5391137290820165,27266,8.79,0
0.08796289633100199,-1.9786656668893567,-1.401051744057209,-0.3858125610928363,-0.5083411145415442,-0.8355065338895054,-1.8213728925404575,-0.6610076491734261,-0.18018156327033408,0.17821410112343933,16992,139.25,0
0.3482030159448188,-0.25501565265986115,-0.43129547792375017,1.3381791668583911,-1.8596764908226535,-0.1350617031343363,-1.9163832118726292,2.2372870018620667,-0.3963778059851582,-0.9095651836705638,25149,78.31,0
-0.7552194194170205,1.441076778240017,0.08428085127349749,-0.749554136189637,0.5103014431738871,0.5453453919583249,0.5193229379783495,-0.9753063319064694,-0.13973326388212243,1.8316482067264992,61478,32.15,0
0.09418305823231217,1.14599030831256,0.7186422353106833,0.5479440333912979,-0.839602998877688,-0.11645497871559965,0.09980400070481274,0.594149926513018,1.0319214801647911,-1.084522115025339,123060,144.19,0
1.328156620895797,0.46155391796127865,-0.7162745666698576,-1.7999654663144513,-0.7534748750839719,0.26973522413647033,-0.13179107959052716,0.3545251572362755,-0.5778804099301046,1.3014505212159744,170219,94.35,0
-1.4098194289478103,1.188336538358937,-0.01751373715160032,-0.9930387031447206,-0.9892710661014126,0.3292319363179372,0.08103605875243748,-0.5095445347890393,2.438313702189339,-0.827915700768788,108057,105.71,0
1.960484600783027,0.9369665419143417,-0.2971604172973206,-1.2278501305134135,1.8484632655514626,0.8724341692015912,-0.8191940559929812,0.49907591745713104,0.35151487526792924,-0.30234154562783055,18960,49.05,0
-0.16958637249729036,-0.22650524597978958,-0.2858397095566313,-0.2331275178630646,0.6019898056649623,0.8589149097624112,0.34600665133140707,-0.5941914500838615,-0.3507123116517638,-1.3233993699091218,114555,94.99,0
-0.1627989966326071,-1.061192189335421,-0.2681036930243923,-0.8487700905479784,-2.114619066459786,0.19186192099534252,-0.4800215106750887,-1.2684812322594436,0.62669252196931,-0.7995795769678758,83447,103.65,0
0.9365693558567879,-0.6775091168806363,2.6181734235804135,-1.8096880029090108,-0.3251231503923271,1.321292530547531,0.4405476863443143,-1.2048168549475424,0.9877618367397817,0.5533504584370195,160503,117.33,0
0.7173484576086773,-0.6514950825192756,0.18863570407976524,-0.8752163282602088,1.7105759089922536,0.22003904728673457,-0.8321963936398588,0.6447643562589721,-0.6749913099880899,-0.39791332628371884,74692,90.6,0
-0.016836723733426057,1.2421386186275805,0.6207974391473984,-0.892966382013853,0.5197695480464669,-0.6353271325314106,0.342705746112182,0.4242202051664839,0.8870158774540335,-0.6083820783954672,166453,105.79,0
-0.37191458132128985,-0.6594976961732696,-0.2665848846231373,0.9070076243299959,-0.9071059377027617,-0.08083100561848665,-0.48384365856075945,0.08652290066030453,0.16914138073032464,1.5923804481079151,54919,86.42,0
0.7725398075827608,-0.43679556010782966,0.415979255894734,0.3990591975022172,0.5238044461370118,-1.06354588495652,-1.7098850242442907,-0.3458910036660085,-0.41430794105595076,-0.7909136268125612,107787,63.45,0
-0.04955883755158271,-0.9846525849923764,2.3521649334494557,-0.20397689801249047,-0.20085178614133123,0.48255466634489624,-1.1026326185121387,0.486671988987686,0.60066908316219,-1.4940928028330764,15729,71.07,0
-0.028017784895743934,-0.2863134067868141,-1.6387796565652528,0.44951714565208367,0.7098186232612629,0.8249910833476561,1.2847838041077702,-1.3605411201887156,-1.7494312016484235,0.6533496757101898,120409,108.1,0
-0.001919853176346149,0.6088905165770311,-0.18009930097924454,-0.1474863899922079,0.6163104662513545,0.8869372813999129,-0.571088360924298,-0.02104015415869843,0.41365217867655013,0.33989373692152247,158737,5.5,0
0.5080791051990653,-0.2161722233219656,1.1129502296922626,0.9357146457139935,-0.3781208731323194,-1.020221358463,0.19759967548228716,-0.5810692145823946,1.2200957510777495,-0.3060736203509853,67297,56.65,0
0.9112380445689469,0.14587197828259946,-0.1503174494263918,1.146813031635759,0.12975161179698358,-0.0354326147271854,1.2682928546347998,-0.9003403721157077,-0.5687093177351814,1.0184035877791442,52913,57.44,0
0.0699195809948253,-0.5129947491967435,-0.49954496218113714,-0.7080591600305712,-0.23201802111278302,0.8142384003799,0.16595050527347807,0.4221379773576923,0.12675276138400132,-0.17193289353624114,134203,42.9,0
-1.4047915476103274,-2.9858225341099236,0.8291532953791201,-0.006572247971360915,-0.20886676587261033,-0.4281482264286697,-0.4058140815748588,-0.2441913513310854,-0.06867725574860199,-2.4112353803124407,93346,42.76,0
-0.38380092570774543,0.4695363670158261,-0.16969316656624964,0.19854755545048933,0.8961998392929678,1.8013558167627286,0.20378706083573803,-0.41231116673332896,-1.6314257294979615,-1.1699747507916314,163475,45.74,0
-1.916597467518211,0.9038256886095176,1.3363261454781257,0.1271177573644799,0.16349694608444856,2.033802459185564,-0.6079740066655511,0.4568719508736303,-0.21806656258714624,-1.6852508282721004,166698,59.75,0
-0.02429738377081549,0.07579154996435276,0.877455822153641,1.2332154065194592,0.7746001153316247,1.8347562391255037,-0.8245446394378756,0.53293737547147,-0.32607949745109954,-0.29553017114604324,57916,70.84,0
-1.3263961033185487,-0.9448896176022599,-0.04384263102496118,0.08644313836818336,0.38133231512452653,-0.7739115995184248,-0.666005831914257,-0.47458793414199046,0.757153488680802,-0.391806439751279,14124,86.36,0
3.1227739561241763,0.32635658308251214,2.041923234835115,3.72222813544834,1.9203730005687185,4.249623644846849,1.3419962665904441,2.6720751941705023,2.4522252801440163,3.8854892198223285,142680,384.89,1
1.475949048053509,0.5191029979568217,-1.4267034449994767,-1.3844061316090193,-0.6925665132793299,1.4474723670231473,1.0468004522087897,0.28649075380289185,-0.8284222860647452,-0.15345497244086595,6187,58.59,0
1.245634960171873,0.005323006627107235,-0.6817971913728537,1.3844628848198377,0.5693647554018482,0.20777206561012146,-0.03095765807169273,0.9857350954427524,0.37298340396300117,-0.20972771451097005,105402,100.63,0
0.3350423675374132,1.7111015603628703,1.0814739243556017,-0.6503028983172799,-1.6109518334172113,2.0744864137579895,0.685722811544252,0.5199334633694417,0.2891252569412285,-1.2072096571908635,15183,43.18,0
0.17196033243705985,-0.01898259968086171,-1.8352320764450323,-0.21876628778938723,0.41889457047519724,0.6213170284965213,-2.090594545454645,0.7068699616452613,0.9093009614707125,0.48752264313920374,106118,85.56,0
-0.7273677406591319,-2.6382780762911087,-0.010025851986780639,-0.7614858290789228,-0.2755190822941641,-0.3202406587511074,-0.21648149891233123,-0.47655044504129856,1.0351461561034292,-0.740597959168519,152938,19.16,0
1.202700806536146,0.1034571648936973,0.9967926857008693,0.4021655344526143,-1.194218810910073,0.37698927076568955,-0.24671004807272248,0.03356064281594556,-0.5468269708540959,0.9637137927095312,85175,50.5,0
-1.0254101277779044,1.8953836254766674,-0.09068084460786036,0.7395891364218043,0.36602601914408034,-0.18317803620779846,1.9039065295348916,0.5334111836304102,-0.37149219550487383,-0.5792146315929179,114311,68.09,0
-2.564744341820567,-0.7870019834725421,0.03620263925982666,-0.24908426083701707,0.38719835570365185,-0.9131791537852285,0.46753017929393614,-1.049388772283755,1.5266642441251714,2.1945014263522276,160641,1.68,0
-0.7897560801247798,0.948895481083506,-0.7971044341315033,-0.708091550341236,1.1435274200570102,-1.9975965075836535,-0.6015919104862371,-0.4837928890854314,0.5243073802516235,-0.5001262569564203,83252,30.44,0
-0.8508196223826928,1.3261290700366843,-0.06737104723034884,1.433783954505778,1.4817880754412247,1.857916176408613,0.051196941854722254,0.07775211380487776,0.2546131288818846,-1.046799873776024,64565,78.52,0
1.4581708074791095,-0.007099761909142564,-0.670730906017404,1.2359469389340596,-1.3073595861552483,-0.36145329197802606,-0.5015525602929783,0.042740965109547016,-1.7690137971031707,0.2851324746660971,31010,110.46,0
-0.27089362707093734,1.5949368233406982,0.6536639836148213,1.8255761429284958,0.7521825651534181,-1.5652164674642235,0.035892199253855735,-1.058006572766603,0.4406073756215073,-1.7847910417017765,156898,34.85,0
-0.7831798617151676,1.7059402787087732,0.28314225950470917,0.9883616752535224,1.3731770839291852,-0.7965542527560597,-1.028321550521706,0.1780065830526892,0.18516595543401393,0.6318158189181722,31785,68.75,0
0.41747195874201454,-0.6659523957592918,1.007427610617323,-1.0022037645773594,-0.4987904973384019,-2.4870756125602873,0.6051917249408904,0.46863722606098573,-0.4973361802212602,0.30395074989999893,86866,175.68,0
-0.32920939835900803,-0.3216483486419647,-1.0084966253066405,-0.9659044916251056,0.5668866123946673,1.1842548072524361,0.8487317539529187,0.022759236465739074,1.0539887918519086,-0.8639401384470742,19943,47.33,0
-0.9819098459508032,0.6115793650208063,-0.563227076945396,0.4835993152605212,-0.40743357100910893,0.18964552166322302,0.5674696139964819,0.4364552710486143,-0.33629481442716663,1.156741720036867,23917,27.18,0
0.6018956486064415,-0.584736077234459,-0.4218176060668454,-2.20254002791545,-0.9647950102675675,-0.05302547355694728,0.38044159908973274,-0.07289600512739743,0.9765729625632564,-0.959738780511366,36941,83.55,0
-1.1231779820879617,-0.41133423227029803,-1.539214480859047,-0.6281720577950204,1.335362579090148,1.350906434737066,1.292758448693921,0.2574867065571323,-0.17198769942222275,-0.3468402534231431,51674,82.01,0
0.9427658012252752,0.7831365352724501,-0.05944396495488946,1.1349104323771935,2.4859721145920526,0.2792447291650234,0.95495136850919,-2.8827793629863554,-0.029903850160969185,-0.6497676564097948,63708,48.02,0
-0.5483455378650185,0.039831768223134466,0.9746891382786231,0.4264281541259961,0.09864458147800159,-0.3119882156613612,-1.3007857576123079,0.1310265815368399,-0.45680078827698983,-0.4367191734030272,5836,46.36,0
-0.8606830431645255,-1.157128648593915,-0.5406254885652224,0.45789737961554294,-0.5300359772950388,-1.7569336953291947,0.2151914879034248,0.5521194227676057,0.702204403315143,1.214413322446803,140843,123.35,0
-1.8611936845055561,-0.035978696191495935,0.5969332313997334,1.057329042985862,-1.1404321044907264,0.5020890306959483,-1.671969431144851,-0.43450311468969866,-0.4172045612618887,-0.1440054129843295,54298,8.08,0
-0.507105280428242,-0.05756976240540404,-1.2467939099098826,-1.208741704760657,-0.6105421879872273,-0.2157768511535411,0.029225321895288127,0.4432605696039191,-1.5163906397599851,0.23678898103161808,80941,26.89,0
0.10469002988812601,-0.1998795870983077,-0.16822971272552553,0.36860021295899326,1.1604496378767173,-1.6301682090820182,-0.25486553735201345,-0.7490177845103465,-0.09485495905102329,0.026428119876508054,129371,27.66,0
0.044212378104198057,-1.3190301836685123,1.6402828107549985,1.4740077301223429,-2.066732117678449,0.9516565657248657,0.7907885126285962,-0.04991768630404784,2.8432732454478917,-0.38821051962716546,129112,119.38,0
0.004307642343159692,0.23077279495527736,-0.07219553659670648,-0.218633016446795,-0.20243817445701345,-0.6415006455285935,-3.0454631272807857,0.24957795587465767,0.4027413205252121,1.989167103869559,55625,54.55,0
0.4144094332759964,-0.1461140315945451,0.5691364418675215,0.5903715440554717,-0.26661782147036733,0.5186151715960765,1.7063381713096388,0.2999081236449808,-0.47532224473630746,-0.7019701071177953,165374,70.25,0
-1.0824271973882869,1.981199998686964,-1.3631505135852566,0.15905749805409206,0.370405423469423,-0.45929071232625396,0.8105201978815615,-0.41042221034142284,0.5413566606536869,-0.650837034534919,133567,64.19,0
0.7508689887312598,0.11646841505142191,0.67472206125024,0.6484289308140446,0.29935339036987596,-2.2322481303512967,1.5788248977804529,-1.1809385843936873,-1.5152465778661566,0.28339022800644065,56561,83.06,0
2.0519678260700487,-0.3799963009493834,0.4266670363104996,4.680996271800054,1.543591601521716,1.9650844592926908,1.5690175437347846,4.284842205894794,1.2147666322508601,4.8998161132878435,170991,766.93,1
0.9364004170146472,0.7888457131522739,-0.9190805616438537,-0.24631372358223186,0.7066509835397154,0.05432507232805491,0.06275902244414726,-0.2464990236867204,0.24642215453267752,0.16031916858955958,9053,27.53,0
-0.21069001436315682,-0.5835233787910404,-0.7398545102479152,-0.28115912740595944,1.6082059274456812,-0.32708553404439455,0.14721889056049428,-0.1620421877413563,-0.5344025303179697,0.2408210785527905,155882,62.29,0
-0.7663153496157056,-0.7401741042942273,0.33101972480350106,0.6034106370730951,2.1035567201819507,-1.593576449898219,0.4562172641207515,-0.3310838862050807,-1.238772230363362,-1.8544891915337063,152959,12.06,0
1.2293757176501043,1.1358298488501297,-0.4625462416918259,-0.4915486809199354,0.47922796979557786,0.2792513879440206,-0.41056153244190385,-1.5851217546914538,0.09140384570291901,0.3375860123209312,5673,115.92,0
0.24891359867502955,1.4489340247508535,-0.25333907725216487,-1.2635885620009257,0.5922325321771237,-0.9039840243675579,0.7670775671525658,1.956464044110532,1.0637485748437843,2.373218400975575,94589,7.04,0
-0.44412145436551537,0.13341308157082288,0.9701776318087014,1.2463647094761992,-0.06424481845343902,-0.3909716008034942,-0.2714944335656375,-0.01722979003169727,-0.7299228277507441,-0.13957649590892193,17806,120.85,0
0.6308001641460198,-0.3030561853656883,-1.8667962677622671,0.873566317633677,0.07024326070851288,-0.294576022281766,-0.5150141872470306,-0.47663263666620753,1.3399693227028135,0.4283862091724824,142869,84.23,0
-0.9870551545368866,-0.19022291832309887,-0.3164710426498841,0.9482793742187017,-0.4685971139654719,-0.9168305104620249,-2.1030125228795655,-0.8871237688405786,1.453085933304462,-0.352912687191066,61430,1.26,0
0.7925074116726066,1.0482643763908097,0.6951424275179644,1.498334107779513,-1.5965215234614911,2.98134798092135,-0.7058739161898745,1.155960532646818,-1.0225959019372366,0.7960884812072442,53263,170.45,0
2.106884733278146,0.9646793941636173,-0.7659459400266918,-1.4129268966600668,-0.772675205573181,-0.6337783362306186,0.24426513744191575,0.33281407291950144,-0.6138719854492841,-1.6673002417174876,26383,100.72,0
-0.6139768013928971,2.7312887091595517,0.05715983600182728,0.19310980145482595,1.5355311485939678,0.025049316069927614,-0.17044903322301097,-0.06282581732530196,0.886859654010306,1.8356653208586067,169936,15.36,0
-0.11754216732813036,-0.5332521826826966,0.10994689214762728,-0.02269952993722577,-0.2400640653984051,-1.0766014982535788,0.35773875924586496,0.6639689393531096,0.9880187439705632,1.1994103543953505,98215,102.59,0
-0.08451988151147344,0.7183479613308372,-0.3570326493531597,1.4608135607632065,-0.6097758813206436,-0.9139076498769614,0.8720317984604549,0.06183588652156771,-0.25824093095483497,0.4027494230704737,39638,28.51,0
0.002993291199955732,0.23464618770475926,1.18687044890565,0.885377552899125,-0.20125913623351213,0.3929077717436935,1.3925821108965455,-0.8880613219953928,1.9506670181733474,1.0437787508512641,131514,67.07,0
-0.0886139452531673,-0.0849898009367489,-0.25632866569249774,-0.5698934418531435,-0.5892734974713386,-1.5791809153177498,-1.1924831309589323,1.0162431932180667,-0.8522034069223922,0.13681756422597033,54242,23.81,0
-0.8330367227960116,0.5593700673073582,-0.17829202198912472,0.11479253023656089,0.9432302720603775,1.2231175762642705,-0.007026556466483158,-1.2436794471208619,-0.5728071667859884,1.7761034608078474,2257,100.88,0
-0.4405078608479934,0.6727293784977457,0.6976880390140838,-0.3383032174399716,0.7212633250129525,0.9937198181169649,-0.591800076748272,0.10568109397795517,-0.14558721130503863,0.008131578151230404,53000,118.12,0
-0.3356073681186462,-2.152365822854285,2.0086936402898203,-0.3578047901165117,0.10781472625287399,0.3446744203613738,0.5057169815642586,-0.06759774765030195,0.4047600971729573,-0.058406392761551684,118929,82.45,0
-0.25870590168573016,-0.7706792596721668,-0.3819367150838177,-1.625692606512803,-1.5714372137740087,0.5747593155406493,-0.24289602826657458,-0.6481467148564317,1.4909097638719988,0.34179979976361696,159894,100.36,0
0.7865167513318304,1.8478097114496044,0.5776756288669925,-0.46940273163385776,0.5471149352947167,0.3218142134675939,0.9304456324204095,-0.4075139037393977,0.93416828085735,0.3789733001889072,74666,1.49,0
0.07203357323257792,-0.08110715654936117,-1.2251842573311502,0.7957162253858544,-0.11024578697649515,0.3294242223746807,1.042944922262596,0.8923309089036059,-0.2542245727674272,0.3672752994984995,149058,29.41,0
-0.816793179270256,-0.5344706217126008,-1.1917224430867204,-1.9046487855039445,1.429628693983234,-0.2304373527647899,0.1336591268009524,0.5903745245578612,0.2219620379814174,-0.16566061843762808,56366,51.17,0
0.17050818601964934,-0.25319054539440544,0.3035542361904297,1.2771633373547857,-0.10752288086961366,0.2476108541480902,0.4207223756129236,0.09503572663339595,1.0826244194567818,-0.4278704188379273,127057,35.49,0
1.79756116664464,-0.8502073751390576,0.1583035370905262,2.4834239000812164,1.6979508797892537,-1.5822157635258771,-0.957661114027176,-0.8638049500185812,0.9209254794481379,1.0508039117638954,169702,15.03,0
-0.6492629196101362,0.9040649493002597,0.4601670206954785,0.25271762117785185,-0.2130964948740818,-1.4582640382249243,0.6824084615381641,0.8101745149746348,1.1065365127561422,-1.3853194411097904,12668,30.79,0
-1.5628843453398495,-0.840485162328919,-0.5142658312632256,1.0360452513145988,0.058113174133872056,1.7299590353229013,0.28505081980757097,0.22286672362886126,-0.2954018880725184,-0.1378833694171319,73014,26.57,0
1.2092645684253776,1.1468517551500457,1.0277297751471077,0.7593317312674405,-0.810883719117161,-1.2787207156216913,0.2558130767641639,-0.30059131396685684,-0.6715241851950495,-0.9498686020848188,120227,51.22,0
1.8220552213428425,-0.26231452558099516,1.192672233415663,0.2893606246160652,-0.9166178157831285,0.16298747554679444,-0.4215534637480234,0.2559872790051715,0.11051111777073161,-0.5480217989781682,131726,5.36,0
-0.3285252231228939,-0.5947273437739967,0.31459500203114427,1.6054100429863098,-0.30506405795494373,-0.25136046221523034,-0.8490459226554354,-0.6939453002836168,0.7718402442922802,-0.9389868447082806,18571,88.67,0
-0.6699950968782225,-0.16981703609507345,-1.568116139134555,0.06865454446230801,0.6172873224960682,0.6780888742909135,0.3716384894869195,1.420596274722949,0.9413892528547549,0.16712717173577163,108742,17.61,0
-0.050474072781421825,-0.5109126617666753,-0.5962587170247173,-0.0014046076823149307,-0.20251712890189022,-0.27236634322642334,0.23774390697748374,-1.0179454338200378,-0.16456038598815462,-2.035856174391278,129330,32.43,0
-0.08158776968512098,2.5207086921579696,0.6047499039397994,-0.28693843520353846,0.5137934123852327,0.3470818234980053,-0.6223387938333408,-0.4936801189936769,1.3680443838418432,-1.4805564277819594,11014,34.75,0
0.14862709530283086,1.393519509610061,1.19085104425809,0.36094871434867937,0.5340489395039607,-1.8150348911862193,-1.0882069165528085,-0.9430326551397364,-0.36686445101509413,-1.427767294515647,8079,78.29,0
1.0448728124544275,1.0549560947192937,-0.02317344423611007,-0.5287580985160019,0.5479110814957855,-0.7133711171400773,-1.1812704556719156,0.35852837570957735,0.6573621328036797,1.091287046262346,94773,57.57,0
1.4295319745684398,-3.0017278418893385,-1.2460946698818056,-0.8735809803291802,0.2242314410317344,-0.3738098621259841,1.0205516690741,-0.28043342898083934,-2.3238395267844325,-0.15652009905067307,2850,37.28,0
0.1770493475099125,-0.9747824088486532,1.8249849162168217,-0.7569258503964148,0.5188492762631571,-0.3980454360083922,-0.885945387440795,-1.4844169826529419,-0.016754400699734377,-0.549939534302848,141709,31.47,0
0.25649197844354,0.9359426413015662,-0.5170751865893547,1.0517220901954962,1.5234538572959289,1.3950185396383763,-0.4132854559386964,-1.2568301265239807,-0.5872686246144548,-1.5508926054018186,88091,135.1,0
1.3363794578768242,0.6622133819063865,-1.8404116965211967,-0.46185138093371175,-0.9197624301552701,0.08329207800806461,1.465697056450095,0.6394638685059264,1.6990449866852613,1.9855012128508673,110086,63.0,0
-2.128169541985812,-0.20523217193736742,-0.6410953827408479,0.8088849760375675,0.8282193996856262,0.2421300287003375,0.7204297346973361,-1.224353217238137,0.3044224652514507,0.3740341817194857,70857,150.85,0
0.10016963799347375,0.11138506133107968,-0.1275084590481573,0.5213510495946143,-0.4062341248929654,0.903400949726854,-0.6365768664402761,-0.07026370694419048,1.6133811048096596,0.6628683596688338,166667,117.82,0
-1.1958396455890397,1.0261896681068639,-0.1967679888175363,-0.4650200911709756,0.8183257150890185,-0.9091757978652422,0.9204974767744583,1.9118340405085088,-1.8167945662650447,0.11474098946722232,37039,97.88,0
1.6274013394646858,0.3367071917563058,1.7596491716141998,-0.07814500181077243,-1.0285651484486498,-0.6244672943396101,-1.019373959230437,0.6586442157705474,-0.36422720244345586,-2.1618753549541836,84049,149.25,0
-0.0397062823469779,-0.4700087190153476,-0.01074457040869473,-2.1971386312358456,0.46282604614592426,-0.013127264244281612,1.3044653810596527,0.46437484716863936,0.15620569456403222,-2.012920118513247,31576,90.72,0
0.8863939595679524,-0.5216203373581595,-0.07222162234724244,-0.26845136422912164,0.9589132924551746,2.2119092501962143,0.6290667951915221,-1.2494245841112377,-1.131611521325499,-1.3625431390884803,59027,103.46,0
0.13102711619341956,0.6265763897910038,0.36404108111320266,-0.4681531726468855,0.6107947758868288,-0.8143560243549126,-0.16162328869313858,-0.7953226974445985,0.5275494007167024,0.12038748679173089,154122,63.35,0
0.035576476984624864,-1.0027785562791145,-1.036240972583125,0.4906595954139914,0.988075214519394,2.265953046114074,-1.3488933237786027,-2.3633141511128586,1.7188647674063096,-0.011282485280819612,165277,119.72,0
1.0337861679388998,0.21943995861993149,0.5744869391451162,0.22805149702524258,-0.24699874054221607,1.6244555223125838,-0.9625095074058163,1.4476610966426298,1.3810507744921308,-2.434177690360207,119381,102.06,0
-0.8529378177922723,-1.3684914335223863,-0.22549868444183307,0.3262908245538229,-0.20956836307333654,-1.3094223213243914,1.5843402143895016,-0.5770462583888749,-1.6736619461364801,0.8196940864269009,99079,133.56,0
-1.0251791944441757,-0.4154926642391958,-0.3015216008772933,-0.034605999530600194,1.4013590766363295,-0.9719378301428497,-0.68214809527234,0.6071456327936519,-1.1760064750858763,-0.10514635566192569,6515,12.8,0
-1.342175166370907,-0.8994402395690875,1.3973280624694941,1.903460299821145,0.9737854874376467,0.9070786225461024,-0.2369058367646544,0.07675998023628072,0.4273746482243863,0.8252108039220228,114301,129.58,0
1.0526444176155614,1.0315237749937014,0.017878432508401983,1.5936823294741405,2.3390529955826267,1.8403719244278647,-0.07583501668383029,-1.0509090563574768,-0.25745334122329727,-0.1991398960657245,165525,90.97,0
-1.856311567114457,-0.13891181270510022,0.5277479919994043,0.822975226344549,0.5008192220989165,-0.006493288169000422,-1.195643086701135,0.2405596039990614,-1.620867548287736,1.3471999942931958,4537,81.22,0
-0.25197737820688537,-0.4418557822928694,-0.19196574246248815,-0.6560491904004003,-0.37391493285421107,0.1803816199704611,1.1689342689947424,-1.6056528416231894,-0.6097313263301747,0.5092939120448577,2434,7.97,0
-0.3071270730857854,0.39798455756288165,0.8163759419506144,-0.4424705302000037,0.14947993047033897,-2.7968301573124212,-1.0931306445721,-0.9096279940407984,0.02443805117165586,-0.22124227795074375,34711,38.08,0
-1.6081858112115415,-0.61060739629963,-0.6760528028042351,0.22000830573008343,1.3872862671468236,-0.30997027179222764,-0.6765570691592956,1.1406818313032916,0.04158829574698715,0.5939134966400113,151811,33.48,0
-0.0613243458288473,0.010246684016898003,-1.3969801157751758,0.13350322220673247,-1.9390221108450003,-0.7639359827068721,-0.8509804020326048,-0.6302553686284555,1.2826279947493293,-0.45223666929114203,45292,30.0,0
0.3520029539376315,-0.3958683945827724,1.0094850534809183,-1.7549004915056021,1.2006174663098916,-0.48641466928188215,0.29977095659229863,1.481441923890553,0.42647225256619287,0.4253290449996296,134906,65.97,0
2.6264849090369,0.25654822185416504,1.8798500249452958,-2.1667350431236163,-0.1778765946763719,0.5617743804950526,-0.8649739518651002,-0.6487457133924884,0.6669728023030699,-0.5568542737599216,37226,216.75,0
-0.6366152831022357,-0.11567284247945017,1.1619065630465863,-0.33789708670458973,-0.7018198332088703,-0.6108570293920376,0.4669396940780137,-0.6930760474476451,1.1719840898608513,0.18197091342833357,38946,64.23,0
0.11387519414201226,0.5998267754606512,-1.2488213317860835,-0.5164964179088289,-1.4454383189305522,0.960160108924635,-1.4790698179464894,1.9006180029688753,0.799926353940702,-1.312275742303881,5644,31.87,0
1.436301756563291,-1.7290711467422513,0.5701725041085097,-0.38556720197524963,-1.5314842965779947,-0.6032381417632023,-2.18198368634686,1.504335369490408,1.521634796836283,-0.7058755405108723,129699,38.44,0
-1.0775832476037126,-1.8470895859203031,-0.05962763239041407,0.472040083088418,-0.3207527559739828,-0.5707335048847231,-3.0108744022552627,-0.7179858498296258,-0.7486513398801341,0.5810881397690314,25368,139.87,0
0.47125045784589364,0.42141090704854006,-0.8922229553220049,-0.23449774371220775,1.310177597426757,-0.624793083848648,-0.33120575633522825,0.02865093375864512,1.1134126961357311,0.1210030884590021,150615,80.1,0
1.241959996813811,-1.0220872459766968,-0.04751697219969663,-0.04007387454711766,1.0881062927508316,-1.5905752245984077,0.0845008778751851,1.1857919520087632,-0.5828278071297605,1.2922507162902683,130562,53.61,0
0.653244883281227,-1.436239418312854,-1.7043705377326224,-1.6098511833319389,-0.6790924284911947,-1.8736527813752126,0.7636446579327141,-0.03745027058518372,-0.8913597136895522,-0.514775909869017,71941,111.33,0
0.01753690167305848,1.0626473640318037,0.46175780492321156,0.12037584716904297,-0.5679684573180702,0.2403946495362396,-0.3839462558267528,0.09624165936657454,3.3080593251881165,0.13613025098721426,111748,93.47,0
2.14344682477698,2.122197504272245,-2.1966355504990354,0.21737632393891565,-0.246079735826514,0.03708331937819439,-0.06735441903682685,0.33003993444133517,-1.1409809425323216,-0.33356788974911467,101132,74.68,0
0.19242111776818133,-0.484899992778835,-0.09733070953851063,0.8502150521164803,0.4098714892592342,1.3470683889420039,-0.14950017533501367,0.859645814648972,-1.2360294195615307,-0.010541350117269666,149105,121.6,0
-2.739533122289479,-0.43779549837186593,-1.7472173373247617,-0.19512844410616964,0.3216018068163673,0.5051894729183323,1.9150386855327848,-1.0656082226952288,-1.6884847801342355,-0.88827479393913,52592,49.83,0
1.4377769399164624,-0.6723158663204145,0.4199967500699922,-0.11474874169022896,-0.2141110223772452,0.26909655774723035,0.5907998224836434,-1.4029259345055816,-1.4254287121724436,0.0774496503875742,154271,129.39,0
1.291686465658673,0.9938846034779243,-0.1663862645961283,-1.3539942359944126,-0.8858198476195941,-1.811683534504736,0.6854461615682045,-0.20966697129479356,-1.1685424496918684,0.9603873461116794,29934,32.78,0
-0.37141773608206863,0.3760953675539912,-1.442092997309875,0.4544586229434542,-1.0124999205494856,0.6344248316912947,1.546553931224362,-1.217009205285858,-1.8332925505401105,-1.7605675929986966,15221,41.9,0
0.8663662349850397,-1.4973467487202679,0.27175385153313936,0.9183621370297562,-0.009142765073484103,-0.07704166322141158,0.5260805979959042,0.8143209444252649,0.04274085315753516,0.6710163338780758,98518,1.58,0
1.0732578317891572,1.539851486530245,0.5436873910330179,-1.214428778915135,0.6492391555704942,0.702438874516117,0.9214711749475304,1.7970970775225346,0.2119609980384805,0.5729409758395729,139999,99.08,0
-1.6280422139512112,-1.0329792256985308,0.27839846587282113,-1.0851251447911667,0.5818148188788365,-0.7840392697119178,-2.078843098616905,-0.4580119568671684,-0.030972752445210135,-0.9019931468054806,107316,77.12,0
0.614270438357064,0.9882844031026585,0.38530767071291894,2.1052750968606646,-0.19786370373966655,-2.4991158395501887,0.7591190613482472,0.766957568714776,0.8313729314729292,1.4566097430103098,132035,119.72,0
-0.059282646025932216,-0.25795209324106383,0.10327436220914413,0.7924128222118642,0.47037171432699054,-0.19663827755196503,0.07783077516025289,-1.0501052717712211,0.4533010330879061,0.07470262122404354,167772,59.81,0
-0.805718166612792,0.057127613453560856,1.0804184680889826,-0.5535999832493642,0.8729120942991958,2.2130341632969217,0.8796815729989864,0.25183831515693467,0.6580580807567452,0.06910044376452161,87109,109.01,0
0.9829162064617618,-1.3641538587636903,0.24818659447669594,-1.02928891630038,0.6773250139217691,0.5446610652334899,0.3138896402015002,0.62814231103336,0.6667307879073114,0.5923637837943824,72801,14.29,0
0.4987194410697233,-0.9453826793598152,0.9334188041831667,1.6835557122397977,0.031057490362961775,0.9028484364194213,-1.1100612621525996,-2.125736051521204,1.4735914934830547,-0.18467347935022801,140297,6.54,0
-1.4571379129195563,0.6354093010182902,-0.3883571089511976,-0.7650826963598107,1.6475192204974811,0.05574101275759173,-1.291535940980027,-0.919310087999963,-1.2621749615700713,1.4805341033529265,60246,76.88,0
0.8784503013072725,-0.3209798403837223,1.5597271325012902,-0.05360170786046118,-0.47976687969372556,0.7958220370380511,-1.4797358465454047,0.5851161764154439,-0.32522191557941255,0.6933198202659886,126196,53.91,0
0.9738190717173091,1.1508397491520586,-0.5152402441318994,1.0484565555644039,0.5192038674849416,-0.024791877068242422,0.8903949297504297,-0.10287939069006907,0.6948219697199349,0.9185332376937051,95487,54.57,0
0.001999356415087233,-0.18617106266411843,0.9532048834912875,-1.9247763539308946,1.3990273218566187,0.2818638384599395,1.0069564813565097,-0.41452723892661014,-0.10343277594819718,-1.6351332892186174,118811,52.15,0
0.4539655793086961,-0.9698180632618253,0.6867473541616795,0.2601354076013511,-1.617693484988327,-2.4119078277253156,0.24327370568069057,-0.6782481848419268,0.15840087475674372,-0.9908724872828961,145698,79.62,0
-0.2701551293370962,1.4817355945421273,0.409256748612862,0.1479759912241222,2.353788076462313,-0.24969182572347334,-0.48238973461665285,-0.13155940201285796,1.1109854320988037,-0.878999742382847,82099,143.62,0
-0.5806514027455847,0.23627077058901358,-1.3291891318000693,-0.2584004554681235,0.20673559161173594,-0.6245005244091758,-0.6237388964770473,0.8690129272813477,1.8184534035563233,-0.3082569454182164,8462,91.5,0
2.671763379756685,0.2119825497716119,-1.2031603058607487,0.25536611768055933,-0.11576618737057508,-0.5637022175942242,-1.0708599258190108,-0.8036362590384347,0.1874689672050717,0.5260615877848472,72829,51.58,0
0.3914960373481072,0.6960047866482002,-0.33790784808824337,0.20807547647429409,-0.5593909255054242,1.395154931756322,0.026392224050975625,-0.7317592213050164,1.8775228918698121,-1.6650013386035845,105036,65.82,0
1.0562547442082908,3.5170012893900977,1.1473765681685706,2.852362158244606,1.1215009471654422,1.8992208240984993,2.6336175153371215,4.3916345202816,-0.5983349321568898,1.454322744517304,28855,421.65,1
-0.12208388797139179,-0.04074635781719302,-0.32484319537186124,-0.428211683413038,-0.6209316181533127,1.2589056893158195,-1.5609949889336996,0.7145711327549591,1.0581587013248606,-1.6580237786897318,127920,24.01,0
-2.516095195772766,0.7063801464245854,1.1328951718913625,-0.5450226799167689,-1.562730007139199,1.1606573279112682,0.7979786188805502,1.022413139919591,-2.22695373915663,-0.15280063855038448,68177,7.79,0
-0.2882854581273188,-0.06196721303448301,1.252252447465621,-0.12634560286456042,-0.9706803403518324,-0.10171987710496015,-0.14050918746230084,-1.447604725280935,-0.13661460817754423,-0.4150120738238651,12930,110.47,0
-1.333474318734201,-1.3364100878519811,1.2485657807574058,0.9968170200232238,-2.876240404156761,0.6870508304322401,-0.7363237413779529,-0.3217312288559426,-0.9779943323043194,1.9922421345402366,76829,77.04,0
0.7143964826306588,-0.2952167071206611,-0.11346995439007401,0.45843216898553185,-0.6863973574973848,-0.13874734750172824,-1.2427332762339351,-1.1254756057844835,-0.7261488959021734,1.669471795628966,165629,56.88,0
-0.2737039958177683,-0.39036432459966475,-1.5670564496823811,-0.2060119453768321,-0.2343554882632483,0.2438124990666245,1.1540467091711875,-0.49051295675173257,-1.1729375879144057,-1.2969245140865595,56534,45.07,0
1.498374440296732,-1.5004204022205085,-0.5620718751101198,-0.19889892974259724,2.089051583278826,1.309506304332777,-1.0745909140082592,0.7658651264971831,0.7361111784853063,0.20714196944506144,438,58.3,0
-0.548072933244823,0.45122938552183306,2.1115293313101033,-1.5690667438383852,0.17153279190984858,1.5125472265669353,-1.7490442929426302,0.6755147446347478,-0.18139940381272954,1.1678532922640452,20827,60.25,0
0.04620327581495357,-1.306662565456252,-1.2115038911078932,0.459773800444522,1.274992477169323,0.39221601693713115,1.3209002066417865,-0.009809091653638871,-1.297668284136256,-0.38382958210534296,67784,16.83,0
2.7996972218373095,-2.468530124571636,-1.8214169633678243,1.546737407280784,-0.5034584190775057,-0.9248544389096204,-0.11710115211197082,0.48850556805326384,0.48383648805288965,0.46334516462645114,88125,32.63,0
-0.21768469343465674,0.2294564744446623,1.5699781961072512,1.5657205638618863,0.6573648262086339,0.6128608557410278,0.603410135965475,-0.0885912930181997,-0.011067133201980106,1.6137935731152362,14487,88.38,0
-0.904807503214422,1.1101541158826773,0.18946390813652483,0.4209420239051994,-0.7735783670886788,0.3842962366132518,-1.00178326919902,0.02455762854340868,0.091215164188586,-1.1102141307244222,171459,83.97,0
0.7190930460883368,-0.06589803780888462,-0.6271178843317118,-0.3849151872458864,-1.856267498765311,0.3435851538047734,0.6549247874201497,0.20565389931804964,-0.06427831707046908,0.5832278482008542,36141,0.34,0
0.37884260345839443,0.302041155100324,-1.6844641145423411,-0.8940044652384896,0.36955625000033226,-0.9440152089091198,1.196930889546251,-0.7070870913780989,0.048058806946454445,-0.24868847581316716,114920,21.82,0
1.6119104774674902,-0.4202578977002351,1.1576751602807274,0.024222455852962142,-0.9500508260423803,-1.3991855816560208,-1.023524299325639,0.47048945213323984,-1.0916645193750876,-0.019127110309965667,128547,180.36,0
-1.1851845805323176,1.5560163269499772,-0.6336879841386601,-1.0689211869092923,-0.12616404804901657,0.0836446022226273,-0.8864073450402452,-0.9638242931224077,-0.7429681982348856,1.3045733583354522,116554,7.37,0
-0.1525225324523588,0.3524624971887139,-0.8238287659065117,0.1839692666338304,-0.05367810523701921,0.31700876164470465,0.17592967858031358,-1.2032700339818299,1.147920427866478,0.8794636484206944,64305,13.52,0
1.3624582440002129,-0.40023280990585663,-1.2394845881030299,-0.6794724286140688,0.7869261855643823,1.6815602208407232,-0.3963211199068042,-0.505123658396434,0.02400677739878915,1.265868548057874,54154,50.7,0
0.7691475019668077,1.3062853865193034,-0.6526273270678512,0.817427827235667,-0.9037341515155196,-2.177697562880629,-0.37281811864700987,0.8421939971568744,-0.9850782835302282,-0.5895695916576945,47538,52.96,0
-0.08783567860369966,0.6417106490138536,0.221618947849312,1.0219686887820973,0.013049257333420017,-0.13921521348813812,0.5102585746963781,0.5262274065669381,-0.46795293459442144,-0.17435472121071444,25233,118.24,0
0.3645250379928023,0.38289509516169207,0.7275869074436836,-0.7119807581846821,-0.04434161853329213,1.4615103173579602,-1.313190984525511,-0.6930202827230592,-0.7555640600102442,-0.6669459447102402,168093,39.51,0
-1.180000778467259,-0.9824552586675914,0.07476541589487229,0.5963385005941313,0.7263628509535036,-0.11669005993665713,-0.9645893739445153,0.19379902849177966,0.4615874653465612,-1.1513124273232533,57855,52.94,0
-1.1492039971882941,0.7263965131989585,-1.0580404013792908,1.0099555568163612,-0.9126061921077914,0.5274546404624888,-0.04798755305599204,0.14567619317600256,0.4244545644221665,0.23476103930614245,88215,48.69,0
-0.4780830577538245,-2.202256768978556,0.51607607633905,0.18522933093641553,-0.3748055453225921,0.11224096427254499,-0.18697818066890465,-0.3402704314091949,0.32844424052182875,1.6200122179766376,148875,13.84,0
-0.8450453279691511,0.025262831098390486,0.7671248320175574,1.47817344442331,0.887126405475567,-0.8481837840342408,-0.6426864243324357,-0.289609378392128,-0.43132653339656546,-0.07342444075421387,127607,36.54,0
-0.9152257211533239,-0.23660552444832925,-0.4779677205360946,1.0843599563269513,-0.213093385083063,-0.364467220113099,0.4038409447856066,-0.63200787293126,0.5964412955098586,-0.17509285944494063,110970,56.21,0
1.6162096816512073,-0.5603272328297677,-1.8211455848875098,-1.9279430779585636,-0.7168211756539609,-1.9875606327876807,-0.46666856955709607,-1.0000590596448673,-0.7024287686632099,0.13541022475122927,126334,17.52,0
0.7497655536581233,-0.36921329146881043,0.6492478011282274,-1.8027124170328268,-1.220954278259769,0.01676543029606905,-1.1563438969091695,0.7235410204822901,0.033461380341051686,-0.213029265641617,138711,36.5,0
-1.404269098090749,0.3899599441977477,-0.6552311189383428,-0.36069922517713965,-1.276471051569654,0.19911850016603302,-0.0191418784480852,0.062151091768366494,1.6988492331188558,0.5054135116099668,135160,136.13,0
-0.07321832398382148,-0.45827766831728356,-1.4814849671925294,1.0544358076053275,-1.1769201120480355,-2.4781378957115345,0.6026629045979297,1.3117383297986192,-0.9075199115558696,0.1602274479431018,135627,30.41,0
0.6191050184648526,1.7180999962398222,-0.09701565754724577,-1.3359523008771192,0.06462791956925525,0.45343362333953136,0.3983468753297458,-0.5747009551584255,-2.3729677882573736,-0.05174051848082951,55502,18.04,0
-1.8598354065456286,-0.07837302812576266,-1.3015973511105925,-0.9060510002670108,-0.04086813929777262,-0.13323016480975813,0.38262766426124417,-1.3245257016421466,0.030952806781242907,-1.8160137756217858,165723,53.81,0
1.0585528161418154,1.2554077104866421,-0.5607161152672309,0.0166811788807713,-0.3970110122958146,0.43490552958201956,0.3329143897965165,1.2841314713453162,0.6282704364686399,-0.10747472745646101,121350,164.15,0
-1.5980523752767137,0.38614690099219057,-1.6994765467864439,0.536807629262251,1.8470602330076118,0.44203693836823876,-0.8141991072513939,-2.480212646832914,-0.9833573722607913,-1.9271642193771104,171559,110.45,0
2.2106408773932396,-1.9727042241938353,-0.4990292550108579,0.9722125042199887,0.22709049337885945,-0.7669697193401658,1.2350229606028202,-0.5194382246516097,0.04625184075919106,-1.2955807758106592,89068,69.02,0
1.0656851747200478,-0.5579720085461926,-0.2826048514777008,-0.15781481971769576,1.4942942105249304,-0.18198231413405871,0.05413274921397746,0.3491836017765819,-0.9761436400172981,0.5030941037981564,146482,55.37,0
-1.4460578543884546,0.5471223054393403,-0.8321419019739364,-0.4831465749611137,0.7627320731828406,-1.1279706645626761,1.96196064294803,-0.1142023651018572,-0.6130884644868523,0.5951567206298836,157929,105.03,0
-2.95561882434507,-0.07619893871980389,-0.3929688641172687,0.21062772725160755,-0.4507933143865267,0.5344396526836521,0.8624359829483585,0.36068347274161716,-0.44941960556272476,-0.6383365612172829,10657,83.14,0
-0.762195931037249,0.7673386977205734,1.9252130777592544,-0.21596110153435863,0.8000506705236631,-2.047103766548211,-2.005271121668449,1.3454474726538217,0.6476647741314893,-0.01499603099065385,145697,81.43,0
-1.001291432756544,-0.6987634188148159,0.6136799793544542,-1.3188742390267836,-0.22917831139566916,0.5442582325965617,0.04385603630094532,0.3165672027766134,-1.549238739344786,-0.3684268594705336,137843,37.36,0
-2.001545744438679,-0.4847020319515423,-1.7921749574981565,0.7105024136636414,-1.324669739578269,-1.2000328302261225,-0.05990616210007344,0.8713311840109494,0.3707043019693714,1.0984947829776752,23575,15.92,0
-1.842384462030672,-0.375395066920231,1.0357008818896303,-1.3663720479849741,1.0160595313515508,-1.3115578611847116,-0.5263664510704211,0.3628154653732807,0.7113384558342863,-0.3705967973500259,2212,7.1,0
-1.8106186799803947,-0.7827339115972951,-1.4232588243535156,1.0610166265589815,-0.7768521091003517,1.426466662123303,1.203944919729829,-0.11551838054098588,-0.373991671692944,-2.131291678632996,170389,34.26,0
0.6737943936677578,0.5076617688887175,3.064728037894776,1.076112266718025,1.5167467666559509,0.16475210390471504,0.5692781355928354,-0.4575869162633108,-0.19835921067804438,0.39732428373046036,117626,32.09,0
1.484918786733851,-0.6000052747111194,2.1651425947656726,0.5876732206023524,-0.25197861888480677,0.6384656178570431,0.15555773076797524,-1.4897854233163332,0.6112781099097158,-1.9605342856222916,81290,11.71,0
0.4869724807855818,-0.01975785983585163,-0.06564654485957652,-0.23310832997841546,-0.4770688645739107,1.005951290574182,-1.0310741830379782,0.16277870235840294,0.9422305562460016,-0.2667734323895389,169868,38.87,0
-0.3151743898852239,0.8120962126845997,0.09992565660190209,0.8541377839773792,-0.2349234458819979,1.522896069369992,2.405191179927027,-0.3507128405172512,0.28779830310251087,2.1325449031656167,53035,84.28,0
-0.056441096887107134,-0.6459651318937749,1.8405159122425798,-0.7637211711923855,1.0081028602641444,1.244621006793318,2.466113812551176,0.6692888563993621,0.5582218984452374,-0.061033149082558656,76812,58.13,0
-2.8670549537827434,-0.6671505137683704,0.5398849872492323,-2.192769042508541,0.4346779780244294,-0.8371355925341191,-1.1742786643862584,-0.03253267875588392,2.188204837221725,-0.7612187184755966,146948,145.63,0
0.3645344890332625,0.8973614590200242,0.3972945655950222,-1.91655787870177,-1.8507409474407344,-0.4789178528321589,-0.6651528638060755,1.5677038118137505,0.8632940488115796,0.1616624026688203,141248,83.43,0
-0.5227186961696804,1.8528649749385728,-0.4104565910390145,-0.16636197485187557,-0.9869599061268101,-0.2004891670887745,0.5770219209361136,0.9561157105190544,0.17986862411700924,0.8358155446092013,65031,71.83,0
-0.9947731190286448,-0.18245590972786754,0.6497188314056536,-0.2578493020701671,0.3382447744369442,-0.2753053409111772,0.10849011109484802,-0.9515790549470062,-0.8017737307882665,1.336107375987632,89418,6.14,0
-1.0450437095863023,0.351570782962459,1.4822897993617925,-1.2488187256818153,0.7188075711629788,0.8852380170924199,0.38096185717883885,1.8889882136236167,0.051880729295031965,-0.5586953998452515,232,52.53,0
-0.6397515327497477,-0.2138556009939144,0.8600895142660753,0.04256349645391804,1.049751799276634,1.022062493065567,0.1608011458540994,-1.5037941718491359,-1.9793545544031983,1.7214588964326363,136786,97.08,0
-0.3796865251425611,0.29171100909410663,-2.0686769538858276,-1.0305574039231487,0.2872133311295464,2.0312817230435285,-0.43358499933927314,-2.727491521928071,-1.5623142122243816,0.4811544173978597,147063,42.41,0
1.020882821002474,-0.6933042272004243,0.7640476398247473,-1.3164768037618408,0.5957972033550994,1.3870903339569887,-2.0444515113960953,1.143758508569315,-0.5116352845437269,-0.6098676226744046,28830,102.69,0
0.15844805049973495,-1.1012568208112323,0.1314159981957143,0.9566473898452137,0.6135106935103816,1.226022178048868,-0.6507670379180182,0.1984330715341201,-0.42567575873250213,-0.6987274449738976,51549,68.96,0
-0.5577288874952148,-1.4672419934867666,0.7200474104973147,-0.2682185870427874,-0.5811735936743435,-0.25729522748926126,0.30910184347168634,0.38054477934070446,-0.5551246690952026,0.4046132212159071,92379,32.55,0
-1.8568104019401659,1.6837481226249844,0.5058970600029105,0.6015887598117357,0.7619641356837025,-0.14155753655994124,-0.15458405544052448,-2.7554069100770024,1.240186097694855,-1.9491979226587568,16792,14.8,0
1.5753766494355401,0.011424515361312802,0.6965781674763256,0.23125255510589088,-0.9413317556329183,0.46592648828314914,-0.0059695552544383025,0.4769897559945693,1.729893314412446,-2.0471451816752673,29108,19.73,0
-0.25396267804778105,-0.13382985775503398,-0.5056127026128259,-0.24644773991810232,-0.783297250514897,-0.34827052846331474,0.8662559964420152,1.106014529454586,0.038769376606717615,-0.6858448037188661,86588,90.08,0
1.3000445946989585,2.091669089395488,0.6280918281651601,0.18465220763086074,1.2812528334283821,-0.9593848415011973,0.11662846248958911,-0.23194433673663892,0.27416186775619583,0.055171288978492675,49841,27.17,0
-0.8409491386704581,-0.26228262101606054,1.4107034031886563,-0.39181538253334447,1.5880060292103488,0.12805871476436573,-0.11911241608643543,-1.7934639640876766,0.739961293767268,1.9274863488321399,112195,93.84,0
1.781226927581568,-0.3346528576816054,0.5149440970719076,-0.7906266500302912,-1.5061397682327318,2.0507846624915773,-0.33885764009882186,1.383517976572821,-0.5621171364407703,-2.213440494752092,152225,53.77,0
-1.2516472141061394,-0.6920149492322138,-0.785020405266872,-0.5278983273258481,0.3641308968735852,-0.29356151296573024,-1.0274246748676983,1.0539290200227642,-0.623299272857027,1.226343884115748,135950,69.2,0
-0.1586348370386883,-0.39591796441059773,0.3922570770711484,-0.5568492918231364,-1.0546109511637682,-0.5005629432242592,-0.8055540385185906,0.10092419105538775,0.5656390558099446,-0.2938004221206848,50584,28.36,0
-1.073615729137567,-0.2011361778416194,-0.21561149494939602,-1.456582115007185,-0.3411254938103623,-1.2226112792475317,1.9591671616419648,1.036277317036397,0.028561512887523857,0.9406029339138456,89498,136.53,0
0.37604436962261134,1.3298732484184317,-0.5713460578678574,-0.09680126481014333,-0.7298675829292409,-1.1211597103339774,0.5558642090990629,-0.4159622212982152,0.5528101988448634,1.3070910111621783,148156,103.61,0
0.5098982484765356,-0.8703470176574332,-0.2875362207843132,-0.7490533743164325,-0.502441701957883,-0.42685000647234383,1.6762745028910715,-1.207751559630002,-0.6268901782599082,-0.3980251314085395,63749,64.5,0
1.3837203611929991,-1.2130338058486476,-0.9808580570370188,-0.11374323710781528,-0.09717893606704177,0.5356991493023663,2.2025854140049628,0.8914850545821161,0.3248761209698765,0.6018038882736526,167211,80.53,0
-1.0573867446632792,0.819406120864795,-2.3209687332702673,0.5132414912681309,-0.14106752679785203,0.603938430680615,-1.3690011617125186,-0.580012418041423,-1.293227410552346,-0.8273068663046149,147530,5.17,0
0.8035850193786016,0.1706519417500514,0.046360076249706055,-1.0594879283579355,0.10496304895186157,-0.9228974163537158,-0.8090247815630525,-0.30834174443895124,-1.1010494983076349,-0.3616147103562734,148514,59.21,0
-0.3086730555464126,0.3234650509506103,-0.41303132501445505,-0.5895199002655438,-0.620057390120057,0.2804319015758431,2.012312949673439,-0.28684724474036566,1.043751930008915,-0.6552901381615949,73992,26.05,0
-0.8795096286589426,-1.0005256841573922,1.1461893776648633,2.005462505389322,-0.3224200582703233,-1.7123927598904787,0.36158244037961457,-3.1107894164246903,-1.9244783029318628,0.7565953974048656,161599,24.21,0
-1.2729524287397325,-0.20021280962249907,-0.3287026251359748,0.3561044924308068,0.509296802223084,-0.45374208227580487,-1.151697863418251,0.7221372659725718,-1.4010865789974365,0.12787207151545724,50729,121.32,0
2.845294394907639,-0.9525115680935066,-0.5922191639147026,-0.2569111775305763,0.712684247490375,0.36995926665553713,1.1180233185315536,0.096951246178967,0.778676155815426,0.002519950582903893,52289,62.12,0
2.2816328772760617,-0.3939018728443025,-3.2632667025240267,-1.6249073166985684,1.0140288476007093,-0.18353152068455755,-0.09222655400513156,-0.9634106410442388,-0.06809271589879815,1.2421219219641804,164753,49.86,0
-2.107689387614403,-0.3826602608642019,-0.4400796717504989,1.3435954013274256,-0.43846696168798505,0.875284464669774,-2.254209212711689,-1.335148828920547,-0.05181008048743888,1.0582226891092907,147419,51.16,0
-1.1337710254197284,1.2397069070691236,0.23036801913972194,-0.5540675349285377,-0.10134272983504104,0.08246264746255208,1.3472446280811023,0.033656192070407306,-0.6754824647822377,-0.2978635466316518,78093,114.7,0
0.768603765496369,-0.44741914418967715,-0.3909415304822949,-0.5906623525239804,0.19850109982821082,-0.6801248620724167,0.5347974688457142,-0.908497429440095,0.8043442517467834,-0.7843423221790996,30579,58.35,0
-0.05330286899115438,1.4250793326254454,-2.3555953543860637,-1.6483326407033696,1.5348093245984886,1.275755411339087,1.8572849054384897,-1.7043874172568343,-0.7675433758778555,-0.5038985978496107,9640,94.99,0
0.9677253867794737,0.5181848827845018,0.6421282961845167,0.0061693653342358,0.5143400502063492,-0.012216878977847257,0.7661445949242426,1.2497061661900428,-0.4848575679675206,-1.0944860369340927,120184,31.78,0
-0.4294726458945011,-0.6213967717240335,-0.3946749051389369,0.6161077734970362,-1.1109706315521002,-0.5033769191996772,0.516811334863636,-1.3799713232809765,-0.054455746202804946,0.12141569218930978,139464,94.73,0
1.5518801201224885,-0.1856109348070501,0.17265128485675557,-1.4025648238182238,1.0749611838919653,-0.23656199354819446,-0.6004567663178756,-0.2568064156075858,0.41390621142813316,-1.4026621297346962,145048,7.91,0
0.23443111648209775,0.8456753684533224,-0.10235973398975594,-1.0680964416584386,0.22734998005777673,-1.2197109779090505,-0.5169803111681415,-2.2329832775357636,-0.5904967981259379,-2.2726943109228057,58319,41.02,0
1.4269847672264693,0.6507394276572277,-0.32399103753117203,-1.6390668778955666,1.4056916228062777,0.27815914385551105,0.7558108608102533,2.158261217306239,-0.8720298290079795,0.39047641020918805,54864,24.89,0
0.3858465525565008,-0.38689655065125267,-0.30707205885250843,0.21153253941551978,-2.546532937328582,0.03271691129624232,1.364575655223326,-0.6540821432422896,2.036397377747404,0.5191225035881584,33972,26.84,0
0.6655852363134291,-0.3202407423014329,-1.8170870291201529,-0.06949695478649319,-0.9636170647510816,1.5225953858547296,-0.2291879111782746,-0.20651095157000204,-2.25433545021297,-0.5692102412204537,97483,133.78,0
1.2082628254805003,-0.3714261276946395,1.7687872586986573,-0.3737569538191105,-0.4026071427527276,1.0647591839740027,-1.3064929368985967,-1.7353451327693319,-1.7371956849932968,0.19373604672953854,10239,42.7,0
0.5661877585748329,-0.3117479089045521,-0.4201549127505187,-0.1957754656239834,1.00286528504553,0.21285101394739628,-0.5834476277528152,-1.6380503640255895,0.2359960938860893,0.39154559978802006,26317,74.67,0
0.3140772238697992,1.1071592854432952,-0.9472499002293007,0.024393069862838467,-1.4130064504087665,-0.8157724406166661,0.6061980999477652,-0.23121214409119942,0.0937265606540813,0.523516407838869,104642,25.29,0
-1.5362723140442447,0.6062302058843455,-0.9341568622419931,0.7480248076824996,-0.09561484916431168,1.086962703498417,-0.20507399183183073,-0.4239610422959826,-0.6474113748753153,1.000117197302251,92026,1.0,0
0.2108646020880872,-1.0165106219066937,1.129367623128353,-0.24631642730662087,0.5943021814737639,0.3019712252759173,0.5198316428236619,-1.3369452755522226,-1.3220202349783141,0.02692832426681006,4681,113.5,0
-0.32626200502304,-2.014714480933415,0.13335214159631562,-0.5375427685629494,1.4325369463707245,-0.47636575650187174,1.0626633102941556,0.46097797628754855,-1.574473417171211,-1.3302664569737388,65223,143.23,0
0.06767125806270954,-0.2643656935134005,0.8000686529467138,-0.20330852850732195,0.5535971465793009,-0.012282303305984794,-0.8523724380144719,1.4358497175966412,1.273522794304843,0.6950165379300794,143163,57.06,0
0.8091947318531727,-0.278317559711661,-0.12192831666699186,0.2528060652952868,-0.8085415219386677,-0.5528781038116881,-1.031140879910333,-1.3312165476206856,-0.19143661256009895,-1.4689018889773324,16689,64.01,0
2.2996640696148387,-1.5829554197222364,0.027881041500013633,-1.521126279385031,0.14930201665135504,0.28587668517817105,1.2095680676912657,-0.5671973260030546,1.1424073125786114,-0.2176183151905612,82182,56.91,0
1.5098706831203152,1.062533516309917,0.10515788452260533,-0.8467962618468898,1.109187575735034,0.3141685133284979,-2.9595967582619833,0.05308102561752765,2.1327516737915433,-1.0105655097591568,5318,98.77,0
0.11834791338820451,0.07286823782849074,-0.11943106789817422,-0.21982058923398506,-0.789831331931656,0.40517936604288673,-0.8004892588573568,0.579265720083831,0.7356804037079155,-0.5465928659843894,73962,38.58,0
1.6017788913209154,-0.7063755021157926,-1.3523330192363985,0.7226026966100152,-0.19543728004423777,-1.4614256346847099,-0.13567903406628096,0.4447253480422559,-0.7031716935338241,-0.9624115536198082,61134,127.21,0
-2.107953341777443,-0.4263015880138014,1.151145548093828,-0.10947882333060471,-0.8867256328326435,-0.01738638630670881,-0.785193416256105,0.25810884004994933,-0.252165307030951,-0.5135592130460486,96569,40.51,0
-1.7253542620077036,-0.3338848259935533,0.18306235697228504,1.5261208087746898,0.4605510946343112,0.11776540704013855,-0.49317960205361616,-0.08974268279240716,0.7949232092074997,-2.071337312177897,97355,70.54,0
-1.7445859869741926,-2.5392079174956637,-0.21434438679712778,0.3354747021942949,-0.024090252197638936,-0.2700928477579016,-0.8172275256330216,-0.014509918388057284,-0.40924814789921293,-1.9405799778619113,60834,99.47,0
-1.9608455984695325,-0.07028192201435018,0.910707513325164,-0.3383414900513758,0.35288992103335304,0.45471362746317107,0.622453613832846,0.8893928645978898,-0.6233250979726,-0.7685529400049983,74433,129.16,0
-0.20294194367537022,0.7590371449850357,-0.531142208357589,0.16923531599134378,0.026560685981022587,0.2028456983794867,-1.4044426428406136,-1.3674935288779129,0.25173438862110004,-0.6469527606594335,61127,33.73,0
-0.6082397293372869,1.8016426043465061,-1.604092001688563,-0.8384899561218573,-1.4387047974539917,0.5625504401416662,-2.152666518543783,-0.8397476019251039,0.37508593380991884,0.4189198108872129,154964,99.04,0
0.9243577571874341,-0.33256318147836006,0.35948739471317603,0.41454835697503,0.5514019908583155,-0.20067369012537317,0.21141234196322875,0.024941466846518455,-1.6890629672855502,-0.5404917236468846,17709,25.37,0
-0.6962120515798997,-0.09549807330964437,0.2711662968367763,0.3989626501066333,0.6474262779104684,-0.39686709472701687,1.5096211154228414,-0.41384891019572684,1.154576598907667,0.009509267848892453,44823,13.38,0
-0.82189177154304,-0.41958384265100146,-1.3002263451333593,-0.009810821805434359,-1.0723197145189576,0.2896653121143788,2.1198557279384262,-1.9001068220141835,0.9923844891427832,-0.21684038562236316,6980,192.15,0
-1.160911956386739,-0.23971377853080178,-1.4483933731348388,0.16616911975876847,0.4005438161569483,0.45787164743455405,1.5944865738108958,-0.11487723791158005,0.09397730642741754,-0.6760257472648636,165611,13.03,0
-0.6789793143519821,0.582746440658099,0.6789965257424327,-0.4391435945417976,1.2607172829791122,-0.28354238142281224,0.8315007190262329,-0.0029483226872044107,-0.7742189123808034,-1.3744476538740678,6554,92.22,0
0.39045493205388226,-0.2736150547046242,2.3040376838763534,1.464900369075235,1.6506266279033337,-0.5935112620702715,-0.5612908480327181,1.326155580504362,-0.6309687366465533,-0.4495216797833082,88814,21.09,0
0.15008113034502407,0.8070971156549623,-2.2721838004358514,0.3992964729355876,1.1016500671651597,-0.9524665646324091,-0.1407359030721974,0.38878423552536284,-0.27175466791801617,-1.8441349280815091,120271,14.13,0
1.4511788490210642,0.5908820734916369,0.017806621486644806,-0.3542954291040059,0.46210165751850674,-0.12594829322494772,0.29268213193451403,-0.46649948217885445,-0.9461098091515893,-0.06792712477807855,53243,5.44,0
-0.4225609827987464,-0.7189470318695635,-0.5862528572757782,1.938048097086492,0.07102069833642496,-0.3128754752418948,0.9939235745819641,-0.02803855979778052,1.193330921295176,-0.5699202685722423,108111,31.93,0
0.5065831541902538,0.5835250918333419,-1.2011801230265864,0.19002493268160509,0.6925198408593666,-1.3578348108056013,2.372418034079571,-1.2185715913640798,0.09356652659816053,-1.9464565936817615,89490,119.02,0
-1.0789571870486339,-0.48499807829086855,-0.2085989980333654,-2.4474838515210666,0.11758101095648853,0.1031545365578235,-1.5819364279319013,-0.9133017305829748,-0.9446221404569713,0.7444362820115282,35010,51.51,0
1.767929913579883,-0.5597002711498134,-1.0186138583994084,1.2720678866772048,-1.589011222209338,-0.44387454292512724,1.2611130023073303,-1.5886373525413418,0.0897450711494196,-0.2248673533542973,83457,66.38,0
-1.1183058172065439,1.4461041099431382,-0.18791502669300522,-0.30039943296111976,-0.17064697742041618,-0.09853161723445317,0.9307123465545034,-0.649697121352712,0.27828867384120826,-0.7366075397040562,55275,135.9,0
-0.2538375611255331,-0.6115958083791179,0.7537808187349968,0.8841465348154398,1.4332175871290809,1.1114202087153782,1.2088363683673755,-0.047558109910481226,-1.5180472998136585,0.3880846746494701,69699,109.26,0
-1.567177090585447,-0.17252198598398413,-2.3343956628937708,-0.022691529938730855,-0.45066344342335135,-0.4183066637026055,-0.8201760214123419,-0.9013495210163825,1.80644507709121,0.47475942619087874,94068,10.64,0
0.014680139889711287,-0.09583449964285712,-0.24423663170443868,0.36330887966865616,1.3284023290520521,1.7286917749097015,0.2650834506216692,0.8513300811089317,-1.7217989005736543,1.3585157080523904,156873,9.97,0
0.9080628435179854,-0.911686276328237,0.636400435427929,-0.24012525378149832,2.358131865333807,0.4804292700326692,0.3415717298501752,-1.080057241555741,-0.8313706178556588,-1.5512118172432197,55404,20.88,0
1.2329019341026966,-0.3111992442315934,-0.1536880685175025,-0.22525219251658304,0.45833463364081156,-0.22742865029729498,0.5478332446417096,2.391850416592858,-0.14474401030249254,-0.9980581390619242,141991,153.45,0
0.25185441529500513,0.6067331774117265,-0.2852981623875496,0.17965315170719248,-0.545453156528892,-0.594541357437788,-0.119658490011692,-0.715355921485603,-3.2367349954632108,0.13964884393034407,31978,67.18,0
-1.4548224852577891,0.3625929996965988,0.4190206038579806,0.409842978266268,0.7334677873513347,-0.0396552795316196,-1.6323242999465004,0.20259734575706534,2.1726223853954214,-0.17808798918860488,9051,57.61,0
-0.45343829836859284,1.0128137051953732,0.35595468025181004,-0.734255656776456,0.6672321411899407,-0.22165240556205526,0.2701169446716946,-0.17858251074282644,-0.438086974054609,-0.5768636494896542,135468,91.17,0
-1.1883888545982695,1.7907227386811706,-0.3076647991835818,1.9808864004219644,-2.7698836184845677,2.3710465285685087,0.8424692435217134,0.045667930631577265,-1.1394207491127075,1.383162374614606,137250,58.9,0
0.11866416972399602,-0.3932979470221456,-0.5774786862287933,-2.169047920412175,0.5405160350456568,-0.19753513915045626,0.5524507468840025,1.3217112210200765,-1.1155942295706953,0.4656187555057123,105128,89.33,0
-1.4422991355594112,0.5952860603380394,0.4610559781451398,-1.0521922013263472,1.3059540444042912,0.6095723948431382,-2.452637189265702,1.5682909973398018,-0.17649064676417128,0.6277560570553942,153870,6.78,0
0.4424546049697111,-1.3941158437534145,-1.3410567379577842,-0.0073912978467148135,0.1995934027601921,-1.0817785502523014,-0.6179569771194752,-0.5839027005248212,1.023402767025942,-0.7850174488543894,124531,10.08,0
0.3750621518923401,0.6740232023161967,1.202489779152562,-0.01995564453215277,0.8041838331060075,0.23943007058056626,0.3077149482220616,1.0026849877704216,0.32108017395457106,0.21903846862500906,53027,170.55,0
0.9651704927286658,-0.3139424547478518,0.6963700717220878,-1.0101435541849244,0.650756898675428,-0.10408545272113312,1.8589455898339076,0.16959209097397038,1.2016614990549126,-0.7928617734766792,108988,153.45,0
8.439309141418043e-05,-0.18411293211716429,0.6666186289628364,0.09900962270234298,-0.44635243083885634,1.8243427851000615,1.0257961481459206,-1.083635081032912,-1.2729015308389127,-0.0763511097576736,59961,153.19,0
-2.41278033092949,-1.0333374959890294,1.4004724471977792,-0.7300268877930614,-0.32907476919651824,0.9115561199476964,0.2413092743812357,-0.5399921609190732,0.269072772760275,0.2468788805499315,147116,56.68,0
1.727350214164185,-0.44336987952712686,1.1120145981367944,0.13315757968305095,-0.037296452956514285,-1.2835794232332018,1.193728770482258,0.6307084491469476,1.3444025957917438,1.8365222950801159,137973,42.89,0
0.4024407533435215,0.9014467003353596,-0.7303801267312622,-0.7154106758755986,0.23804623471157915,-1.0906429742593446,0.6625048725635247,-0.4041499448259403,0.6927219830149257,1.8661806680858772,108643,45.34,0
1.5164401005894037,-0.03402600268307527,-0.5643716438256554,0.43253054976891864,1.026986849421954,-0.5134921744150664,1.2635419883516432,-2.0072356829529028,0.690327544544323,-0.9641662366888453,79765,122.81,0
-0.013415786924808768,0.47367189081680144,0.16866766620470017,-0.2425521640183039,0.39209680525978186,1.4053961679571554,-0.3509136050828987,0.4303790205070093,0.5703553529856066,0.1919439535344607,26658,25.95,0
0.660442566548437,0.876830896064053,1.0531780678881695,-0.25662753545421646,0.690324897113818,1.0649632491393441,-1.2381413802999877,0.34333991203171665,-1.3104631879337514,1.3763400623456294,99845,94.26,0
0.8508609038591928,0.5543913351736333,0.7587962314981597,-1.1204764983450464,-1.56248307069533,0.04615948121306179,-1.358344884649065,0.8719155144448865,0.718520585314237,-0.02728017978142529,9087,97.74,0
0.4097512196232897,1.5303978014539088,-0.45095126002343294,0.2720995520236724,-2.3123254929747867,-0.047935035960596346,-1.6102212863850438,-0.9721209238266373,0.9442641632988408,0.015184604901780715,49132,79.72,0
1.249022696873495,-1.4607253059719505,0.08423370572605937,0.9285198508026042,1.6378798864487796,0.46762541842290745,0.6534029337804097,-1.332406720550684,-0.6341756507508581,0.7695335660246497,22286,45.93,0
1.133568702875625,1.2615350748110512,-2.3310196961881937,-0.07021596527343232,-1.070085096001962,-0.801381804043432,-0.04887052982786454,-0.09129051445755122,0.48562965223487625,0.9780511282592578,77135,2.28,0
-0.3349320372736072,0.3250447411862994,-1.0941030428499863,-0.939173032096112,-0.11872869068319965,0.029656040708357017,0.6714865628096328,1.92794120579788,0.814562139517512,-0.9093327837467111,81670,94.19,0
-1.2560547928680381,-0.8078223853114933,-0.24073954115370055,-0.14850479496108387,1.4041283796080901,-0.1866666193776735,0.4237797674102065,1.5521215472324952,-0.48307407168024363,0.10818642349104048,87784,76.28,0
1.188784114353874,-0.18847341037356372,-1.6900017679461332,0.44117640908112865,-1.1251865422151421,-2.240824789036072,1.8765937431686301,-2.4699812446369505,0.9774739999614781,-0.38214279017870284,169738,72.72,0
-1.502503456040897,0.7969436900282153,-1.448167521302657,0.5803274459450172,-0.1251994421155985,1.3579827784518277,-0.20673488668989076,-0.4230001351337505,1.2597459436007497,0.3647018004904597,10936,112.98,0
0.3190948340235742,-0.1364737118783534,0.1196270158728145,-0.6116048999444152,-2.2933906429682063,-1.1045820055811701,0.8183072508566308,-2.018210076089549,-0.17867244770036064,0.28637144760916866,45790,154.84,0
-0.8555264529085758,0.6710124272110006,-0.4738031774076939,-0.40019321169725186,-0.4496841826791043,0.8558731210790134,0.7549886679706422,-0.1622111877132452,-1.553499861108687,1.668477238974696,47723,49.12,0
0.10788044434303304,1.9447622376504894,-1.9599520832598905,-0.20459297463661533,0.7325093751084598,0.9464003174496751,-1.4466218625641745,0.49316588560677127,-0.07126412517830556,0.5056876897599631,18061,74.78,0
-1.3582633948587894,0.19697930459260035,-0.5356089152590949,-1.0859783833115408,-0.8488680101529118,-0.04302601696057393,-2.379454964417904,-0.19703293279770606,-0.9915325730407026,1.4439216959071985,165294,123.87,0
1.0788790390297387,-1.4099534900144448,0.948937494316759,-2.3648818094311217,0.5578553193877401,-0.1043888642558086,1.8391590829377737,-1.3677956340381678,0.5444777702483956,0.23859785891309107,142477,13.26,0
-1.0501721196807103,-0.7461205648984861,-1.8932123032208052,-0.7914081659625453,0.23166997253042865,-0.4677421680476098,0.16611940616875684,-1.3399295731224037,0.9469531002394159,-1.5292741587651546,11592,5.05,0
0.5541165013240933,0.8756555318533007,-0.16819204522695244,-0.9283906567890586,-0.21498544996827815,1.595722483590618,0.18100476116719894,0.5847365333247866,-1.2121660006636574,-0.2792984429318849,57902,37.03,0
-0.3734089368238823,-1.0849613034565766,-1.4542927965190087,0.5185116521466865,0.0257426758825733,0.11800337227349521,0.5255835798534022,-1.052932795757408,-0.6265347337326806,0.7797931882263457,100726,65.23,0
-1.2100528496890341,-0.31009530858943096,1.6428176678484692,-0.006192694509936961,1.0028569747749874,-1.35215013370115,-1.3759866908279061,0.48836591161140785,0.8845423766653827,1.2175890772837368,50346,54.68,0
0.8659686384171532,-0.9535708146940268,-1.174008326022643,-1.5535572617798237,2.605986288359328,-0.05327854476984291,0.5681052870899564,-2.043867312168692,-0.9400284851529979,0.7785261224578961,109029,120.4,0
-1.2295073973595978,0.07847007817701199,0.7821907039613288,-1.9966920447743985,0.05449557715464238,-0.02889140565462234,0.8669434518918746,-0.1656541556254417,1.5415250486094727,-1.398069811172525,44572,63.14,0
-0.25961403134577454,-0.47720662894486526,0.02665150200081768,0.42219165014431453,-0.6787628729596047,0.4368834560502014,-2.7250460412553847,0.7424302052748504,-0.0007108743418741217,-2.195727117624432,19216,23.27,0
0.389037590433763,-0.6576861087924688,-0.3261502180506149,2.221803904642779,-0.8032497510448164,0.24097889954175689,-1.8600191617644113,-0.9181011679319183,-0.990708176361029,0.8019501300135771,14263,129.76,0
3.2738818163970347,3.784869723986346,3.836945872894771,2.6926825768330582,1.2569960148464714,1.8648235765180163,0.5981902110505288,2.839450296460835,2.076300152899499,2.03545013755975,29352,121.22,1
1.5647180216699044,1.431477113927417,0.5561568651990907,1.0583615118230683,-0.2957255539874333,-0.2715115496462052,0.5526788404646344,1.548267096227133,0.9779617227766716,-0.24067732794371172,50661,48.58,0
0.6271096001491656,0.6191179850137531,1.4212377659215332,-2.382089422255963,0.04146462478482887,-0.29576488052991046,0.2557045082409063,-0.5119806592331401,-0.6824069285791311,0.5454186672085317,69388,8.33,0
-0.18992384102225704,-3.143666302024744,0.216682828659415,-0.8932893846082542,-0.2705179313863771,0.5312159898409977,1.3092997823905892,0.27663919182353564,-0.8257599536026291,1.452723539502085,2854,46.88,0
0.5935546949055667,-0.7531243937909587,-0.03875566404487908,0.10553755720503172,-0.20396420699247275,-0.34093744918914026,-0.5987319980759855,-0.045718114678612205,-0.5706339596290583,0.22539469957827057,76411,13.01,0
1.535755991995992,0.38433395931340797,-1.2133966744092013,0.6163363985410102,0.6079887781716096,-1.6085419264167173,-1.4217277354933775,-0.6233711527696916,-1.008782218746916,-0.08203857394471312,150388,42.61,0
-0.3800380621921959,0.06446892610267248,-0.9247342375001071,0.06380709241374871,-1.4697423351527148,-0.4744697295968686,0.9288792838403086,0.6726083691938968,-0.10220927449396547,-0.03887428575617267,135571,76.62,0
0.0442170029001831,1.0017092200148388,-0.3667051821450773,0.571970019247058,0.22165509290939184,0.432679209913578,0.2105668259738844,0.4689627733559996,-0.045391301493390546,3.2906968136218167,79475,66.74,0
0.05593935013240072,0.5502630709401326,1.126995501931263,-0.19616816691702066,-1.0936654819332468,0.6211030089681117,1.8699688148286506,-1.4698580128777539,1.4586954604383258,0.41856280898783205,77221,102.89,0
-0.1480724045477542,0.20535568225145748,0.020016902183505356,2.679828196415576,-0.5160055636374792,-0.10174791933650049,0.8873716104831438,-1.4433980107454605,0.592532632681084,-0.9183652600318991,106440,22.82,0
0.3605916776568414,-1.3298910224405813,-1.433044769968679,0.41388898961429843,-0.6641335984558898,-2.1975905928432646,-0.6133532614398701,1.0675464745256318,-0.7657765718507682,-0.23116097031358163,85609,9.0,0
-0.959427753141868,-1.154585614426325,1.6096337023090939,1.0025107220447482,-1.314801663057185,-2.434473082869535,1.9591372732726449,-0.1104919228656293,-0.16499776602492386,1.3261790864212204,80112,18.43,0
0.37305231843417824,0.5903110945552991,0.43265615257969103,2.5385055649842676,-0.7659225773867657,-0.5047894355822636,0.2696738204380895,-0.02250865281305816,2.106634583500347,0.022256013085185027,62696,153.27,0
0.4480993639362036,1.297057196491159,-1.3391549747395755,-1.3466113728618603,1.105668788324186,0.8750835514586764,0.7867149975116339,-0.7217495635314832,-0.5416179442659952,-0.5187224261064428,14142,69.44,0
0.6409907193949733,0.382845708865145,-1.2351639721754797,0.30236397625198513,0.8000813377617322,0.26775823758403977,0.20691419848245782,0.4036740100218023,-0.0646910748645311,1.598475802661482,33584,1.27,0
1.0414765447111363,1.5208366592942348,0.0006482287724631774,2.618253958058165,1.817584065827823,-0.4308175276670676,0.8317972936327809,2.3999191325716493,2.2443961920016027,2.0772519917930787,17214,333.28,1
1.038289928983819,1.2659336265568182,0.6017213726056347,-0.8742393776503687,0.7607914630609068,-2.947413065987675,-1.3807206006046315,0.15931344663527092,-1.2854092463305462,0.7745178640753303,146216,74.61,0
-2.109950646879972,-0.25326160965881,0.7938084898413628,0.4102225236084852,0.48216574824965835,0.9456936090599898,2.0939176955545595,2.6615096181330298,0.8824978606554319,-0.041705467985763155,156584,53.72,0
-0.781191026147006,-0.30191321441691565,0.6863922592415442,0.6066583748408585,-1.2557637367332921,2.2586957530874114,-0.9049619193122717,-0.05731102236315014,0.40929891646790395,-0.9388562302391603,163869,46.42,0
-1.406914165601862,-1.3321457556916456,0.1362192992058518,0.3085118212508116,0.1467739527628528,0.046283559060141234,0.367403567528824,0.7611569856467785,-2.158432732356189,-1.4415175647382286,42528,92.86,0
1.2879398211871496,2.1213197846479974,3.0481319828754527,3.033861962965299,4.344175015854052,1.5356042783231636,2.64564830845106,5.249945960930811,1.5983282099007778,1.2713267009629372,413,453.73,1
0.21727315822862395,-0.5645071656136869,-0.6710908927176088,1.2774922631474832,0.3380771894706958,-1.9667640613254171,-1.0573546316031397,-0.7312463906426785,-1.0890519313599338,-1.8668926176171166,127450,82.2,0
-0.49929559853915206,1.052423012799171,0.035370614347442896,-1.128423682545331,1.2888570057700093,-2.9530954287447893,1.5019901863012233,0.7620813660449303,1.5280824010767269,1.0954473645869702,83242,71.06,0
-0.49174741973013475,-0.7360079001897717,-0.0032015040313106763,-0.016889322364818993,-0.3244143754270483,0.1307214328259615,-1.0714692174211027,-2.112193250748729,0.9280164099142275,-1.1523958369253173,21902,47.9,0
-0.3877879555492906,-1.0042345261302041,-0.12314628929921174,0.5450342885346998,1.909167283314702,1.3443958210311588,0.9385156470752223,-1.2382692621706648,-0.3445906866602312,1.4200323343406476,60122,172.95,0
-0.1474424899181674,0.025770193694991287,-1.4265130788738078,0.762196602936806,2.0725428647008015,0.037078745622395604,0.8686645133809461,0.9291462482991913,-1.0225259884408404,-0.24239876772124458,95631,1.8,0
-0.5709436615217945,0.08893554088928533,0.8381891054253677,-1.2724028579180418,1.1165172862504722,-0.05835936047652984,-0.0547470948179774,0.40557654200246823,-2.1064284089301735,0.024477968595076054,69643,72.0,0
-0.5495526211300829,0.8678761000651124,0.43247490546841544,0.2061230407837602,0.24103049895055914,0.6436262691608821,2.819142883225069,1.6639646981109701,0.11679223315885004,1.4975687773497086,146358,70.16,0
-0.742678854701153,0.27569073274204753,1.4586168472970176,-0.6277653229124105,-0.42110538712392287,-0.26574906202397836,2.4709638894112205,-0.6800096253014871,-0.054742981984318144,-0.17707754295488262,130483,19.79,0
-0.3427861508643793,0.10130705515326355,0.7087936019052349,-1.331097019039182,-0.7691734739249758,0.6115279489820665,-0.7588866078976103,0.23175810520281678,0.08073724966900792,0.5683354833506628,83391,89.8,0
-0.6787881738421783,-0.5057421045769407,0.28265879022990076,-0.23509390188328258,1.764828784603602,-0.3959516548742255,-0.9733258724932714,-0.030213751378044957,-0.4200535130946671,-1.0175077734313902,87703,34.34,0
1.785168402072131,1.7849481228801383,0.863798014412438,-0.9307765450307648,1.072024676601108,-1.080541633557196,-0.11376481829694274,0.15071316752482067,1.8641624376481394,-0.24480421634595914,123530,9.12,0
-0.18955551153927852,0.6612751088830449,-0.4953371690186946,-0.9030641777936236,0.14182791845640558,-1.5298919895419743,0.48882954622970026,1.2642236397586115,-0.0478838146975563,0.33732934958577165,43508,44.93,0
2.0561491965997316,1.7110554973451995,5.2792798952652245,4.291820898245923,2.5536847418014093,5.02100367720187,2.2380964126509166,2.2683063113274917,2.3339398736762527,0.38726795802342506,129947,125.78,1
0.4390866789295762,0.03787999448959883,0.12238232360481602,0.37880960535794544,-1.019718097116643,-1.404756540299123,1.211745389324271,-0.7577694178475648,0.4171636171242488,0.9073844497801132,102601,75.34,0
0.7068496408990508,0.13665650625383235,0.09626124976897246,-0.33644590233364485,1.7247483710747342,-0.6600930679640102,0.36123211910214503,0.4402960547483123,0.215236772902594,-1.1883620474459569,149260,65.13,0
-0.861982355313375,0.949679902816359,1.8399380899918536,0.7882786808212866,0.7011316996051042,-1.8267165460869084,0.7735405928586261,0.07269130725085587,-0.6730670683542538,1.3333095911657804,115806,83.18,0
0.4449420625446217,1.1210044069163025,1.9126846549535315,1.275075272158284,0.8003564705620101,1.1620924548311167,-0.7434205622581251,-0.4495519974062408,-0.5757571684659698,-2.6236942049379124,67971,43.5,0
-0.33445617235587666,0.2596113479032144,-1.4135132097576943,-1.2249780892581503,-1.0456574552976734,-0.6915089508917581,-1.1303393065773035,0.43052743355188544,-1.046199099328574,-0.8788723959196283,135649,68.25,0
-0.8267050469168946,-0.1210284157799757,0.8114153816797184,-0.5804113618631425,-1.2829056017854663,-0.11759794171030778,-1.9550974407886346,-0.021009720477067388,-1.5829253068032094,-0.8993200314129962,127838,20.04,0
-1.0172243411016413,0.895780511037257,1.279164902965326,-0.624111334374069,-0.9170131510584919,-0.007201884234801467,-2.3799073313530843,-0.39411001642771426,0.6723710196709654,0.6979579142753379,40644,32.71,0
0.05183209899284673,-0.19071987780810284,-0.4180508640569697,1.101759261329277,-1.272866226005333,-2.3010659656967247,-1.7199269732363143,0.8060042904107796,-0.3666745133272728,0.8447777514452072,166945,66.55,0
-0.8931306215848627,-1.7485180294835236,-2.1902358192678286,-1.818891395390853,0.9639224425456392,-2.3441575840917515,1.2812602922581782,1.810154455536575,-1.1906423406230777,-0.7901268641358454,103120,91.36,0
-0.8360571148457872,-1.5071167856344878,-2.0291637188282605,-1.394259146222576,0.8434215382602388,0.29246545068078506,1.644187278990438,0.7086435839600252,-1.5186678350997536,-0.24585073700035695,39823,12.78,0
0.21146015236391716,0.3924989370016137,0.9343144797343041,0.7142792376934625,0.48499620969237567,1.8084482003859388,1.2110145228246147,0.08218407635076586,0.3248599190481407,1.181232988795302,138735,100.75,0
1.600047281319608,1.9554865439637885,0.04147253635172418,-0.92944741765211,0.08998357881629604,-1.1072038446128278,0.9939000677948053,0.015539847100134492,-0.36828240352530817,-1.3792511380183092,35515,30.86,0
-0.8268091053930736,-1.0938471412974384,-0.2614172989802677,-0.7695349798407002,-0.8756622330858662,0.3576279264154971,1.171263226152551,0.799918408278537,0.23470961331202944,0.033964133770974306,167195,95.83,0
-0.28279574914757005,-0.17810346681963335,0.3226764365369687,-0.10339539517381979,1.2933308258074465,0.0381268154874417,-1.5440176285183866,2.07371857157332,-1.127581202663823,-1.6151655188735192,13804,37.31,0
1.1272412069680329,1.722829883369059,-1.2265055930225495,-2.655162244545697,0.3940600890770358,2.681072127379903,-0.7331707579706717,0.033566751161682014,-0.6130917495197014,0.9426112987040297,4070,60.07,0
0.06300236833469973,-1.1990103925150117,0.5497802609821923,0.2742386526975789,0.2857044467311966,0.49930667694076825,-0.15991847588461555,-0.39406446095013603,0.836025689406052,0.8081019661735034,18991,60.27,0
-0.31910659701089783,-0.5684420837177473,0.35093307645469796,0.8407453669239697,-0.34300861901628066,-1.7521039456297145,-0.5370759294328917,-1.4031009943776707,-0.09382787040339419,1.0034256521562928,125660,57.97,0
0.7908061216900806,0.09129377217545448,0.9266701647759397,-0.20655208720457258,0.01988470986269033,0.6475720998400183,0.40991142509788614,0.20645233146429737,0.46574272369952335,1.2866063929077398,36379,33.56,0
1.6443017102336905,-0.7194038196869753,-0.31752499386655414,1.2202875245843159,-1.1241002812766319,-0.15709882519614551,0.24855880238092778,-2.3656991927847506,-0.6965314288062566,-0.327314839475915,78059,80.21,0
-1.296472328074761,-1.6976223095181227,-0.08768292245790726,-0.18235085752464092,-0.6878459450242931,-0.06324481340103867,-0.10245830947831495,1.4212744789983416,-1.4397569945604631,-0.420543922502407,81734,24.15,0
0.4868185471492834,-1.2130355851987074,1.432543276993829,-1.1861163817288356,0.8124162516419721,-0.9745749714152614,-0.8622935558245262,1.2835690915661258,-0.9815897207558789,-0.44033708708774943,153619,22.44,0
-1.1383267269609427,-1.8057501257682627,1.7746853415874553,0.6657742660235674,0.2141206786681254,-0.9097116050340971,-0.2724862647495277,-0.05324563585475137,0.014571539634665382,-1.2554911731805667,122973,31.87,0
-1.218813060423628,0.8877062567839132,0.07580455795925227,-0.17134153298499766,-2.0474754927143133,-0.29431337433662763,0.2555721401193487,1.2530335458505526,0.5469028976583571,0.11567361239353575,58634,24.79,0
-1.0755722861430155,-0.20435943653628302,0.7673525546550849,-1.9227609691993868,-0.9624128490889345,-0.022061345238108394,-0.92860644102785,0.9985755194193057,-0.9425260049052361,1.183053008472213,31776,42.38,0
0.3330703726182551,-0.5757585244382156,-1.1161079926843374,-0.041341596355102,-1.1332467856850759,-0.06922733527997318,-0.5506619488285118,-1.2705543696607806,1.0686756087951241,2.743142601279412,41780,62.66,0
1.642660293436234,-0.8306977366017732,-1.944590623903561,-1.60454308223482,1.1102967076213035,0.618543543786074,-0.8812796363733184,1.2804986435158507,2.0523301561070446,-0.23284379358552693,167073,76.75,0
0.7849542886879182,0.6413037147573276,0.4500134504595026,-0.16800441804892752,0.38369709915070194,-0.01537250106218009,0.493423033197456,0.786653496438543,-1.140336304555083,0.012089777426606964,54067,51.44,0
-0.8317611742628097,-1.2605940187998574,0.21036937998711588,-0.059398580989951294,0.7403372722948937,-0.35833478452759104,1.2871827112440355,-1.170025631498784,-0.6815615353619671,2.141077707210243,57655,114.32,0
0.35879608390625434,0.10768631949496932,1.092741316456627,-0.38636995973938226,-0.05031682927271039,-0.04052506712566763,0.6271463044975679,-0.6889194153424328,0.4105979713461898,-1.2791875148675582,37896,32.45,0
1.3991363816960873,-0.49819242343437004,-0.027577313603318894,1.7819595813307498,0.748433698837844,-1.8095168331490818,0.06765670221171292,2.2528430919500066,-0.8188758697343548,-0.5015150438137406,135856,75.46,0
0.10144743065004946,-0.059854397695851456,-0.22163990085094343,-1.4297037875372114,1.5450540380104028,-2.445236263661804,1.7010843062181855,1.5140495087490409,-0.4250203387637601,0.819761208419715,728,91.95,0
-0.11316840972889723,2.5703219809445987,-0.21764705523569966,1.9290174573832923,-0.589868695507319,-2.188749095111957,2.270590778416392,0.7838925725490965,0.5356245784086985,-1.392135580074434,168400,97.99,0
1.0991839937853107,-0.7286143625392852,-0.5382415595385981,-0.6698354609330497,-0.24384820298240492,-0.11955057756687384,0.3396060683477311,-1.5340098375148419,1.1614716100216715,-0.11961830272829155,41221,69.23,0
0.12686697629584257,-0.12267622111472039,-0.2805723880543605,2.867962534351701,-0.571293637868085,-0.3589746638027341,-1.155715981200465,-0.425678023094178,0.3400787269620394,0.04106910743907006,86818,53.02,0
0.2964180008086595,-0.6884521176042147,-0.30549088765989746,0.5297428240598223,0.39052649896701547,2.0044816868750948,-0.23314721662939625,1.3026867733031924,0.006466469974647651,-2.5490942482228025,36939,31.41,0
-1.8524229149889546,-0.18974370400639878,-1.6462343078348034,0.5163674402551751,0.4447858668440133,0.2562106064046811,-0.21460798720906252,1.0862765134458998,0.014273915097697877,-0.579928610974759,68478,138.43,0
0.47045035557017084,-0.5637769789954712,-0.08558980661080533,-0.6753208982646495,-1.9752346764341837,-0.17153582897661646,-0.14891392558980251,-0.963906243010109,0.6540663461124508,-0.14351756402205326,36045,46.04,0
-1.1923953304424335,-0.9571528278081498,0.7583542335444021,0.5115353224335996,-0.8698236451694155,1.3467706690639987,-0.12833091630501325,0.37307189623110804,-0.3210779079774146,0.6347756760793756,78838,18.71,0
-0.31048397619594376,0.31323652737471736,-0.6521600372369454,0.385702485968564,-0.052527368723172436,-0.45078427168300184,0.49272728021696205,0.5090592430081544,0.16321445074010568,-0.9254524679108664,165343,132.01,0
-0.25582313424258235,-0.00821498041648976,-1.2150896588930336,0.17751709440708988,-0.3272879113805561,0.24664573482838334,0.9848629495135043,-0.8195706078438288,1.252902571660937,-1.7200388022215196,84933,98.27,0
0.06654581585920483,0.6130442097707861,0.47961832364693924,-0.0386521783910853,-0.374767729287583,-0.5005056602039589,0.06915822501644173,-0.5114979681066519,-0.648599371735191,1.4696747224948015,124079,63.86,0
-0.7834010538966204,1.5464338961560513,-0.683265908190524,0.03044392367703176,-0.010504577623915934,-1.2289291293508675,-0.7140951943262096,1.3890237402016365,0.1441081595996221,-0.06765574140260831,58521,146.72,0
-0.3765947230234853,-0.04482888433020653,0.9951740832003304,-0.10928791009608284,0.36276482603990634,0.03528176485155034,0.26904710451862884,0.011260967478881256,-0.18640178380653927,0.9990842030920423,57689,78.79,0
-0.12380929432965958,0.5265572504935742,-1.8622769680124747,-0.3356001299879106,-1.1930397582454333,0.5191360589119515,0.33522823219616227,1.4391119471869638,-1.0764737527744503,0.700489804407432,118064,8.74,0
1.7207698311659838,-1.3905124336305947,0.12460404274542186,0.3318537267799096,-0.5049045629517913,-1.6618540667519153,0.12185173402498248,2.850589233202246,1.6373143305999434,-0.4431915709531915,113183,46.38,0
0.5509243808935403,-0.9835804969268109,-0.7495499139652525,-0.8244033703862671,1.3265126715838689,-0.8959231261972913,-0.7567104926287299,-0.27883600756127996,-1.9669536769666915,1.0635179925415021,76271,54.08,0
-0.20543755786763002,0.7757523004499094,-1.726500425602355,0.5550842495960578,1.6012169037012125,2.364955607848391,1.4342211796310893,1.2037890395998239,-0.7785262855443501,-2.065274297458198,96917,113.62,0
-2.132046280731309,0.2851238413422724,0.47707759093021124,-0.9932314500134598,-0.14837498159026113,-0.29294608184713095,-0.7841220491857707,2.4099078626908845,2.1972361359016217,-0.45057227763428864,132080,114.57,0
3.2788905880019654,1.5809803748624724,1.6317748582080396,3.3148832302085056,0.6197611721597172,3.300578236421684,3.341772670858468,3.017984070575482,2.896378787117003,2.141904289684101,155070,143.34,1
0.2772895312108468,-0.12623700727326478,0.262908202633016,-0.43648909130440844,0.35836351637561037,-0.5592390124192269,0.38566872641060274,-0.6201013771395222,-2.2378903374078223,-0.5885631721683493,159840,150.01,0
0.4289653911271988,-0.5243766669379845,0.06063689759028058,-1.9106786972536998,1.2829187342068633,0.6397376023146959,-0.03983258009585521,-0.6909449776543308,-0.6622669514770377,-0.32856980547889225,38340,37.97,0
1.1049404889577255,0.6224410467594651,-0.5887181061529682,-0.7635976576279362,0.8607546479153348,1.0645719950739163,0.10739657438636435,-0.3558473656683313,1.0585644502916203,-0.9355481906485336,55817,32.18,0
0.6334215410273492,-0.4774186214077085,-1.7413570684381454,0.28862576156645264,0.3207190607257957,-0.11646765636659494,0.6291171103139702,1.1120949930763728,-0.8583399897335252,-1.269268462147388,24425,66.83,0
2.0009631015901537,3.208160913916495,-0.4512956709333788,-0.09561891671659228,-0.6612411185582238,0.16367144732892863,-1.2955622805094575,0.6601421848569691,-1.4836275163255708,-0.5045387256452954,19679,77.14,0
-0.6275772412110292,-0.2665893636346067,-0.09169518228282378,-1.3155893009900326,0.9107079513000965,0.1867046298138473,-0.06057320307685002,0.20911508912272142,-0.3712092125640576,0.27484957949465905,55660,93.29,0
-1.0554337809557044,-0.8984404667540822,-0.027360490044477766,-0.9754729712675083,-1.0080205171315602,0.31539839299486344,0.0009131150564178419,-1.2037733498998382,1.0517880745090737,-0.2135167062914982,141398,113.8,0
-0.18030702284953407,0.848406448962838,0.8707875968519352,0.058260728266534306,0.7200765660795322,-1.958693533674366,-0.9048147336193682,-1.54586295916699,1.712295284694428,0.7500540808677586,121777,64.18,0
0.039224949539637954,2.3751331736927854,3.268728756983765,1.109640267073128,-0.6094927745110272,4.719857058107019,2.253024284209615,5.001603293644262,1.617515960389831,2.980475650018973,8487,247.38,1
0.24537100899533215,0.6953771478606484,1.0429914373271527,2.012979079132458,-0.17346669741771467,0.11661850230386629,-0.4536822949281935,-0.0034356278524263926,1.1232404917592171,1.6637069258801755,47603,15.1,0
4.149273204134108,1.5005870851305891,2.504771576384361,1.1906195940542812,2.472328460371485,2.418476338319289,4.764086646506806,2.420366011346047,4.898554759558858,4.42607284777907,35991,432.1,1
-0.6512961263601446,0.11783607551763121,-0.08553040194807149,0.24446556638507907,0.8481737505443001,-0.2286139245046973,-0.737171962937461,-0.18341972754355415,-1.8172882574197327,-1.0825822697918117,62931,18.63,0
1.5657795312032543,-0.13735298691952277,0.10078359181005818,0.3841339258444641,0.2271896281408618,0.33592347224050134,0.7160815269607016,0.7931988705190247,0.2215461313953466,1.7521344949006863,107595,23.79,0
0.8402201626941975,0.6087897715292568,-0.1175732579959197,0.6870109581123818,0.13668413554430087,0.6248033350255074,1.531631460055703,-1.2059744561305938,0.9671798914061128,-2.0393269385877586,102503,72.1,0
-0.697557206596308,-1.3815791735290779,-1.443263387673323,0.39210349732174843,2.068771855120066,0.7513119890199909,-0.5561242589404028,0.16800009413183298,0.10531206287101345,-0.4540084135607402,8728,42.64,0
0.24903612230694197,1.545896479778648,-0.8238915447012507,0.8444747029637627,-0.027947013798820246,-1.3419305718275,0.27665519096546437,0.5260069054411805,-2.230525167376863,1.1441912463552542,160574,119.4,0
1.3516813728601071,-0.23493186628795537,0.2256469257111892,1.1091266896484484,0.43505628776140703,-0.2034532346031078,-0.24865772995495525,-1.4263787222934246,1.8800788497290917,0.5618961242364476,153415,55.6,0
0.029423575584972723,0.40524009130643124,0.642252150088298,-0.5556214596102388,-1.3169708964801385,0.9976170770685008,-1.3883300744357658,1.3483709881778494,0.3681709875598373,1.144096365660758,120687,70.42,0
0.6642923020556356,0.7480022627358979,0.847759489577688,0.6606782115382321,-0.2067666675311628,-0.5118867500884194,0.7546818153724143,-1.5038634123887549,-1.0280960290543202,0.9502170838481896,13011,74.28,0
-0.4841694333335785,-0.13307644201126692,-1.004947439200293,0.1180388336570735,-0.5211011738028473,-0.719667077020741,-1.0425601296264988,0.43003257282928253,2.062315018745959,-0.2795240167915858,138069,39.73,0
0.0603859284244171,-0.07144540304760538,0.3000857758385668,0.675984814353954,0.08047561338956731,0.5457219952569772,-0.4753562369802145,-0.02299597610505746,0.857971346529255,-0.8564954287863287,106624,68.3,0
2.7592746885720825,2.7888719486573934,1.7931442228940668,2.704671821490571,0.19532047635770322,5.262552290354917,4.630604087749022,2.9155024184772618,2.289468024188509,3.5701022530361195,79481,523.86,1
0.12374001441139017,-1.927521135716747,-1.569438894054258,-0.7258608518557548,-1.9310800529508247,0.6895866565298266,1.0114619908847764,1.621900780631926,-1.107229260647537,0.9717435702440642,55396,137.15,0
-0.7634393173106605,-1.3447447463164128,2.1412722154540154,-0.8065435550174455,-0.3936382956358756,0.21522022854038678,1.3754258689383037,0.753593771878911,0.2634594064777584,-0.5672683165197465,148936,87.99,0
-2.7038176800733402,-1.0342608591401172,0.6547810857714145,-0.7883967261811863,1.468427763679853,-1.0053583901986916,0.9850833932724721,0.18846195148480294,1.0967193013068632,-0.6790554811242887,30369,101.52,0
-0.9698003951150737,1.1883499206053487,-0.6999776844392276,1.5312901779165933,0.33333618024787187,-1.051056158201663,-0.767206863428331,1.3775151656656583,-1.285487480734646,1.786816300711365,146995,12.78,0
-1.6791104276237172,0.005540842791797656,-0.9519244159938243,-0.38248339826782335,0.6708882721498295,-0.4721340575694767,-0.6041366901672663,0.059951149194505074,0.8523003210324692,-0.30823485497711206,127164,47.89,0
0.16205955906287475,-1.2128906345418562,-1.2109178351996426,0.04142501005194293,0.936846522707577,0.9592583999199787,-0.4340587158095934,1.2926726244807154,-0.6470763584311255,0.4062748242109769,162828,86.08,0
0.7393260256749032,-0.08737127049316686,1.43161465227459,0.389086491234604,-0.6490793125443132,0.8955505301305932,0.4143479994793322,1.0702015120282002,0.1596315176718564,1.1139663554430927,40135,88.45,0
-1.852727861690278,-1.5449798588116046,0.42663781779506577,-0.6818130653154276,-0.4808332298604204,-0.3644901614154208,-1.7525136913726278,0.6472161155491511,-0.024911620067423812,2.6979509194462974,27407,69.88,0
0.980190871671822,-0.9573927260743923,-1.06491621822094,-0.05982268122831417,-1.7820470316258878,-0.02893426288513256,-2.213901501515942,-0.6360557713618591,1.2993374681334304,1.0533655177986434,145382,107.82,0
0.7504235544035768,-0.059905937677162444,-0.09060628266117694,0.3868645444434601,1.2004616934835248,0.22727581636916705,0.45221416416198873,-1.7313739606179412,1.3410009851592604,0.6020705010299197,13511,11.26,0
-0.5267153919462082,-2.018244085799669,-0.6605868651768887,-1.4853210480064563,0.7474569572421684,1.4250055602997709,0.44156240439474126,0.5410353822679319,-0.6819277125511909,-1.155260785687539,104050,41.93,0
-0.010196115625046132,0.046976196299497744,0.7452069776314066,0.35160444542296,-1.3982428087660086,-0.38095747800739044,0.5528751633755955,1.9584513290893593,-0.647317997785969,-1.49850208970414,124079,16.87,0
2.093168308930595,1.8441164133942693,0.6141355241167059,1.2728208037290885,0.1172822935737143,0.618969138823701,-0.22951649867539514,0.3538210991281481,0.42516056657833223,2.0278080270210506,46193,123.33,0
-1.1332872140034806,-0.1573178328484663,0.708524054109816,-2.154965220500105,1.1424982829260997,1.854857689420273,-0.8735192693432408,-1.1428279183441141,-0.16645850884722765,-0.3417263960606138,156429,69.14,0
-1.5436252025220816,-0.7339487916139326,-0.5895957758414572,0.8133726894733257,1.1861351149659096,1.3239276665806796,-0.7211859389436774,1.0130319563965289,-0.9151720542521978,-1.9591994274552968,146732,44.86,0
0.7019536262212701,-1.1619002215998122,0.48351169621009515,-1.7697965101211237,-1.0399064346754558,1.464777771630867,0.7230790030071444,0.334882385033006,2.2724169696683796,0.35289190016815775,113631,8.89,0
-1.0721330214268592,1.2880660702621847,-1.193136035710258,1.3803847340611906,1.008383235601769,-0.016269663269797518,-1.8700742610772119,0.30519600016495774,-0.8699648385306727,-0.5589206957395619,73556,84.77,0
-0.30434060491792164,0.5286167215545834,0.5239648102740447,1.0219801943278304,0.5198571735005325,-0.2678075205512705,-0.42085631454370215,0.32175834582544766,-1.0780438798588288,-1.3214650192132888,23075,92.57,0
1.8412556144269043,1.8313003205774008,-1.1237320656309138,-0.10290317131597083,0.19332663976096162,1.023056646923904,-0.5548408623586052,0.10589683736941043,-0.3012459001590448,0.12351905850733916,120667,11.13,0
1.1044950252055679,0.07358911101947667,-1.1537837405205311,1.6377474592047725,-0.35211634338830183,0.3962357360013959,-0.07766253954487182,-0.4203484640402984,0.7926901370504009,0.2597173026713474,101166,8.01,0
0.6964118908227692,0.1706294503845932,-0.4050011543970049,0.5222239419083764,-1.1672787351545773,0.8930476980827567,-1.465354086995041,-0.258442860940471,0.5338692393190223,-0.17828374693232338,147136,0.3,0
-1.4288154342262782,-0.097503228916757,-2.445466020015286,-0.9469256560568857,-1.1263308601925779,-1.7227652206626862,0.42914504343949844,-1.3001087486653005,0.6372790224822711,-0.8573099986548491,77431,33.89,0
0.1261651964309746,1.6485747229738668,0.6512663050106834,1.0031117343376488,-0.9435508196243241,-0.8111845917461348,0.9877256321413548,-0.23518599760965672,-0.44235003467111306,-0.9467653992584387,49379,75.52,0
-1.0571548741382744,1.927369755230228,1.1021656399195396,1.4981806301764926,-0.3915165393405067,1.086083841919241,-1.1783732788607815,0.8234164029758364,-0.9736373121422331,1.3024805154462358,115516,78.76,0
0.20775059761412384,0.9611572137178506,-0.39182329024754126,-1.354580642471999,-0.6264510243605412,0.6173877745579746,-1.056886981001492,-0.02365186515109181,-1.807198082017861,-1.153639416400271,56550,23.0,0
-0.482232478702921,0.23915868457723857,-0.7208978676544061,0.5294491562496214,1.0217864701570158,-0.0072815451385564575,1.0670093949527026,-1.1843414858928576,-0.6765960082195143,-0.7284537337486449,84537,11.68,0
1.4550455762707113,-0.23618030223264996,-0.053185151717077925,-0.24110190597014827,-0.4202477524611892,-0.9851659884079055,2.437946533897374,-1.3785478749837818,1.4469246962515319,0.5079017093737574,66082,48.42,0
-2.003522292066514,-0.1323456733574863,-0.4703630136405947,0.7220711925409985,0.3579932570899805,0.4357051268851052,-1.9386932638347938,-0.18597160813029445,-0.752516619192413,-0.66885653941027,154561,13.94,0
-0.145810458088816,-1.3432844521102028,-2.621653921904179,-0.23702584694096898,-2.0738707448234552,1.3231188022504494,1.1072952931986813,-1.0133230076326558,0.888652607194921,-1.2711660486967573,115639,22.68,0
-0.24572077366219902,-1.3201346499774993,0.8374768129058131,0.7132095634755817,0.6413120769528883,-1.6390490119333025,-0.5678509846584185,1.0304865363867661,0.31602690372693637,1.5266173712671045,161091,56.28,0
-0.23613009177798555,-0.06734265280915312,1.0749283445863558,0.6743380738464718,-0.4658178552965385,-0.5293418702444488,1.712550923475718,2.0496387006140204,-0.07263345828699384,0.9405697660038137,48815,125.45,0
1.6647760587482714,0.8593960904904201,1.9361028003025138,-0.685402258357297,0.6550668617746184,0.2408445109933149,0.18921757937710068,-1.3826026750814762,-1.8617756901874913,0.9485438866778098,102299,88.67,0
-1.5815943994539423,0.40712980320827613,-0.8436933477796882,-0.44242757477962213,0.25913209383079455,0.28519795249377733,-0.1278007358120988,1.8435738344886565,-1.1156981152691303,1.05320803426037,145753,159.04,0
0.9698044873917454,1.050533649906501,-0.5555671964265207,-1.451312240821098,-0.667797254265687,1.5862872655147806,0.8242123556335571,1.3878379403471885,0.7375816098203105,-0.2921644047030576,90864,22.41,0
-0.16395350002699655,-0.796957653281206,-0.3350711199625306,1.015720186979243,-0.5784368379739004,-0.3128397502851846,1.2857739389583676,1.1502032120913313,-0.3093752810067598,-0.6619908235482892,45938,38.4,0
-1.2417555288783926,0.41920060829060546,-1.2965083306389955,-1.6635279740339746,-0.46446477568049493,1.7409584463809726,0.35656356238702136,-1.0254251793653046,-1.4638548247859353,0.5045529426796213,25517,139.14,0
-1.2223743125399031,0.8485161053885039,-0.7529457984332404,-0.32003775454171113,-1.0951560799128308,1.0557383436195333,-1.1062649495987384,1.0145441060648281,-0.5616066216414509,0.9727401918429672,92795,36.91,0
1.6289369476239914,-1.7388154625209316,0.40421513601897335,0.7170004347155992,1.2667424915373615,-0.6099903611811885,-0.06838335587272262,1.0551965896374536,0.5604125591073058,0.1118612278830547,9163,78.87,0
1.304513697115551,0.04276756530795937,-0.9787143694195778,-0.3020960316877769,-0.03264754142036228,0.10863398129714882,0.5948443845406568,2.0588204217713244,-0.5311027350228276,-0.7761133722480718,13956,59.03,0
-1.1975882890341571,0.4889100117578045,-0.5788217215868263,-1.2596883066506925,-1.4807824612725349,1.1830256847701135,1.5492701666334763,-0.31399431340248285,-1.6429143549975314,-1.8490027856522104,154190,11.5,0
0.06191648367995918,-0.22081878555032944,1.8741318998610565,1.9051492720488177,0.13724897668255226,0.7112661841046735,-0.15505937520475505,-0.10456557749798145,0.9090058737392254,-0.4640543596795687,156469,74.97,0
-0.8659398838322859,-0.1812198263054794,-0.40686451455470535,-0.17765472951961592,-0.25767250469905323,-0.4796833555331328,0.31904121634133936,-0.4498364567002642,0.05816408131120715,-1.7560684207729635,155832,107.11,0
3.3467889942990987,4.139562359307634,3.9817410696708295,3.816123066533529,-0.4080226033869878,2.4218440003235884,1.5514340815531291,3.1598346969343356,4.216850428478269,0.671212274098977,62829,528.03,1
0.960734307594464,-1.0110326867032555,-1.645660223724301,0.8435123440601495,1.1048505551822252,1.4672154050229071,-0.6557926354372655,-0.1765769311516916,0.4837915583895675,1.330645221285307,24199,76.49,0
-2.0028137385258296,-1.6670729125233301,-1.4877899303083517,-1.1224650248361154,0.4947297644723308,-0.9692277130986685,-0.33209117526989923,0.8110834004954379,-0.3746651453803178,0.41137278261179305,99960,43.8,0
0.5112218145475347,0.7330535930043798,1.0128562081485508,0.4711508133300888,0.26631363413944587,0.27554336518645245,-0.7097313202063501,0.2905194599334413,0.8922482534451703,-0.6736865634932798,12938,57.08,0
-0.5677221432527015,-0.29917347918958953,-1.4820394794361849,-0.626237433413442,0.8080240128119485,0.32283543543259097,-0.4027766270922433,-1.1268748166546567,-0.2863259552332663,-1.2010445204636437,155198,100.8,0
0.1706250785397928,-0.750375308326479,-1.2807174367183787,-0.41394053477669707,-1.3521740853778679,1.0074549626330378,1.1594723174183668,-1.374846455204873,-0.1434079966945483,-0.3255848936124145,103704,32.98,0
-0.9928468078339396,-0.14566107319743485,0.9731258730512434,0.24553838477322035,0.19237362473699957,0.20027440007198594,0.23271782750501074,-0.12447556070543903,0.529966461224456,1.172307254235824,111229,94.8,0
0.6084517364296791,0.4288032178339101,0.5306649255274699,-1.2617390905476908,0.451374358902682,1.5627617502434605,-0.7625010829663179,0.6790719877940862,-0.5638763678911545,-0.31714340843520145,172504,102.44,0
0.5553602285085755,-0.719085478888462,0.23271830907924854,0.32890116928473173,-0.5223228267196286,-2.6972420584385057,-1.6981581743647174,1.8043008150594142,0.41703229673206904,-0.06241448209658456,123578,40.0,0
-0.41884874392503835,0.7772165364561262,-1.0376866876706978,0.9650920121259146,-0.17730048583548338,-0.12998506576253574,0.049724248857303505,0.2266214208084252,1.4677072531302522,0.24286249089513645,114588,117.02,0
-1.647777141104471,-0.16720683697700237,-0.5042100953003512,-0.5456955064146043,0.7527222034871184,1.0292018795278053,0.4002519256968462,-0.2791175690205619,-0.23136925632427968,0.49466708422755545,155887,82.14,0
-0.06274668396867535,0.5394385206366479,-0.20510600519999317,0.2595639282200429,1.4726909854807058,0.6625897616378073,0.7423717680444828,0.14319118590890553,0.6849357602204122,-0.290680946507939,133469,170.83,0
-0.3817378939983291,-0.37061305353986224,-1.195878628271536,-1.2522882388968095,-0.6864861414865847,0.5925534365473859,0.8317483407990738,-0.17769944957752398,-0.39890490414482815,-0.2601985738484698,140799,8.2,0
-0.5736696908584189,0.8467362441910651,-0.4220404345062681,-1.0576203946255687,0.2545209989906128,-0.6159218476530665,1.2437763926278074,-1.153290760391153,-0.30797326694292015,-0.2984822051725593,131896,52.29,0
-0.18486236354526056,0.19538091593879858,1.4989716624408718,0.23462016508965416,0.2915285477217645,1.1736214815636739,-3.5304091008965424,-0.43319917969450067,-1.0911669584869983,0.08690721189565556,134152,179.59,0
-0.37071038447310495,-2.3174282502075,-0.4351480812529309,-0.4171415986152579,0.6194129389547033,0.20855928185472122,-0.6948391990740592,-0.6648937777702991,-0.809316160267809,-1.0174017669419146,151507,55.43,0
-0.8165751074555749,0.44742071120237864,1.2712310502568995,0.3700496832654426,0.441704808317815,-1.1213554174005556,2.0549911002727668,0.9729047110032774,-0.43761981069553063,0.004565378070281253,42046,11.32,0
0.6168141996897798,-2.7388114369433336,-1.1685714998568588,-2.315279676889739,0.668783760609298,0.7352169313239425,0.1665637879886019,0.1919644729574794,0.8118980514800894,0.9397443593992006,62174,32.3,0
-0.5809601885314832,0.8671818141120127,-1.6831449779482226,-1.3315763570436807,1.608805497306857,0.9496474848360985,1.0385892270446166,1.5099863821231867,-1.5156097251925758,1.4466548582741872,128866,76.69,0
-1.8978144998997766,-0.47441459536584457,0.8313413701082871,-0.8156862901633702,-2.7945007243990085,-2.1196104026729263,0.9554746765375649,-1.6435846389722677,1.2302447322819987,-0.5023183631869328,93366,80.57,0
0.9736635113440901,-0.9470628270939518,-0.4468824016079753,-0.5693656036930808,0.8858101395753868,-0.8353039469631652,0.7868042603802599,0.5810831090237156,1.0190567679901443,-0.022637334543495907,26840,99.31,0
-1.0263984541151934,-0.19504985120443202,-0.3764897826377621,-1.2429260234082382,0.5246381201649862,-0.8722387724007014,-1.1791301841294788,-0.38737544385154715,0.32807466649048816,0.6571438038325121,22063,97.55,0
1.2449473786464456,0.22605958910202525,-0.1600799690780195,-0.6359142213913074,1.1114528304329958,-0.5541944340199974,-0.18795598822445234,1.270173010952802,0.047876720589621155,1.3430106148465735,140533,108.65,0
-0.7740858849820498,-1.2357459785659517,0.3101028884946864,0.04629725927733898,1.1403102303706543,-0.5242758796377893,1.1181749473009739,-1.111533108890007,-0.7860197211232185,1.49326656917386,122614,52.6,0
1.7767198471176207,0.9729894374492074,-1.4056873698179129,0.7357495297606192,0.5951301628988109,-0.47266830028352164,0.8406009784750912,0.7490051045747627,0.1318217278130731,-0.14810276822555227,82345,15.6,0
-0.3408965794450173,1.4444752993730932,-0.4121066726936051,1.5908507211018605,1.8268443208509975,-0.44455561177387704,0.6171644678785293,-1.981030832346565,-0.3498076689059971,-1.3084879687007418,89555,98.98,0
0.8070082819444706,0.899825832128283,1.4897040367414378,-0.7303778911994052,1.1136331111633824,-0.125857890847028,-0.20897318967664966,-0.02912458259985813,-0.8207033898407939,-0.7341717273338481,83055,3.19,0
-0.39524414500347166,-1.0296025948847793,1.2503598245169982,-0.12585694270057374,-1.5566494542389513,-0.1694089390563463,-0.6601000822083767,0.5546609033192447,0.3736166600518985,0.03488951178128816,137109,134.83,0
-0.44948342976970423,-0.6228208365228246,0.08993839582099193,1.5912672056641302,0.9475394371676528,0.6230021213018256,-0.3139889991057074,-0.7156185460664132,0.9403124309903641,-0.8238221223865665,136808,103.08,0
-0.4275544813295202,-0.013754379609230549,-1.2105851651398536,0.4404136877397962,-1.7661311658852938,1.1959522260811317,-0.157266308649841,1.1758459412813125,-0.12734992682443913,-2.2000059395015703,136587,64.51,0
2.206525307140402,0.7817402280478173,-0.5915461187491414,-0.6701307413272868,-0.2894104369981684,-0.20581055758128874,-0.03112038151564797,-0.5079566275518538,-1.0316319706191186,1.0494377529982246,86201,9.02,0
-0.2254314492280993,0.7850609182499858,0.9993036997022059,0.6100175759865148,-1.6877753678793268,0.6350449654318838,0.196757255113438,-0.3974029762855181,0.11580498431231122,0.9376003913213484,67655,39.56,0
0.0806077756205216,-0.7007926109189417,0.07119561873949704,2.2859924846717004,-0.29166686096702593,1.1024964410603724,0.03988124317666772,-0.04896201563706858,-0.6826917252204723,0.6148535456789103,100331,35.29,0
-0.059042217305055426,-0.2773532619310194,-1.5292307799446934,0.5945885087379836,0.7731589272535316,-1.0036141928498445,1.6908256528821999,0.6207398441603127,0.05129652627977901,1.2796693294619215,11660,42.37,0
-2.9305943758527757,0.3544789549954567,-0.3680506138292876,0.32999016547508886,0.4520077971168826,0.6309006973476589,0.09251997382248289,1.233429756732715,-0.4580681481110187,0.2549020079280944,127974,50.84,0
2.020639698775832,1.6879954414684644,0.73025696161685,0.2060595151861,-1.1901796727497762,-0.44637551334220976,-0.06119892705183975,1.5579977955147606,-0.1705490728576534,-1.8673636992460512,45773,8.01,0
2.3310246715580702,-1.0442220155761586,2.0360182121711525,-1.2168685933937622,1.569796340625739,1.5468548439766319,0.08461971483258673,0.4549218898004083,-0.5614523645280017,1.033163846530798,33130,101.88,0
-1.2158909241041307,1.636425212341665,1.2361439727289343,-0.8596558128040213,-1.6799927673875972,0.7790032488823733,-0.33905346112943335,-1.24275125035401,1.6021261444629769,0.27994113082726185,109557,93.58,0
0.8353769939022309,-1.3250596328253537,-1.0179145456553433,1.005696591169289,0.39126015523412894,0.5172942368575506,-0.08767944288821511,0.42014783237918407,-0.42591373274249866,0.5095883497780965,104604,15.02,0
0.7908017211789892,-1.2831478026036598,-1.310216393716633,0.735963203722777,-2.426634420831104,-1.8292466620316457,-0.6876557942866617,0.693659634584833,1.3091825362210296,-0.8604658467770981,60891,106.27,0
-0.4989375499619459,0.9610276766199058,0.9111258440443519,0.14791933990914743,-0.8599180661115711,1.0526297396365671,0.666526240531589,-0.34991874381135796,0.46070871290481746,-0.8222556488831234,13695,103.52,0
0.24668314961074406,0.012345457426139817,1.9993772653701014,-0.46845373575239274,-0.19054417393408338,-0.21713309215251053,1.0879791706649606,-0.8076875617602703,-0.9132196754307789,0.921963111767542,6759,13.86,0
0.687692185117782,-0.890608297007585,-0.6321152929396958,0.9613581623133276,-0.8624122658328115,0.7410043595348156,1.0754196875828823,-0.13867742876492925,0.1077043529925493,1.4087682918165256,64885,126.89,0
-0.47695281018462676,3.181175309893891,4.760988871268482,2.478231669749489,1.6372618528878744,1.8827601335458943,0.0771940026551925,1.6571242019480008,2.198333152050701,0.47065431212345166,106140,40.24,1
0.2889166671687069,-0.348772681201302,1.7945630283820548,-0.8628006071763994,-0.17335948710713603,1.1118560895246137,-1.8702547092352513,-1.2631940246292188,-0.5271458072081939,-0.24851873168748714,88137,47.04,0
0.5294134071257222,-0.051342858344969454,0.5377881668730922,1.1671373676115624,0.3013102907138819,-1.495700709517121,0.2910187991442926,1.5195054888578603,-0.0029576785112964176,1.1070667483878684,159019,66.57,0
-1.271855184500885,0.22372415832620401,-1.1964396139469966,1.1266676227918337,1.2911403848681489,-0.039969089151333945,-1.1923837062916716,1.6759827214733976,0.3540701477437834,-2.385454943660475,22836,40.48,0
0.6252119305794656,-1.064537024755998,-0.6232808075946856,-0.39114180865788506,-0.14404050672466737,-1.6686225021652166,-0.12896016732558827,-1.0014517480805143,0.07619570907547965,-0.48163302959320897,39779,100.32,0
-0.06387058512449259,-0.8318869496638158,1.0664335878643247,-1.3373185130328527,0.6996938284365051,-2.2392266212870955,-0.4113219024410036,-1.1937164868787256,1.3948862787334337,-0.43242997889382995,3968,52.17,0
-0.11549887929893475,-0.10497668468466637,-1.5379924435695795,-1.1454889133817834,1.1951007536819613,-0.17895724256595336,0.7092586457278951,-1.0674070700964728,1.0747034916472022,1.043260955942589,7846,116.77,0
0.5807770953297967,0.22938766149245945,1.1399719860629245,0.3129413364899617,0.06763378576780682,1.3787703391491681,0.07948117679836683,-1.5309075246194201,0.3890031784725915,0.3981189930887543,170444,75.66,0
-1.3357205093045694,0.4530611058943021,1.882873676465777,0.33918986912764376,1.2458252940172545,0.2232564188933462,1.1427469082606831,0.1758183071507087,0.40325146444605264,-1.7741942735131664,78428,72.44,0
1.5682064470638322,1.4897222522103726,1.082841997413703,1.0142415707354244,-0.3946883837708456,-0.8286055284755504,-0.26940228412243483,1.272135338147079,-0.43603951823284376,-1.385815335113362,107380,41.32,0
-1.112411471983418,-0.23949863558674636,-0.3143174292336339,-0.9230010404524238,-0.37241455459248757,-0.5988788406423085,1.70369629872484,0.6297800078095046,-2.3583164693427228,-0.8451490874996497,148655,13.03,0
-0.30261975947044656,-0.4945768821616075,-0.9967707518051554,-0.37278571121318677,-1.647386813080978,0.39043344921914314,0.5079789640323182,-1.1409008621810646,0.24030002536060363,0.23312965616261272,122397,46.73,0
1.0224072253604721,-1.0730001540983543,-0.5646464662118963,0.01657968520745772,1.4950162472373718,0.8553035833207868,-1.2374318237642294,-0.49242365645737324,-0.15209864243786073,-0.6623108683043378,143752,40.36,0
0.06798662605108885,0.14054099491804029,-0.4870620378310888,1.1442462581456216,-1.048978285172195,0.006590362234072988,-1.0309039031989309,-1.8170240975486935,0.1432267129082201,-0.23556834746204697,113874,117.18,0
-0.0679802559844049,1.642161691930406,0.4550598569132106,0.41690123908383914,-0.2520137432973516,0.269205798523187,-0.8919008374075167,-0.11112621114219404,1.601434794162049,0.4173679507543039,14032,26.24,0
-0.08344878322659362,-0.6746482181823238,-0.782983895318375,-1.740542764022799,0.21447507229702847,-0.92497409323813,1.5637722411325112,3.305498067237659,-0.8696943863285376,0.618805942645916,70065,17.65,0
1.314807871505905,-0.6772979420670315,1.4257954735772547,1.1441862834731378,0.12205062822910663,2.332306634705884,-0.6319528629317696,1.2724247139137654,-0.2126985104916551,0.9591417712981956,59241,56.0,0
-0.18675813480435263,-0.6531929062291528,-0.560141645187876,0.39021936058413886,0.6045206306008323,1.6351515940171852,-0.8250262863490305,-0.6788259158876885,1.4570635136093826,1.2817317329351634,89658,50.29,0
0.013375812715862578,-0.3461620686346983,-0.4297323349474719,0.8909217105523625,0.8850685466450698,1.7134915557639816,0.4892052860226557,1.5402095411294408,0.9281390644916256,0.6269399508790463,30344,16.31,0
1.997296530747994,0.46761482656768805,1.2282911569331254,2.360137249657536,-0.9631878875400001,0.23121860863232505,-0.39015416111174067,2.1519321985173097,1.9664224338200638,1.2262155455555348,32268,90.56,0
-0.1091451515613345,-0.029831080944547807,-0.6112825370669608,-2.1482086803376363,-0.20789474181160716,-0.060996110773633795,-0.8544936215862284,-1.646331119414162,-0.7364489332625039,-0.2523903870166128,9567,61.98,0
-0.3748414628976096,0.4246844532057544,-0.6349463854615437,0.134169783481213,0.28736103803744467,-0.16888794028147805,0.4986332364495265,0.23213304601401197,0.10182821325178884,-0.9151881944971414,28853,46.67,0
0.8358078963143372,0.2754726109677837,-0.118564152971434,-0.46187926713692123,-0.34676862653340684,-0.055425744393884174,-1.683909861113983,0.7350594517943068,0.45899864779895094,-0.5825630399927341,66955,94.81,0
-0.3314881720972547,0.01932742366738962,0.7280685254317251,0.1579079115198747,0.6622598757704032,-0.46134882729133975,2.0227548128740014,-0.9875308144435018,1.0542262606342057,0.5578941750728678,86003,79.76,0
0.5167028186484662,2.564513318292758,-1.1854716336476838,0.8710031765812385,0.6699280762098667,-0.7150767895851483,0.9919595139646692,0.6126612341642417,-0.3815575490872031,0.31952331215731383,55198,17.53,0
-0.4511753572394145,0.9010788402376559,1.2978464415365516,-0.4400117659560351,0.6266443535564412,-0.8081937873347598,0.7250216447410412,-0.6826454504373479,1.8653805465694553,-1.7862950901309824,139490,54.6,0
-0.30902236519624954,1.642848168853183,-0.897707398975251,0.023309648054958408,0.40046079635107446,0.1655026730243678,-0.3564938602331199,0.43854783400172864,-1.1876873263603505,-0.7530667216073403,81442,137.02,0
0.25508204386775846,-0.7871176352071059,2.167514476562161,-0.8190763278631161,-1.02777017496102,0.30656316661198124,-0.9563153567356495,-0.7260728399795893,-0.43591405729956817,0.5911695706290363,103322,25.85,0
-0.27137649293172456,0.8117590984793583,-0.4517559230728214,0.32774003328524176,0.3960749777694483,-0.7275983327674701,-1.7220796886360101,-0.8927357324984792,1.9010804114372304,-1.0870076408050775,99625,91.73,0
-0.5348113382185579,1.8112676815591198,0.5790939035087382,-0.05861196768966943,0.7501848652146249,0.3568182184639621,-0.5082822652555984,-0.23838055113140877,1.0571152989513986,-1.2388497180684712,158237,50.92,0
-1.2818512477286654,0.0790998205458215,-0.233888192103964,0.632417722130904,-0.7815980186558542,-1.7299036016391465,-1.387120301317997,0.2911735486469627,-1.2102839758581856,-0.658739214842969,125744,52.75,0
-1.8076968597749328,1.054533696542082,-0.1591962345883808,-0.46290972922859297,0.14863838446267308,0.5655634451015591,-1.4156065145619654,0.19699503804657761,0.7394303582035645,-1.1082684821595137,52412,76.7,0
-0.28987561547486984,0.5683113089658791,0.9143041262295727,-1.253808516245133,-0.7746952397482023,-0.055387916044218145,1.4929833932340764,2.389379543657604,-0.7114969946040056,2.257085224825523,164870,59.66,0
-0.23685026450968424,0.07477678913551145,0.6065931575594277,0.12045561841129186,-2.611402151467802,-0.750572109710102,0.9024653174250619,1.1305346951603303,-2.1478314820870046,-0.6245669594479263,171606,121.52,0
-0.8032400919517051,0.9873230940269508,-1.646892482048664,-0.40921770712424965,-0.5800048949645076,-1.683516924610645,0.837631310491192,0.4113808269688882,-0.7976401227997799,0.9919947561905094,99838,116.49,0
0.6587973683661927,0.7633388475315999,0.4003944000457243,-0.9700566384743754,1.708013627256206,-0.3500510149109371,0.047366067349529736,-1.236671731958097,1.5330576602026356,0.5234853351649508,158057,50.83,0
0.23544836830993032,-1.706637306334278,0.7050339974100025,0.7682994886584328,0.4046733549242198,1.5308140265956272,0.12987504139043662,-1.0456836376298675,-0.15049348775938795,1.5932608457846005,160645,75.27,0
1.0684620672442982,-0.2108297133561673,1.3805421907728432,-0.5072702388090342,0.13652178261843076,0.4591582858021184,-0.8567321698297906,-0.300768349222831,0.5031217865091798,0.42821751923618245,17889,82.4,0
0.5461118308924472,0.3514648615819806,-0.7234202716692567,1.3979702415840396,-0.3065742227005878,1.282933808528605,-0.5709813603228443,0.19571087418218253,1.0382189574222174,-0.20861559406963748,14997,84.01,0
-0.35801668807442916,0.7275336936257992,0.5311744436838554,0.17012161715796004,-0.827459855563421,-0.8896638105646044,-0.23161758557185033,1.1392341863148012,-1.4070118058729415,1.8304057767536248,29740,58.19,0
-1.3773156555203674,0.0311784486646287,0.4520216357842265,-0.5864206939592126,-0.2874276948939605,-0.22559636167738192,-1.1448051847633351,1.7006342163564554,-0.04700690267354157,-0.37492975342302265,13878,128.42,0
-0.5108345590530156,-0.09065817573717544,-0.43028472181494387,0.6903310050046153,2.3626175577868724,0.18040414458382917,-0.31600284185911637,1.126879578546892,0.022302291943296134,0.6528153823025257,137324,47.11,0
-0.7535275803573779,0.35971149890410664,-0.35245055222043675,-0.37741003144673896,-0.4214998199625444,-0.3879674663939809,-1.3371602671649832,1.1064324181752578,-0.29797743965861934,-0.5691678488744291,147224,71.88,0
-1.2588064596843365,-0.9123181245536214,0.34336900573481693,-1.5384663450369873,-0.006411752877750488,-1.1072901594818472,-1.527300540426841,1.234202609395989,-0.38230988029898627,-2.1205446801460983,106401,70.82,0
-0.08790648736921473,-0.24067027863572127,1.2540192353327866,0.33047607964326225,-0.5314286860726836,0.46636959051922316,1.2888178459492967,0.506465042834075,-0.7060746802828396,-0.03178468408047098,162170,132.51,0
-0.5794400855816993,1.1799657394575893,1.8560598813167035,-0.43344445795307723,-0.726646839299346,2.034934444479208,0.12770850536989364,0.5674811638447057,0.08760831113161413,2.5461656593850255,162257,1.73,0
-0.038910034786217525,-0.017287442890987742,0.6609710639668241,1.3014497372195053,1.2763835590745916,0.23266250226779953,0.9524516671079557,0.5119742533438816,-1.4488100257494023,-0.5874160655196002,137781,100.11,0
-0.3936374712970443,-0.14397210922113055,-1.871120262824403,-0.631623119941951,0.27174314135090294,-1.3713386919423076,-0.3247443430450993,0.6231634970066948,0.755741237492871,0.6537840261344292,130277,16.47,0
0.7501218121369445,0.5702009039120914,0.009955585720280876,-0.04801235175172841,1.103076666789084,-0.37756817539797416,1.9265862780395655,-0.1224311368557277,-0.6634791774330554,0.23982815423037165,152023,157.06,0
-0.5836803568061814,-0.00791099012472641,-1.7746519368372387,0.41957442140100454,0.1895372681193656,-0.3186547224035695,-0.2652440148535979,0.18422452215326035,0.044925647839215134,-0.6344716096592123,83417,99.79,0
0.8719754997190072,1.5466114107635742,0.07604711755470782,0.29535039662105395,0.9956599530478653,0.9664751638852932,-0.8023451954199485,1.9248921543239772,0.46914495869831296,-0.06643941452728566,74485,33.31,0
0.6108410311366891,-0.626190369125724,0.14699940846258552,0.9177853448957316,0.9247938033643068,-0.04044759933154657,1.1802321425900635,-0.20543229171832253,0.7606966886801599,-0.5176187706140171,48797,58.33,0
-0.038927681167176154,3.7624284141059903,3.56348658849374,3.9719756802728097,3.123353152923504,1.8228031523349588,2.139298015415295,-0.1290874170327445,-0.10321958716415747,3.1332579240887397,39482,12.76,1
1.5217004527369589,-0.5592364333949937,0.18601712243475307,0.4642105948193797,-0.5972251674470368,0.7150223836665484,0.06748769509174689,-1.1844855600758335,-0.767659290649456,-0.7029521217406922,56216,67.35,0
0.25044630026076065,0.3793443491806136,0.15971638439554017,0.6915920176072813,-0.18234879775628526,-0.16201563389323612,-0.14609917289053218,-0.5947465284025433,-1.170002811589546,2.294279574594431,3815,110.39,0
0.4802411525117667,-1.5584172797168765,0.2446226411142813,0.5579510813929365,0.17033645828630078,0.7123617144181911,-0.4809869834013514,0.49965996996099526,-0.10180222245234818,-1.754312531311158,126423,12.63,0
1.0520748860237426,0.3293177319454342,1.2430886075978922,-0.9714433167204711,0.8394003959799484,0.33159987497874316,-0.4722466418870526,0.006427248778486952,-0.13218624816475696,-0.34930985756922917,168944,26.02,0
-1.4051643606769604,-0.9658123191841855,0.5316182008033739,0.08538255970381457,0.1396500464804931,-1.4646816134206393,0.7583925244634881,-1.3894357560623771,0.19083596384853357,0.6061823073893422,168239,131.53,0
-0.4679763133242924,0.7114636515675471,-0.07008380102765632,-0.41662036652411394,1.8504168680581128,1.60640201191153,0.23484648663319696,-0.6548090781688128,0.03280671093190586,0.2314114548020173,101962,6.19,0
0.5428582244775959,-0.23479939411441825,-0.7490248992615429,0.9314991547757419,0.6854393017616939,-0.2833854265160508,0.06135086348836161,0.4506600215776027,0.24405614230076836,-0.08848670474526349,146762,55.86,0
-1.4099697030838758,0.17033877080678794,-0.7062063074902213,0.0370836111498507,0.5060590204930345,1.5279883901618925,-1.3718419901840846,1.3778721449510973,0.5691729932328272,0.2295685571929897,43526,38.71,0
2.4927388666385184,-1.3010944965313112,-1.101207337096929,1.0569722651809352,-1.924461303828756,-2.049596627280386,-0.787231607117387,0.5062821339863407,-1.290835734281498,-0.2875194490533354,115807,123.58,0
1.3011583486520308,0.072573080591019,-0.05330034288490133,0.47188715051180563,-1.5138410413168188,-2.6770761806813215,0.7300920542218385,-0.7637687190018663,0.2062617278415875,0.6630523007869453,13091,2.68,0
-0.040342386534012425,0.24092071245615312,0.08388434784458265,-0.5741590960863729,-1.2190668974550833,-0.14722177787598442,2.5624181022249837,0.32067180040561793,-0.1669350543983701,-0.33703406907489636,4047,48.33,0
-1.0904472525504776,-2.028469418831545,-0.4328818731809713,-0.27404471898259025,0.3093776144974741,-0.6671333860592241,0.5542384154368255,-0.4704067854089067,0.3625106384864715,0.4060918892726456,55106,42.78,0
1.7436218672915653,-0.9476770028423769,-0.2558424571495584,-0.6464385610897172,-0.6810771326794941,-0.2680177499256537,-1.0714763429656193,1.5004669982561014,1.7038147826196066,0.9971994693152364,85903,13.57,0
0.037227836421576635,0.46135011198570613,-0.1033617833189646,0.47705366941820565,1.4960727897653245,-0.31308397450644404,0.15090695692601908,0.8106616002955944,-0.23243168050396884,0.6788680627485494,164799,13.51,0
-0.6940433238576419,-0.6325560363472975,-0.48616419417270906,-0.8611751146591777,1.5416708468091938,0.7531382351203657,1.2017094292909885,-0.30739140774721424,1.3735186548805167,1.0535759956657134,28124,93.32,0
1.4310991655892973,1.1916714356246376,-0.32902869680333263,0.7075597525459859,0.4303912663411953,1.133299712413141,-0.5089316390068872,-0.30636842843656564,-0.9826222991161745,-0.6317810607949308,51438,5.44,0
0.09152643923886121,-0.38847682561821334,-0.6860468571594233,0.7827256668791696,-0.6451357211235694,-0.6351644527132432,2.7969175621793174,-1.0296092037143285,-0.4276766927947394,0.4715717835058393,139219,58.64,0
-2.2757364037217522,-3.131904818744181,0.8419483325326256,-0.7133524477014987,0.9391237655057844,0.1384097544619332,0.8969132266560021,0.11607870051691144,-0.6717769384341885,-0.020251931482286326,139953,57.93,0
0.03000653853094012,-0.440636154386397,-1.1470439041987308,-0.6678831497875924,-1.3063132338003884,-1.695437763689586,-1.80472712783677,-0.004823783895256624,-0.6520193365636839,-0.6109052980059582,99933,181.5,0
2.076980529053753,0.40613725470544,0.5048134304040838,1.9846954572910747,-0.21592678953939803,0.3171774663719027,1.2545526461520247,-0.23645003179603927,-0.46974973646475365,-0.5924940637370354,103183,84.74,0
-0.6221677002542582,-1.0883077930546925,0.5140252049614028,-0.5837620252208241,0.013521426126866038,1.2379467016632417,-0.1064590033798917,-1.8538386190781861,0.33162604644371724,-1.8448443232735796,140181,123.69,0
-0.34284465290983673,-0.814969306666021,0.3066005097858225,-0.584541132831021,1.2080615000880572,0.7549863642896314,-1.3136416840581864,-0.625720155599829,-0.7223247307618578,-0.39460961855307164,100151,55.19,0
-1.0582810508376372,-0.21963115191741533,-1.0581971023420684,-0.9612784223046619,-0.9584387130669897,0.31646590704061195,1.4295496326852777,-0.597917174637081,-0.2660515525759275,-0.6403538151118243,164779,41.64,0
-0.6236006892582127,-0.6611567286136416,-0.3173371147671696,1.174567120747143,-1.0449909606650125,-2.0050776362118348,0.026035062632394888,-0.6106867104366032,-0.5697928095749993,-0.10598656246192509,80250,98.77,0
-0.840156476962528,-0.017597929255638137,-1.3838464938455861,1.2458941822708518,0.8884685559080765,1.126931916660077,1.021189493801152,0.7120748319385211,-1.0942104559833499,0.6859273082492615,19771,0.91,0
-0.9997122286693814,-0.4463651550284352,-1.1180839823267146,-1.5408322683752427,-0.30476045112099215,1.0346436733255826,0.03587737453543161,1.231274159613204,-0.10456949047727164,0.6552013290501952,72729,72.05,0
0.7355830924283736,1.9005402554341098,0.2071379166570812,-0.18476372001034996,1.7978208976376195,-1.8116718979804987,-0.407843624335685,-0.6489351563696003,0.46512551038134387,1.6299595003231206,148802,45.12,0
0.06755548408082447,-1.1463009057286688,0.15906568302668153,0.015909284966284666,-1.4330459872638408,0.9085849510519427,1.3795698455137264,0.5444224477682887,0.440918822929475,0.36127707993035124,35377,107.96,0
0.9711390068229115,-0.2587263863874374,0.7103091519665778,2.430303102733281,-1.683128413046274,0.6385295042598844,-1.9052124638307364,-0.9188319853984771,-1.0121939693019963,0.017721836356367815,51812,118.01,0
-0.3920397958707315,1.6247850398997947,0.12323323015154566,-0.5733338509671676,0.1767843873458247,-0.9671762861318086,-0.47971439632112517,0.3977810993531105,1.2398817684438883,0.041103373634314384,37939,75.3,0
0.6505927878247011,-0.17376238936216024,1.6419301758536977,0.2565685034811911,1.0227104158188787,-0.839697497429398,0.571304953436236,-0.912271397808984,-0.06712848462769042,0.5314754975299784,159274,25.07,0
0.8780585789081998,1.9087903584569665,-0.953447490060409,-0.9011856506097037,-0.20767196400660862,0.8753557474700663,1.3835541306512373,0.9588997294172601,-0.24104162959350006,-1.37775170053477,44912,104.67,0
0.4698249232049664,0.7863236682915793,1.2874622638484718,0.11876379683361804,-0.0011258993966320049,0.5725486234558245,-1.693070064351189,-0.13767866436008275,-0.6848072969311961,-0.6622629114543308,166671,58.21,0
-0.040762526135434025,0.5036502875240538,-0.411551694957522,-0.09093440243741396,0.22748348684137715,0.7454202827142047,-1.3973485088613788,-0.7347755893512617,-0.7877957562307373,1.6529113448346369,151037,57.49,0
0.46617766219731077,0.8680664988511725,-0.4367716067785833,-0.9612142204538527,1.1645429650435348,0.5906176822183752,1.108648119944049,-0.3271377095978294,-0.892078395238444,0.634909306423201,54013,122.81,0
2.1420003283527214,3.831824670795708,4.250591922338915,4.3096981037023685,2.750311999210214,2.6366213545563117,3.012484655193701,1.418941840940091,3.1774256758153863,0.01697773763059285,152546,130.3,1
0.009552286256846456,-0.13279645294065934,0.09826706011048876,0.5718902461775794,-0.8375569780252101,-1.2531110605943185,-1.106161869612987,0.1709910769250503,-0.23298333892993134,0.541302577445402,163343,27.99,0
-0.39954894158842846,-0.4183850696159234,-0.7897623234133629,-1.7377511434814747,-0.21939860971382405,0.7408964952471109,-0.213844545396523,0.10374664265323452,0.03895177893839231,0.4531734810192654,33701,74.94,0
0.4539956314469589,1.7727899230910438,-0.07335479457677492,-1.020406756088811,0.5330342849825213,0.5344969948855168,-0.5951903587280902,-0.17421868053189116,0.07730752508065647,-0.2127673436256083,93059,45.98,0
-1.4711152343848903,-0.41167611233906165,0.011391812500477263,-0.6814223058812449,0.28097720683042815,0.4894045501614445,0.6369031574574684,-0.10004559013353101,-0.9972366680214746,-2.0327933479913662,120217,105.98,0
0.1697065451428121,0.48030781722418714,-0.686096642740802,-2.0896834109219373,-2.4819671826662524,1.795651198335153,-0.16256800969280905,-1.9093314775874923,-0.22132181421032843,0.14045317651239536,41540,35.09,0
1.2260339099106798,1.2251614550998557,0.8693254268826153,0.19634896406205754,-1.364419923885355,0.850358892014213,-0.15116736898262964,1.2099372215357787,1.0691260562901375,-0.14178232356199208,143663,29.69,0
1.2935099684593703,-0.020094548375796818,0.4647788621005251,0.6665448931710057,-1.0897685321092294,2.465858757153896,0.4214201220404958,0.15459430706745944,-0.39621549336812084,-0.999612030325955,91743,56.63,0
0.36345433783907316,0.7609455258811165,1.6734339812709018,0.8781519119238236,1.6861729857461807,1.2444801504497913,-1.6522666732579177,-1.681827384402176,0.6015581832740385,-1.02757871528769,139580,118.87,0
-1.25738247498137,0.48117408867453765,-1.1103440262976154,0.764900555268261,1.374739965069977,0.08154115441122696,2.2402515447315063,-1.5884544918435681,-0.6848327898876354,1.0108907230112403,42082,53.03,0
1.3082466068799101,0.346680748743709,0.3206019563548599,0.7726835180321313,1.8925681958060077,-0.9168390970588787,-2.193509802317951,-0.6113323730472958,-0.16277648971472744,-2.0045727701448266,111073,27.86,0
-0.4083886272547264,-1.1021370292635242,-1.2377258082972784,-0.5998410749932962,-1.0426535822967138,0.13343615783469404,-0.9940911769539187,-2.1303902027093113,0.7054801648540101,-0.8837627502825991,96132,116.99,0
-0.051197111816596905,-0.3483843510623214,-0.06470859490977714,0.89520582888624,-0.2852504325979089,-0.4174806637727649,-0.8405122889667441,-0.14812829208209022,-0.71539345572387,0.02020123213090838,147392,49.53,0
-1.1849437664170246,0.45601218210912847,-0.19837994259859598,0.7707320674529213,0.4172244544195296,-0.8241933387090763,-0.6994556655927968,-0.02178270247418261,-0.4226587611088901,-0.7377630176965518,61376,104.23,0
0.7504511958064572,0.2733212565368742,1.2158293597470884,-1.2407559440975204,-0.3482412012537256,-0.05803200641519668,-0.4326501646030613,-0.7366126689041331,1.8043912715721608,0.016242933363579327,156263,54.87,0
-1.4220517661401326,-0.5289250591457441,-3.025724901882585,-1.3065758665745653,1.9932329695046769,1.0225139587556902,1.121287544541681,-0.16763410164223533,1.509480198314607,-0.8752322021002023,75740,66.88,0
-1.019584508167443,-1.3427539492825105,-1.2174768528621063,-2.129418906638421,-1.0017020643727599,-1.1520991608692803,0.7327147644273906,0.6432121633028065,-1.6848861731077398,0.5281278705764487,48699,81.06,0
0.9689978702758579,0.024549832403988035,1.4705737392246134,1.1652031584608995,1.495294669189022,-1.0607169131291252,0.3096639066117773,-0.15040521460614562,0.9436359734267789,1.8323704847435731,49490,27.59,0
-0.2820290477899447,-0.6886720403226348,-0.007113751303377705,0.8260148974954985,0.9816556346188225,0.09139228170168794,2.6700310384744697,-0.9218966804693111,-0.306332574273596,-0.27221657188675374,58379,55.32,0
0.32084964632460716,-0.18822252129193043,1.59455950783833,-0.40177953771044195,-0.7652066232685705,0.9814952700507851,-0.44839727609409435,0.5398393227570869,0.8771742708931943,-0.9876760491894904,91255,16.61,0
-1.3468025487795656,0.11676008787256639,-1.14725942324315,-2.1020398359898294,0.6026979998756027,-0.6056830651871992,-0.8317834518578197,-0.5146511130489596,-0.2981383209397598,0.3568135769333382,104057,64.31,0
-2.917159880697066,-0.15355032217003803,0.4433052412560076,2.5910621679123693,-0.24003009921924026,-0.8213543152188554,0.6971048720733348,-0.0044036676660210395,-1.1116535385492778,2.3143882946328036,138379,69.15,0
0.10192588737265744,-1.8082375550040173,-0.5125448776777309,-0.6775147397704298,-0.9327832660300539,0.3381085047120181,-0.6913319246675488,-1.8522043253028535,-0.4788722017984357,0.45551958402510356,61987,61.31,0
1.3638503249326897,-0.06516161814069105,-0.5580869998134319,0.28729684408256784,2.3433571725871025,0.16169739159877825,0.13992522099692056,1.2674941456650997,-0.825692295722023,1.9798879628191401,57159,78.84,0
-0.8812384474360504,-0.6617235981881447,0.3037318308394069,-0.5928627292796731,0.1585724098120643,1.4071936415148125,-1.3356771456393552,0.4641736516298852,0.5828094107173714,0.32336860954899094,47703,45.17,0
-0.31967121635730134,-0.541600301433921,0.5553949074423146,1.646005326987786,-0.009298600891814125,1.4718525786825125,-0.3157479626012159,-1.2463770503396547,0.4002606835074461,0.03897112531001422,74645,51.06,0
-1.4217620690471156,-0.7804541245086651,-0.2792342453730181,0.33465237796530783,0.5684701636794856,-1.6726971933480528,-0.03382021197826835,-0.15460259666529338,-0.28286276454679254,-0.5270126243074492,13805,11.75,0
0.5098207077761179,0.20336452469571042,-0.6977045706377453,0.9878938809484459,0.7323098019889315,-0.10993697641829091,0.5403989430107602,-0.002433635073523612,0.0944282238661503,-0.09586895448384825,96199,73.82,0
0.30558019190248,-1.706096940217759,-0.47129437903039967,-0.0541548642225358,-0.3232220089869004,-2.0720172224884648,2.280933975912983,0.5580810961836272,0.46391383049082485,0.3037524750317154,116046,65.63,0
-0.16955071570044408,-0.2135874578832405,-0.12223610130759316,1.3970313748793493,-0.5740426834093202,-1.0169906275034755,-0.3298243212352586,1.0466782144776707,0.0057786652562802805,-0.6550131587666007,108328,164.72,0
0.33154169513369264,-1.209121304680956,1.0889630273849873,0.11602839728687098,1.1833798847028856,0.2856783753269752,0.8974352077534063,-0.10051845689141516,1.9415892214619344,0.3089636352426564,97248,27.85,0
-1.8618451532425115,0.7580799869400913,0.7614664151889905,0.27297324412425716,-0.12098674758908495,0.023585433883416867,0.1445402876332783,0.46970470980513906,-0.06704739309822098,1.4020359370016018,141101,119.92,0
1.2357828929941415,1.5209537333910634,2.1541982333569365,-0.43626174714740623,0.7868502461181258,0.37250363861786434,-1.4177166437598636,0.663569941859158,-0.9559666706795413,0.12800519508405128,100939,39.72,0
-0.9158234772964378,-0.26751252191525826,-0.06700793646808344,-0.8279199876821015,-0.006120647281855993,-1.9997291473456924,-0.9910068910191485,1.3575917467865382,2.1474451670879215,1.1856245375433752,53281,83.13,0
-0.24682379551158573,1.6966917372324548,-0.9797886719978697,-1.9944251417501968,0.23820002478458924,-0.08871303071203462,-0.17554968385712433,2.062888339767829,1.1123977427686944,-0.46746584626883064,138407,71.24,0
-1.5156919215134717,2.80446249273608,0.4621756227502112,0.6207157307197384,-0.8406610322876337,1.309872622866183,-1.410655101537971,0.013353032704086863,-1.2579738347145055,1.076136456497093,54740,77.13,0
0.19526303147977275,0.10140003340525669,0.9843026554775617,0.9546925060562871,-1.8044024227798658,1.0585419084637493,1.0038419504114928,1.5297758630635638,-1.00906259510908,-0.67022226052613,140370,57.56,0
0.37797099799469847,0.46114639135983565,-0.40731391730428035,-0.2653633731153731,-0.20018671773817698,-1.0458761406894284,-1.2377653009982292,0.4186700383823918,0.2541724155957768,-0.8333240926960658,44862,114.85,0
1.359220600295612,-2.650223547298176,0.9595460626447856,-0.20387064163619242,-1.56843644821996,1.0376098114216656,0.6227502650625915,-1.1084223058384672,-0.9090588977102657,-1.7642589329784073,54004,112.98,0
0.9083932972673044,3.1018858037448633,1.1309744278062708,-2.3527523062815763,-0.09812873883595526,-0.5285904578303546,2.153003231846537,1.273635689430338,-0.1482464298639765,0.7642895421482333,139215,4.16,0
-0.37077816946206166,0.4607420101184635,0.41102266754258043,0.2827797442883831,-1.0068016328441245,-1.3653476647851506,0.8685300090840632,0.4709681787827312,0.6255119011675628,-1.6293105786856412,171735,6.37,0
-0.4083331628266692,1.30473169982152,0.3441502161918585,-1.6377500331815378,-1.4639446542350316,1.331361192415246,0.28101190322012104,1.1782202031906055,0.4137976196972815,0.7776498999572563,86949,96.31,0
1.3095256365144003,-2.192539841204418,-0.5963920497834372,-0.058072979339253566,0.2743801437775672,2.125704035082167,-1.1075035674330105,1.0222268248278585,-0.933026523634666,0.8084196603710639,23242,77.75,0
0.9674662729250108,1.6278539686940638,1.6774193600142666,-1.8739165168350838,0.5560374413464144,-0.20842787529097462,1.4861883692433777,1.0353845870457408,1.6532088234175069,-0.1538844511629835,158422,48.03,0
0.4597059550149875,-0.14007544122496063,1.7402664273608581,0.2369646640681163,0.0679268250947688,0.41671981978507205,-0.6752653402592256,-1.300142185496329,3.7191514806707002,-0.8899790619741711,37188,68.67,0
-0.1322286565311721,1.9769753681131799,-0.7493957809147662,-0.5887735203757009,1.619187452322385,1.219623074205644,1.088378824590465,1.253087200548664,0.22701307148516015,-0.1662951391585652,34403,117.34,0
0.5530767870252449,1.251109482312179,0.501643299027259,-0.9233818741618439,0.8005802914488231,1.4382466069308903,0.07189206863294748,-0.6590749074553488,-1.5456143361879546,-0.20980753890192058,24411,132.01,0
0.046309964794139964,0.3085133646132903,-0.30072563218375337,0.2285383334114134,0.6789134576286263,-0.2510032514224835,-0.236207681074793,-0.8312527617665606,-0.3358654507096486,-0.90382224785308,54905,103.58,0
-0.7981533577548339,1.3050104888464247,-0.38129340738009276,-0.3337508612381163,-0.09919612008756219,-1.3370016514874539,1.2598468364725863,-0.7378534140418211,0.5766801345739193,-0.03465680669531441,55036,73.5,0
-0.0019184000090541567,-0.2247317542133216,-0.267070538383089,-1.8352817974361126,0.9882723359171489,-0.2016212982242847,2.686135606372313,1.5653448972236796,-0.3398178837340391,1.9325459485875578,139899,1.01,0
4.577203934547469,2.6239984827247316,1.8584410374126537,3.895097138827831,3.419213516902003,1.7170238437469802,2.5949014789104856,2.148273960449849,5.031402665727149,3.153145472968232,12261,301.41,1
-0.9234797799333037,-0.1565385777150951,0.26679184579466836,-0.8189835280507342,-0.9009733698903111,0.03673098437154982,0.973080428965212,0.3462720202385652,-1.3167550769965837,-0.6139704946027646,65352,75.24,0
-0.10972745169429012,-0.4881087753386017,-1.5519861531260863,-1.5413776024637658,-0.6433417016248717,0.6934058862266377,0.45061252454172385,0.3194062551291095,0.5699304674287601,-0.33959099383399427,76741,87.61,0
0.5300647056014667,-1.0140691928852794,-1.1437157779742886,-0.3945514938829501,1.1684889308284685,0.3000386190591678,0.9078300952594937,2.6555130487193583,0.05428775426418736,1.4645379897484432,107903,89.42,0
-0.8288751628002715,-0.1980331984389014,0.1558250696402078,-0.4143711519312114,2.103679888730786,-0.11753082218517352,0.439786020145902,0.5175788540590545,0.5180522441060428,-0.07006519740813667,113606,65.98,0
1.0491736214413494,0.7253240631466256,-0.6021420806396302,-0.8282603955941573,-1.0241205675886709,-0.059260072319601446,-0.3275010668261888,-0.3502431728766559,0.5053659279210636,0.28099146749076054,51157,105.27,0
0.47469708846320197,-1.6553725039871847,0.2144540879360341,-0.17758006980172836,2.173486336893375,0.29558276677738937,0.2166165494428912,0.7730242482628913,-0.8016290104085769,-0.5725846135568161,104465,107.0,0
1.471491972993157,-0.8656981808817654,-0.4180746289811456,1.1986721970633665,0.5047837624854907,-1.7722351317102942,0.4020907072104692,2.0804794415203647,0.35472041603607496,-0.14792954257265056,106251,32.82,0
-0.8108889438085887,0.5906430799968742,-0.7372841495408139,0.656482687487599,1.3916837734001126,-0.38777291541602826,-1.627688655899668,0.1890655306673216,-0.9225368566964205,-1.6442712976953375,16388,11.52,0
-0.41535726017968533,-1.8410361672928455,-0.1217444571109134,1.045407615324468,-2.3304759565474984,-0.24096232837912,0.44745545822012905,0.8264557833556458,-1.5153474489756464,-0.423908441726734,60538,61.18,0
0.5559120312994426,-0.7701280826406874,-0.490387609763513,0.24455046298816424,-1.0398655057795423,-0.10235295683451828,-1.227768005895328,0.5251794274872086,-0.43401681944676307,0.6769261333226684,107621,79.58,0
-0.3969138412377916,0.3898067205385225,2.087714036295154,-1.0390639415988954,0.7623506609519703,-1.2480090035788647,1.5709611855539878,1.9614414367255613,1.2339592386706628,0.44573188436300026,4948,1.27,0
1.3684693937651298,-0.017528248282177424,-0.07387276754109584,0.22721993709877608,-0.5668085471070716,2.0606822250493186,-0.15914773147401648,2.202669817231093,-0.26681650090796677,1.078985871339564,47484,0.24,0
-0.8608416785235702,-0.6986324146624537,0.46903588674608915,-0.7882831507849641,-0.3436754856144842,-1.1746344769133745,-0.33735095423623346,0.5228315960154524,0.16712466459807623,-0.9965944762906541,80586,67.06,0
0.7668672933290608,-0.7325040553239491,-0.10238148004878078,0.07899296760840173,0.23014544405437465,-1.117802175304829,-0.43964466607191177,0.0363729105053298,-0.3631449908286577,0.8853134498001476,161421,34.51,0
-0.04009491210443619,1.27776636359166,0.5876755379628518,0.8968364798558827,0.3122004566335367,0.7062803350312943,0.9682986234000286,-2.2132533906734295,0.2076857045862231,-0.3005841290758589,139031,87.44,0
0.6087614722244398,-0.24987225908555988,1.503201414030688,1.2959643790285733,-0.7524596041529804,-0.5038587954843133,0.11085260207313039,0.720727779316181,-1.4495709370743604,-0.8949351599129518,123918,19.72,0
-1.188880153597605,0.7558215041883719,0.4656647022783544,0.690250134575882,0.30287891642949083,-1.7260235717651908,0.9534108426429804,0.6396772687485669,0.9965000652290501,0.48229377891735553,66125,45.05,0
1.0127158178198286,-0.47760229333317933,0.25916987295008204,0.335139949282455,-0.20756736483918675,-0.32555586261277647,-0.8600811694237297,0.026757059638855735,-1.7425113998895798,1.269433027079119,38762,55.86,0
0.10093679173515462,-0.04898648806095168,-1.1136371556510056,-0.6806688772498428,-1.2202136754345188,0.6235113296280919,0.4656105876591193,-0.9367607985026886,-0.6060871098173184,0.21551415744960145,123971,73.35,0
-0.8760594641105784,0.6631123810657311,-1.3477897501805605,-1.0013677583425795,0.48078018310931514,-0.41259837179269887,1.7232088486329806,-0.36778818378256706,2.4960279472917755,1.2317427051599734,147469,36.58,0
0.07201764191705222,0.5851394574610765,1.182724860717409,0.17405224004204453,-1.0045621448299802,0.22021305414542847,0.11680616724553612,-1.367363064264467,0.046859270743957675,0.88764809876355,67616,39.34,0
0.316494261673308,-1.0827068222868157,0.45940555334208416,1.340056614746298,0.2993077162033172,-0.9253267660723773,-1.4045178925715587,-1.139837628401826,-2.474215711695459,-0.46329971269721026,122524,114.29,0
-2.320356012386145,0.7161957397126754,1.1665671351039588,-0.7569122243044928,-1.4422167621086202,-0.9609654939539469,2.1102368511391236,0.5132332210027108,-0.39254430811883756,-1.4068103072171907,106358,5.49,0
2.2981455767974213,3.8432594362814467,4.040271763705089,3.6002973477899314,1.4040936979703265,5.554642368089373,2.2380365158061846,2.782006463171934,0.9692953473587738,0.36023289967289696,59874,152.36,1
2.129247112028298,0.22213224254945177,0.15241546155875524,-0.22964024379783995,2.4982112022383007,1.0118492412629496,-0.7393328907175372,0.8290616210133757,0.09700878698615982,0.0338794045681714,155889,0.38,0
0.8542398605768328,0.6731616050414675,1.2526905970400914,-0.5287657574033869,-0.21916230249965762,3.3274722864299457,-1.2732432236470463,-0.9440023714105571,0.2774085575280851,2.5196628287134426,5363,71.51,0
1.0638515327343585,0.2576957212765554,0.2032003381006422,-0.9548846113074869,1.0690395916289455,2.0864965834732474,-1.6766867924324076,-0.09950626104837888,-0.028903264844326808,0.840200991637328,135587,12.2,0
0.659484214251896,1.4399431391006616,0.5509822859456703,-1.4951440475767068,-1.083670780277368,0.044763420933796275,0.59764792013114,0.5068571116919247,-0.19187040417668064,-0.894064893437138,39037,7.35,0
-1.123971762429434,-0.07258694730721668,0.3055310087564156,-1.0687710980855205,0.7634296075766009,0.7311833285170073,1.89556887770998,0.896117667120943,0.37191717711864786,-1.732123669960454,170773,0.03,0
-2.085028296679878,-0.12607553636990937,0.7900827124457142,0.19803916024073265,-0.21163314337268058,1.2040390578428064,1.0246467407122566,1.9474904481245392,0.13544340581940512,-1.4537476972317729,49437,59.67,0
-0.5039577414106104,-0.03976223142817396,0.5313834084705529,0.0795862448327303,0.47040396819456276,0.3264262129200396,-1.615061349113567,-0.586094461581652,-0.10758574061931014,-0.9269509125878089,153827,73.44,0
1.1903057035101177,0.5280186796945225,0.4328269047934368,-0.9403723024357035,-0.04472025506925951,-0.510294747819768,0.19175005442809046,-0.37567098099223445,-0.6672047949160059,1.1827918655439706,165970,0.59,0
0.853232662869076,-0.019704855845401752,-0.41142688862626897,0.910394719818091,-0.1093575047678297,-0.6523808099913859,-1.6828563380795754,2.119736788624562,-0.17469193912868208,0.6016443453620908,172356,72.14,0
1.427916031776563,1.6232865068573044,4.454897826176422,0.16885310643713014,4.720307448154742,0.894272035843608,1.0868308746734834,1.7367932716526993,2.27873217980108,1.328715256166582,94350,441.31,1
0.09235403825445808,-0.31090667207257267,0.34831009854087963,0.7035804460577602,-1.094559235058568,-1.0291419540840099,-0.12906162562737494,0.13324065597104803,-0.2781199784979977,-0.2996431684052626,55371,3.73,0
-0.31163943394972,0.20523109170297799,0.16471726997003286,-0.4942172969019316,0.4883540951064767,-0.7700567096316285,-0.02551562678531521,0.36797091938043885,0.026258269909864157,-1.1793224652714636,145780,119.58,0
-0.36824895678803055,-0.2677108270474744,-0.6694572132105483,0.6595974105942919,2.2701932776422518,-1.4589867321496075,-0.6843274930659206,-0.8212623254558374,-0.9422147032057777,-0.5170795735981162,157325,104.31,0
-0.1591848713800608,0.021198643512365802,-0.770866172095378,-0.29759143022032863,0.6335370750645821,-0.9928320278055999,0.5567567297132284,0.19371981997959664,2.222678339488907,-1.4533955196225623,107785,97.38,0
-1.6198719943917699,0.8132576787196394,-0.5566683589100853,1.7373499067825362,1.7447404859785316,0.38103736705546165,1.2465664093979574,-1.2250086973127972,1.1597596104959493,0.5794982569971204,23717,84.44,0
1.1774118889776937,0.3262989434315609,-1.2942799496263389,1.222376262666128,-0.42934782527292964,-0.05079167799560296,0.4021392786085712,-1.835400548731546,-0.8203759401715388,-1.7775315230298434,121235,38.25,0
-0.26307342445635284,0.01192953319656672,-0.8140102948787449,0.6152545203329556,0.020698190262425645,0.8429207452769032,-0.830048505589191,1.0291060832220358,1.3235333724027314,1.4750670083246924,61271,67.34,0
-0.5932201848703592,0.1609421366160508,-0.8858612163807086,0.01851841527332736,0.05899479065320935,-0.6702412395388759,0.8865456143437245,-1.9819329236065346,-0.333299760100545,-0.13371834763313442,62616,132.24,0
-0.726994372407347,-1.4278336329133157,-0.816259811057028,-0.08648712101008141,-0.07751777776448186,-0.8518303411963781,-1.5039479941699165,0.08305676139963457,0.634825212667178,-1.772537341846545,84726,169.46,0
-0.8592924628832382,-0.11304037087138435,1.1547321025451627,-0.12570945971872444,0.8981318530103427,0.7422492039950045,-0.1758374021437915,1.6046623975584597,0.25761326004933066,-1.6824452319268726,152576,97.01,0
0.3632630792475308,-0.5581517858957178,-0.9869192077450982,0.815214056987588,0.02554020839024015,-0.7253972711423414,-0.038534099961575224,-0.8398138225664181,-0.714338102016471,-0.365031578615258,1558,7.68,0
-0.7841422934704089,-0.5467784222642238,-1.5736380959020388,-1.1990180913983586,-0.6999453350839511,1.5584778048903218,0.3403425659160639,0.3823550409214328,0.7470859935275763,-0.5011298842014649,152381,146.77,0
-0.31304228592620537,1.8624921720523726,-2.2833443446245267,1.4111196951636316,2.1073178997820166,0.41724988383238715,-0.2283380404307892,-0.42994800737373934,3.15433394861123,1.188979394116803,51280,67.97,0
-1.0585360819784093,-0.5963716676367777,-0.5143890198220461,0.6465257458594902,-0.577660814366683,0.5271808107719738,-0.4425970401709636,-1.2352820261781197,-0.8250949229095947,-1.3852590632590096,131319,53.26,0
-0.41092723083373717,-1.417008913102986,0.4181813615867647,0.5934570713186816,-0.2746598848076422,-0.35074104034384945,0.34527046476055406,-1.2775441638102956,2.5709519217185655,-0.7086424001234951,162589,133.09,0
1.9337934851881868,1.412607900636232,-1.8634231484728845,-0.6930143244648528,0.5092295383162215,-0.9264389539276121,-1.4706741464213928,0.0009888933750404464,1.327569794207683,-1.3132151496700228,89165,65.11,0
-1.711473159730459,0.21893884707163588,1.0460323325513625,-0.15727664313061587,0.602155438090083,0.09996011982302666,-1.0265820773981216,1.1400115630792627,1.195664870895641,-0.0624093202034352,145023,68.52,0
0.003108550185636745,-1.4226286487497493,-1.9712273940443676,0.41332662348549737,-0.8389144640158145,0.9585187329102928,-0.8261242435799611,1.429956522045134,1.120508088019221,0.9165040056973114,108944,131.69,0
-0.06619263268876116,-0.022273278634465647,0.4138409341418349,-0.384005284344807,0.8749100602756985,-0.5796663615532783,-1.2449522480086155,0.5192892810931562,2.3322807627847513,0.18683309002819617,68021,79.08,0
-0.8002116966018503,-0.060314253113753484,1.0490704183772468,-0.7094928690977791,-0.8222230412277458,0.7055094812835387,-0.692153396386862,0.3537452429838336,-0.24768242071085064,-0.8774944675492429,130775,49.9,0
0.11912392936627762,1.4442503964023794,1.6592156871665222,-1.3582450728945377,-0.22029290001808802,-0.42353980518075196,-1.3929803726500403,-0.10672825674646987,1.6809126132855228,-2.028532674622411,99400,17.47,0
-0.8065989043073726,-0.5508169173337938,0.09560280789395026,0.886150952983273,-1.923367276473013,-0.2871276299154687,-0.3027119043169736,-1.8215123358138556,-1.5326541814836183,0.3439785764752082,115013,22.91,0
-1.2863933350836971,0.8067798305481017,-0.18615380745413765,-0.5774750209209021,0.7930218866509193,-0.7920988290577884,1.8905775277844614,1.4778738705793544,-0.5695672828022663,-1.6927067236488986,156599,43.77,0
0.19677609665695725,-0.4655867795886001,1.159096444094184,0.6769062648978187,-1.5026809519567987,1.5672280636879041,0.38509530353024485,-0.3152612039224809,1.3652173398339813,1.214259187442175,51258,59.16,0
0.30962008190916684,-0.38583877461162164,1.6137508482389997,-2.004143883513601,0.35003032626175484,2.146544792323574,-0.3499028956417454,0.02083462543585792,1.3988119343501626,1.2876473031527012,28919,104.49,0
-2.32709979694531,-0.09534783849605591,1.7951044657368305,-0.9661825662381481,0.7557366499929544,-1.326914170992258,-0.886995146681884,-0.9492990987223658,0.7019112394507135,-1.2153923636820976,128138,24.02,0
0.9956348061178324,-1.3841234270085299,0.0065861560995518365,0.24751285580509758,0.8330599476100415,0.9919319635212448,0.15382160591500038,-2.2662126433002143,0.6813064613122654,1.5170987471282686,146692,74.83,0
-1.5948752640156,0.5748919179139307,-0.3371462378872101,1.4799936990975222,0.42705554324524786,1.1252343711635084,0.13596315669708497,-0.10707955856192525,-0.8906858046548616,-0.7896919146269279,47800,82.33,0
0.2825869829192965,-0.32153578465392746,1.3109383498864404,1.9583262728115163,0.450157318950846,-2.135824417011362,-0.06630492879003086,0.0037522669906070805,-0.5721224805284093,-1.5984083214456843,94476,0.76,0
0.03091727803269891,-0.45261893965394406,0.20416786745252327,-1.8367337688213456,-0.08714486150098782,-0.08729830906975687,0.08425695926466475,0.9874646340897538,0.836919302527511,1.5504732935887657,140428,48.95,0
-2.7496760196305754,0.6403023676657362,-0.36958042683042985,1.2994929467204897,-0.1060667673388657,-0.5884572179411017,-0.012762408508797712,1.7693571651128563,0.9559568716241071,0.8729712496846948,26993,18.39,0
0.3135138474501953,1.382872239040734,-1.0495748265349563,0.10801180453431738,0.2832297772433627,0.7035974159716445,1.0200953180453802,-0.4595209809131707,1.2450466404826634,-0.2781337032854542,11845,89.54,0
-1.040586052512433,-0.6982526968628611,-0.1855886782040505,0.8576614951660694,-1.0500414414445323,-0.5857882168073019,-1.8316789397250854,-1.0598324466166464,-0.427782865986394,-0.3353415808113197,118137,70.51,0
0.03278209287626079,0.5773327417846801,1.2754789857745101,0.7632825464756129,0.20702012827981786,0.2240870122288612,0.6738647663719264,0.10902742134336145,-1.3156526545452474,0.13733768301037183,40582,22.2,0
-2.310103436632644,0.1823892147238758,-0.3600083573099114,-1.8379746392092586,0.6946091343955793,1.956977313248455,-1.273200524032053,0.027257632826938362,0.8940175899056345,0.4500609550258328,96443,150.19,0
0.1855133065847436,0.1659553149020513,0.43390415305960467,-1.6176451708508919,-0.29570409049575697,0.461532484257878,-1.4504018803155287,1.9066187707246574,-2.2774756018260125,-2.7977233803284016,2151,99.76,0
0.93263884299112,-0.2690304842606603,-0.011910850885818457,0.30462903401834257,0.027604896838708655,0.3797966951356056,-0.7032026676512164,-1.0650895712542021,-0.145805254771309,0.8332551571553347,142004,92.14,0
-1.5819525174378992,1.0748401757026071,-0.4189765033168905,0.7852914527418813,-0.13220643789951475,-0.6587673126308056,-0.41046914376758964,-1.4170889179886805,-0.4066888698088336,-0.2407508677376422,84252,82.05,0
-0.013646791795296761,0.42644741619827503,-1.3453952633576904,-1.251079240068953,0.2668306032897393,0.2785599881738056,1.018073841563032,0.5978158792398196,-0.715241788098103,-0.5252483343192758,163592,28.45,0
0.6774013686923024,-1.1241405181643607,-0.5643391190667296,2.2611735286081216,-1.936218413430874,0.4009953790083626,1.2210468021512841,0.17425903692465192,1.9108888805514423,-1.1177160152869676,74932,114.54,0
-0.9505362071857422,-0.21556337466258174,1.9280728302178118,-0.2593885144687406,-0.8164120770682125,-0.8837792884193246,0.21020019004024018,0.24439185860744117,-0.2107071167128448,-0.49852899052781885,50710,137.85,0
0.6568185267201376,-1.5029410872472406,1.2852236169217952,-0.6370699550048425,-0.4308181540440489,-2.2987631167790927,-0.5791918722340145,-1.0426262865350366,-0.9755208750058288,0.6232006370492372,83393,82.65,0
0.1399243120391134,2.489254169023358,-0.18236095930279028,0.20508007954413482,0.7056625547307366,-0.9379343492107619,-0.3966492766243261,-1.0798347766103733,1.8367991795933583,-0.5421050385119961,134059,9.23,0
-0.7576117245422473,0.5679043134945333,0.7924011323904032,-0.28733741800046864,-0.08516918775752377,0.42912527721708443,0.1569124622693901,-0.9655981955363109,0.17650573046074605,-1.3290523957756977,124557,37.08,0
-1.105835182152118,-1.7502154648460704,-1.144872725633846,0.023483666682274893,0.5722871836498988,0.9319481902725107,1.787814129366981,0.5030617517382614,1.2918605074542266,0.7888353326499277,158595,8.32,0
-1.1522488412767675,0.010575205529075074,0.477449604124605,1.3974201521625687,-0.5099488133780679,-0.7282444334917635,0.8510542877251781,0.7203391783286083,-1.21672450428087,-1.4371580895433045,99259,70.42,0
0.7825588257151592,0.3920621165837422,-0.9201543513715253,-0.3450271240809377,-1.987376500973498,-0.6753404364360706,0.1497887405794813,-0.28264313952563963,0.902272101124861,0.07579007975343713,93091,91.28,0
0.4003099083096733,-0.4901961134780198,-2.136013549439347,0.6836175165509342,-0.5755580049495391,-0.7841241436436474,-0.19184598017954668,0.5530151824456233,0.29130438282947957,-1.2313917986140066,153297,87.8,0
-0.28073340085071186,0.6408941585421234,-0.6356670094972448,0.6830370831217859,-0.6078007906051546,-0.30482415145357433,-0.47700880850442584,0.19201199223521226,0.9573123264462967,0.4319010016840547,20115,8.38,0
1.9975141778047627,0.17111389853127063,-0.03262702250890829,-1.2373351450799965,-1.0629667923878823,2.3901359098825514,-1.074605523091488,1.0207613428086477,-0.6594385477689149,0.6875466012068657,125724,132.99,0
-0.7745100615133954,0.3881369233081794,-0.2609346233953191,0.2901344984230279,-0.7717100009985014,1.4197377702319631,-1.0300195709989879,-0.6627904683534325,-0.46369085550502415,0.7617249993890395,62926,75.22,0
0.05165171444731515,-1.883874961937163,-0.35460901581739546,-1.091030338173488,1.5217889732357095,-0.010838006888295178,-0.1767585043518301,0.831087034775884,0.8956446182132107,-0.46898550544876505,9302,33.19,0
1.1553120361066962,0.029039571505291815,-1.553517542245307,-0.3915268436517085,-1.2941673502800466,-0.630096707424706,-0.3215701682136016,0.06507906809798011,0.15582099031392233,-1.8309991921565574,72157,1.17,0
1.0027578253046041,1.3798323297543882,0.40835157944163697,-0.4795909850485067,-0.43124316159285314,1.2017247703113458,0.5847719911276382,-1.041628580059711,0.13577738739547338,-0.30527713933086137,138653,53.96,0
0.4277963982471327,0.20046772107625074,0.16423213931246486,-0.21659743192745534,-2.1087542159604213,0.6493748593883674,-0.7053881786517867,-0.6702907060286708,1.5901587035315008,1.2739574474824948,54700,129.98,0
0.4934319881836954,-2.768873221464362,1.057708703864615,-0.7007345804826288,0.9474356365540741,-0.9165416140844007,0.023001776406671882,-1.2151529681326179,0.7340027723811109,1.773755488316809,37889,15.82,0
-0.30486786299340723,-0.9336707844179017,-0.387634370176413,0.41951428844670424,0.8389195543048392,-0.034408280507489224,0.9621521895437266,0.9224901710446697,0.3456174516639992,0.7778483386641142,122885,135.37,0
-1.2146683273085614,-1.1014142111807836,-1.6930989902853932,-1.1869330707008243,0.30803794139964996,-0.2049023590839432,-0.6395713686625158,0.09707564643553095,-0.7099316580098062,0.9579580228318957,120814,31.41,0
1.0823519297917354,1.2710718708601423,0.10029606430660626,0.8458053237450754,-0.09384525539919665,0.8634199761497202,0.08835773727434934,0.01611088915762411,0.5253305677653035,-2.4562795680377203,22898,42.14,0
0.6475741030616857,1.4732243456394702,-0.18245961021197618,-1.0833539581026397,-0.6108703753643373,-1.0350046884490358,0.46982070361352135,1.900946760415316,0.3707398058959156,1.584738194077696,130973,19.76,0
1.1402532809442802,0.10268977095446595,0.8315580224838186,0.8662729119465122,0.8379883282781686,0.7287913848387821,0.9293508048769927,-0.7541578142475256,0.6461615902726259,-0.5072202586560463,42005,79.53,0
1.2992282977860654,0.17093837112829996,-0.15883271646825428,-0.03799560308766622,1.0626691395996983,2.922803309238031,-0.01841472084031138,-0.713182022634037,-1.994364488639188,-0.9604763823940732,169072,109.47,0
-0.5370969895661131,0.4662251226514788,8.903096363832074e-05,-0.09163355195690347,0.032037510311895445,-0.2666412924479661,0.2654870953163329,-1.6040143215323632,0.40497380759755874,0.049957236084277865,13807,6.57,0
0.44607220148208054,0.6070534347705518,-0.7195469089581323,-1.6626285569490726,0.8913787722248085,0.5459630955291201,-0.11897150612377119,-1.2866305462520875,1.3038877101934838,2.193144574626354,165314,106.91,0
-0.3390330759005625,1.276470882780929,1.0256866842334653,0.009970385261224823,-0.11644630729366463,-0.5661528561658385,0.16236986031600997,-0.036242503874079485,0.8656586631993596,-1.054191395860005,42131,47.11,0
0.7318133943208879,-0.05966848056052859,-0.8223046804564419,2.2935053233258635,0.030096952609887723,0.16400656054818072,0.02539272665625731,1.930437985701149,-0.11760571835677901,-0.2356161508062832,159789,46.52,0
1.3596173853080409,3.4609258180565474,3.25107989653587,0.7654640381487026,4.697535591034726,3.3846138327183075,5.494686030259393,2.033619396471695,1.8630100126869538,0.6810207412393019,116210,12.66,1
-1.5874928237313013,-0.5985586729046787,1.5702508736118699,-0.562458313290188,1.4303897213876449,1.7406691833348253,0.30098345828089795,-0.5845543485109517,-0.9229883493783066,0.6167571470739648,79439,25.39,0
1.2651599454883269,-2.023085253033059,2.274185030318401,-1.02830161270673,-1.6097111142566722,0.3585975259848231,-0.8469069815160023,-1.6296028580143846,1.1368664366437353,-0.008019320281350115,58326,60.76,0
-0.9911063155873504,-1.9490385689179244,0.5809053655297716,-0.3604496531602945,-1.2418648706314233,-1.3258515519343088,-0.505491138155891,0.7479753943100297,-0.06086122092592871,0.7862275352375058,126103,79.47,0
1.0790096392361133,-0.06398565562856524,1.6603788189729718,-0.914716185351329,-0.74647223637362,-0.02165649503739868,-0.07348727297268369,0.44739369550005736,-0.27289793586228883,1.8980522355329246,48560,57.86,0
0.11493391158101274,-0.4375733069841293,0.5243681636108437,-1.0993535064903106,1.7193651133662835,-0.6507759057903191,-1.861943521870265,-1.4381008292083342,-0.23224224489079312,-0.4281358062250516,171218,41.73,0
-0.37351399718084694,0.1410953821621393,-0.148472068406966,1.0944042842492405,0.7462745056817888,-1.027603157722529,1.2905606858558847,-1.3385145487125059,-1.2389225713911283,-0.1195810748102273,74405,90.1,0
0.546667032616485,0.22118648534116717,3.1989419097831964,-1.0461556284851803,0.7658796624131298,-0.2839362497457617,-1.4227718360529964,-0.3183911168373429,0.5500322023103386,0.4575027562091048,137703,72.16,0
0.2414521596024293,-1.8478701198054168,-0.5036932742584369,-1.1112542536987664,-1.2575119586549002,-1.4427702328617196,0.4430524404013929,-0.4334103925157602,0.29346884571676546,0.06541928487730232,160167,47.24,0
-0.9547918171308215,0.005531138629270573,0.561392444061668,1.7980024701022121,0.29655486129806496,0.165376306395468,1.9629235439710266,0.06845665960602013,0.010944773766955247,-1.556614475074809,22512,156.5,0
2.4939270057279894,-1.378564143602109,-0.5874509652091197,-1.2800501745517556,-0.2652036075300573,-1.5401609102602785,1.0082710055912514,-0.25746412476765307,-0.14593050114397993,0.06628771440014833,146773,92.17,0
0.555145681944831,1.9984658747459307,-1.0100106611740751,-1.3213941638505806,-0.16376590870295216,0.5117921944358096,0.9762635945813302,0.9821208028928136,-1.1271549096224132,-0.4612338404654737,52065,111.32,0
-0.42446270978189776,-0.16037663594526336,-0.23103158837459842,-0.4562178521132108,0.3475168391389082,-0.4783369897209981,1.27404266170917,0.30000002863192266,-0.6911420983083457,-1.1039521941434154,113627,19.25,0
0.5504335109347853,-0.6307717051912234,-0.1675748377442145,-1.0175554190184881,0.10855715192493393,0.11971675653394662,-0.42013763842935653,-1.464884784556007,2.1659349390540004,0.7894015943797962,95126,115.81,0
-0.05470443684927131,1.813736070314719,-1.371501141444149,0.2558201900592407,0.32463266249308653,1.9418182204014498,0.2576650999047694,2.6140266406690955,-1.4103155855060505,0.26231038720212185,1695,94.18,0
1.4332145066061728,-0.04191971124232876,0.09588295927506402,-1.0827358820240034,0.17735790366044885,-1.804376110336264,-1.7427871893371167,0.22679153713494227,-1.044599540308037,-0.8489973868375891,77292,1.52,0
0.8937987459354568,-0.23080586548801652,1.5561042383855315,-0.3786562845393365,0.7095343807195772,0.3869783227890991,-0.17514287392427544,-1.5335284632336017,1.0509700255841425,0.20961738293956,3620,112.95,0
0.8194475726178976,0.07609447892251621,-0.23348367787266236,-0.9896526464284002,-2.1291789717047367,0.9013774354094372,-1.5136875947111803,-0.3372845872609783,-1.4961634136070765,1.35736919467846,157908,28.5,0
-0.6300825102556694,-0.595703275413406,-0.1950024154903774,-0.26796180775499273,0.24201141431921958,0.11715177484724544,0.6422172894524637,1.3638153884891353,0.2559090488514526,1.6006904966839457,33058,73.19,0
0.6476139772195617,1.6291980148088911,0.5011912229081226,0.37514442930711006,1.3644758516464996,0.6939715057754653,-0.4801426145369254,-0.6668900940585202,-0.22506874989077708,1.13929373386781,104319,52.0,0
-0.30030825823631324,1.3928218493169693,0.4271209168481219,-1.8138023470828688,-1.3384452777496652,0.9068481504147976,0.5538930137365675,-0.3719785089728828,0.4615904770373311,-0.7643752984931947,96822,26.36,0
0.8742776789190644,-0.12318029575890527,-0.5178459011425355,0.8060798912806176,0.7561601975395755,-0.9718568708163785,-1.1016058207050672,0.8192204299495043,-0.6514204188993276,-0.4877589371359853,81862,33.4,0
0.7698959812747644,-1.398391910690002,0.3487197254894737,0.48694776049680805,-1.2953476708655824,0.8346599760763175,-0.8985399664629174,1.242845234072603,-0.3127807859057277,0.6380565425397492,32696,11.05,0
-0.265838791915379,1.2700429339269252,0.7439018737144868,-0.09782643203609806,1.679012447897024,-0.8575323892383291,-0.08722304938288808,0.14164003806090744,0.04282745914394048,1.097674626123744,82122,33.34,0
0.8550193242972788,0.8543846606783719,1.2146838488929317,-1.1397772568021078,1.2266669766367415,-0.766901313473445,0.4294884966141465,-0.7876808018130168,-0.2510617203739841,1.347764725239012,103220,23.03,0
0.39703160229398016,-0.5416542593988953,-0.17832755679598694,1.2629499857706958,-0.6258094313735969,-0.41703497822642915,1.641185731629202,0.08884367409890792,-0.18685950611579075,-0.006100432126990098,47550,63.78,0
-0.9972468276014818,0.8177116062629123,-0.5346002402671326,0.08890283621543264,1.355479399613551,-0.8308571426653624,-1.6275658744690422,-0.8986311188991067,0.3723819101038867,-0.146815103463088,62528,51.41,0
0.27009543419728654,1.6875701208064198,-0.4711100094466988,1.5861895077851644,0.40410274956375236,-1.0259150349639117,-0.41648296562181963,-0.7682630869859833,-0.31468929728369127,1.658619571654876,138219,124.45,0
0.6155852878612882,-0.9371492065131337,0.46578492371802366,1.7291532286863516,-1.1478149677194427,-0.7133670241800586,0.643442455591347,0.04574742873092027,-1.2100043972597048,2.2058885400044215,14989,97.11,0
-1.7867265938449102,-1.9361893602594902,1.0972944832701201,0.529177807423186,-0.39541649170215,-0.8912922794396566,1.157915456352117,0.5860846148970307,0.3864414756648573,-1.2567655941087341,46913,41.14,0
0.11879653990290184,-0.26477177090473386,0.022930350567612473,0.051844888660036635,0.22996376215381956,0.7230490097575197,0.9271449010588871,-0.050505224217195686,-1.5524490998928218,-0.35865619873433635,76528,23.29,0
-0.6027193630302223,-0.23388051091793519,-0.8095945829555786,-0.10728308967404143,-1.6489062243152208,-1.1341010782630543,0.23960088148214678,0.7310589303796748,0.8638641631478498,2.199586918232011,83926,62.78,0
-0.6208213856805886,-2.661965337157328,0.3070036236254948,-0.2670095390918342,-0.5702833418123653,0.34285149201140547,-0.4813512008599099,0.44742240703576724,-0.1298737040743677,0.7505956281138543,8154,95.53,0
1.0659802307876436,-0.11619928435975406,0.4438866303167256,0.17832958726323747,-0.2649823485324501,-1.2995970521782207,-1.0823423568066892,-0.5008454517623555,1.6779585814546472,0.7746316702402287,161321,33.59,0
0.4127326115959884,-0.16892915632473834,0.21485988889479202,-1.218819096494881,1.6111495888269913,-0.8611898534143274,-0.8145923168666186,0.05695408949354456,1.003231721917261,-0.7095210638327243,12307,47.58,0
0.5767083615434017,2.071082599216615,0.6884110538887852,-0.52291233502861,-0.9776640592717641,-0.5349979717561932,2.0988941738583806,0.7010402681953752,-1.2043833444065675,0.24724143881552865,118871,78.66,0
-0.655743462432314,-0.9109072141999566,1.1040238857816786,0.15643466835349723,-1.0541393890905797,-0.18516342224493876,-1.6424160543297204,0.2969916802904202,-0.7147477503092114,-0.6450635385904653,66915,34.29,0
0.95205365313989,0.2653176800779831,-0.16104028079608668,-1.0024354713204127,-0.693876499064711,-0.5156941370086527,-1.9394657039169663,-0.3023166149889869,-0.8249611803149862,-1.4821638624169777,136488,76.72,0
1.2487577724105066,-1.2518522121799116,0.2638934780115486,-0.597922072276191,0.37235325312685075,0.6081228991620768,1.908135428873693,0.4743005091753844,-0.5174846563181295,-1.5759026699654841,121546,22.86,0
-2.037728507734718,0.7327109427693562,0.7471232382297756,0.9340502941121688,1.8877608852169696,0.6578599917560968,-0.30949624386233104,0.7200700827037145,0.8138900570924817,-0.9619916817485656,87495,85.58,0
2.634740754415,1.0823430544352473,0.9320668089761116,1.1000094354874357,2.1977875602358967,-1.611709924425648,0.40573265467062797,-0.6316619921671176,0.5420660296269624,-1.0202036194031765,103745,62.29,0
-1.067593769044886,-0.33312476588364065,-1.707444224662495,1.6636636969545726,-0.19149053085420917,-1.6167709312084173,0.16232735814354976,1.6975818349647305,1.0338910106512036,1.5677399140235018,50428,55.69,0
-0.24506065119070236,-0.4898522085891503,-1.2138016860912133,0.7051803259700831,1.1371833939059661,-0.40454819145156884,2.35061348394051,-1.2347630763250406,0.362055927540961,-0.3277426673451403,147987,126.54,0
1.0249216931253993,0.16673516963335916,-0.7015885075549914,1.0638116766255068,-0.7771298151946303,0.879335797438561,0.06656811109902226,-0.97482097689068,0.5841449036482398,0.5430784410136457,45564,1.06,0
0.0693811351327787,0.5898502463152723,-0.27826003836757923,-0.9331870656234476,-0.37532662535775185,0.3361542899606471,0.7181177946558434,0.4138200935533031,-0.5031060779595635,0.4669693987202058,60297,158.66,0
0.9226397227878528,2.133160518003324,1.2526549055570213,-0.4947321473225333,0.6416382875279029,-0.009767946495007592,-1.281287723953059,0.5537346240227772,-1.5018338541836782,-0.8177099775439863,156403,10.9,0
-0.9956902268418067,-1.1382639842752136,-0.42676432232853545,-1.173570998550015,0.1881306671883057,0.714341252761957,1.0125784371851498,-0.8898688046263595,-1.3697878485519748,-0.2033547105270236,41180,46.21,0
0.3663329336500437,1.9484265541011465,-0.8416596311035961,1.618050841052838,1.3049645661627276,-1.074912565010059,-1.0350792052418814,0.7359442841916457,1.2747237980134876,-2.648872986138112,163093,21.46,0
0.5380344399282511,-0.4321117604530126,-0.950189996876012,0.17229671844099034,0.33635408912841436,0.6290524683439263,0.5971365267723902,-1.068387360533352,-0.08554320604227428,-0.9570755631547909,124266,40.86,0
0.38495096610586316,-1.0242623343588635,-1.1340686394233275,0.235312226348993,0.5742854453580579,-0.6738160712813385,0.6114500787708956,-0.18611602654468734,-0.6326432726042854,1.0269237750029143,12405,118.36,0
0.4478137167227104,-0.15606350082190265,0.6663343957412341,-0.2846032874851351,0.9927923254543841,0.18828636759084047,0.1577861133870961,0.7919933451302751,-0.004977211772486045,-0.167211890719294,153638,86.69,0
1.9445977922602284,-0.8424820425687267,-1.2091045736219388,-0.6123965875835142,-0.47728276587010215,0.025972939167428134,-0.7144891224134624,0.4305274326631392,0.2417704872475942,1.1064493646981555,74414,19.26,0
-0.3930529375860296,1.3744712159904158,-1.2156361295986817,0.8299363160572701,0.3215679376343867,-0.6281963245569931,-0.0682543085881165,-1.6491056179268466,0.024777175105386715,0.2747624655952877,120501,13.06,0
-1.0320322451615775,0.4389726404181848,-0.6123258893036978,-0.20825883310778268,-0.1653745406433153,0.2601361591231718,0.42685823443891907,-1.0401619503196824,-1.3798837804770798,-0.4996706259150051,89658,71.71,0
0.7618547740424635,0.6625981504252507,0.05451318630965609,0.1957061275227168,0.187027683784429,1.4608508378280027,-0.4420900545866694,0.819282647401717,-0.14361258179779005,-2.191524194674069,119056,7.09,0
-0.8374634040851927,1.501601872631193,-0.7151409284828807,2.12407758617894,-0.5538025966610233,0.09613497374574913,0.5272713484300947,-0.9512680232520959,0.14676240385843167,-0.22371639508236107,56742,57.35,0
-0.3239847754964302,0.7314943098048676,0.884056350940301,-1.6484444477613032,1.1130386304942625,-1.059330534928173,0.9345594910795687,1.5190901151819494,-2.7526304188822164,0.5944687810754945,33009,46.47,0
-1.127953023505669,-0.27859577280620446,-0.5308159554019765,-1.4251105907999537,-1.016575501994926,-0.6385868031711459,-0.3438298375143953,-1.8348111270047702,1.5660066938395303,-0.437041059432885,79224,65.84,0
0.11379956534029644,0.6212516108950558,0.049745250787830674,-1.1523701760048088,1.4731893962485594,2.142413239220978,-0.1313746320541986,0.8314819538599876,-2.5218196408689475,0.9098829674348138,106636,78.32,0
-0.4182683903638093,0.8329512076226846,0.09711041042316314,-0.7245374340179959,-1.5165500917375536,-0.46853989490219317,-2.125614124269261,0.5701869528842484,-0.8861529832914645,0.6440184898868745,59273,58.96,0
1.4736113922530956,0.9924766135830533,0.251213797296192,2.6292371178912264,0.47507573746868925,-0.40321515633964394,-0.6752167163510698,1.4459400382797327,-0.03868446887516717,0.5168285393995763,44941,55.71,0
0.4678197829096571,-0.6857066210729733,-0.924265682071542,1.8765338741444926,0.592135081223133,0.04133495180230303,1.754618803480312,1.2672675192023608,1.7954873629768249,0.22814590784284786,114590,86.4,0
0.051698321428614635,0.2442782822759085,-2.104405702266703,0.033428054347475485,-1.2957728788072194,0.17970531130936,1.7006847251592145,-1.0669989976076355,0.512156851743375,0.38171859913018735,54811,122.88,0
-1.0197601853814635,-0.3327566983298747,-0.8877335503999231,-1.3119290612133796,-1.2871643737246663,1.6141083731566273,-0.2314293733456797,0.9630847581139547,-0.6351075375310171,-0.329197454637853,172134,101.13,0
-0.19649842039810733,-0.05803852790579535,1.3984436503836541,1.0022074144378648,0.09819533680280466,-0.03716363971435488,0.638274589873962,-0.5159508760580694,-0.16196006370584007,-1.950596361628405,21111,80.54,0
-0.49474843052571216,-0.1932130207581928,-1.1983080750832058,-0.11121712373266902,-2.3135219905597757,-0.0060843926091290286,-0.6728510978243911,-0.08456876836956581,0.23754539302335487,1.5890028646407084,46622,43.43,0
0.32866200228248105,-2.1582496627479273,1.3363847374319215,0.48536617754554423,0.17281069063057544,-1.3805243075650036,0.565786642407897,0.8286250343133083,-0.4074594927456377,-0.9748568025394921,81366,203.52,0
-1.2247047776505404,-0.4009984788023845,-0.1909527628715059,-0.5173874576833732,-0.03347013921869056,0.21778658358668515,-0.75214070070819,0.1060751222931572,0.23124216041285123,-1.1639569514078847,161999,16.92,0
0.4077283696180388,0.6498779734925669,-1.2954216009991038,-0.6810703447669576,-1.6141923055201761,-0.2713159011611296,0.7907885211840321,-0.6022192957730058,-1.5872228519266356,-0.8230759365777436,63736,77.58,0
-2.0844021549884744,-0.8095174571305996,-0.9430451947409286,-0.7394039200345133,1.1324746680436324,-0.9231124713864258,2.6610152443350024,0.08052490799843191,0.31812003431479535,1.1924476198143343,151537,52.87,0
-0.37344296634951507,-1.1136028316148774,1.3841058465059235,-0.056429429196339594,1.2860846842143108,0.6154284151887665,0.5917936599916467,0.19305393835184795,-2.0637603973292102,-2.049632932086847,4890,49.66,0
-0.2511025880369125,1.51214355812192,-0.6291191941453987,-1.0282643993213667,0.9873056940796048,-1.0933251585113337,-1.453682728967563,0.8680452682712921,1.060906759356373,-0.42971291335062106,86728,28.89,0
-2.147289029738655,0.20434768720895413,-0.4262648726777842,0.8095455155501244,0.9207964775932745,0.22948491553421296,-0.03680551931627386,-1.1141271642675874,-0.49011144664883216,0.19942753035386462,140411,115.76,0
-0.9701495196514126,-1.0562449926651958,-0.5389735082790941,-1.5972580227056612,2.169721357835259,-2.183235481953956,0.1979872141780293,-0.5248652445893731,0.8051490356655069,-0.5407933236109528,41063,75.4,0
0.18291473012870507,-1.1481332948044598,0.1416287738119035,-1.2646922996999788,0.8308418720993512,0.003218375537777873,-0.20235012074701347,-1.8050773352593237,0.21546224402331884,-0.0866916430438617,104898,36.24,0
0.15811908490510918,-0.0036890256483920517,-0.868231174014714,-1.5614022229125633,0.6223275059805008,0.009304497385398744,-0.5904651816510577,-1.2695853623811382,1.8433616653415865,1.8011263022861765,16927,44.13,0
2.417805536116446,-1.4821704988805215,-0.015403937050684434,-0.5631771623208023,0.08226388788949895,0.3515432749007078,-3.255610034595563,0.7040131328484895,-0.7203272185818431,-0.9291678214194218,122440,20.05,0
1.4008818603129667,-0.26224685853694674,0.16167092405723113,1.4243801632213242,1.379221252423799,0.08388286115631548,-0.3732561659118605,-1.1319843934767664,0.4676385663807686,0.09167847191834635,66623,82.68,0
1.8212988508131087,0.24007151264208035,0.07832069173893116,1.4269741636643627,-1.1435014072910963,-1.1801199417011128,0.7006892981874261,1.4723442921739869,-2.761529543291938,-1.0875219060502794,111716,8.45,0
0.7538550699336822,1.191550812650145,-0.06601185824523254,0.748367383587467,-0.7184776301608532,-0.3461613600997941,-2.3672928107544697,-1.472555194306039,0.195981910426895,-0.5258062820801819,7519,17.92,0
-1.0865678595905903,-0.2640759699918621,-0.6937625255478881,1.502451918262896,-2.4895795151701274,1.7780616086895233,-0.1641039711728624,0.0792174519537196,3.145128115262409,0.028572213976046715,152140,11.59,0
1.1402094789367356,0.07764057652716963,0.016501757414421527,0.5712072701504491,1.4751371068423706,-2.5290301337291674,0.8642574146844122,0.24987605398037804,0.8929128045448383,0.8076576455384341,4576,125.8,0
2.3597719343296117,-1.4546438728581037,0.4181120962930776,-1.0289216244820427,-0.009150044217235304,0.02666455455627987,0.0786459241816492,-0.09533777097300156,0.3114892983919865,-0.3555677370889212,137966,73.99,0
-0.3293915374126943,-0.219990917713377,-1.7263832352207857,0.9951573533654661,1.1804373778973447,0.3454685828456818,0.28794132653147847,-0.04569301394219609,-0.33442478931908887,-0.21951263411999616,28988,115.7,0
-0.6222074452947179,2.1062402977033328,1.6249860481773497,1.5742798590012634,-1.3940084448899723,1.1438951705726343,-2.286100714575102,2.0846479025555773,-0.5171127568523178,-0.9106460013957081,112379,9.13,0
-0.5382990953166494,1.133602358005998,-1.9952316271167245,-0.990680352175839,-0.2593805613484587,-0.3488207877772787,0.052759537263421676,1.0182023278701329,-1.6792150907894845,0.7735011602542384,68839,135.09,0
-0.21802912810442213,1.9753431178455254,-0.17210943144837143,0.7866053537748128,-0.9665168913530036,-2.174828860023367,-1.15180300516887,1.5827174845015528,0.09361160187692935,0.888809106876808,8645,74.55,0
0.48512255886958094,-1.1215910116531238,-0.461023951662115,-0.21107981367953002,1.8591325584609417,0.2723490867492664,-0.009543827222212233,1.4533573417059495,-0.45679789546843486,1.9468716815842546,86145,29.05,0
0.28344143574463715,0.13983409501498167,-0.1453755978941602,-2.2127734108941257,1.538319636632596,-1.9295998999000614,1.6105421944792349,-2.131044885940622,-0.6246286704939146,-0.1027517355733385,129188,67.39,0
1.2910290551841355,1.264779847050035,-1.411992577150224,1.6237121955582872,-0.5286487086540953,-0.329977464800349,1.1896875357084293,-0.6572065696155527,-0.8986908889497579,-0.2806165144369671,94132,3.17,0
-0.9145762783273513,-1.2626745120183225,0.45441330591856066,-0.8643932196560877,1.0623168217868415,1.2641319062686585,-0.6148213274810616,-1.158399237928,-0.18942046378835165,-1.145361036351618,2171,73.97,0
-0.3974833349294312,1.97289585478048,0.03931301230275213,-1.3878873051156215,0.45935984575446287,-1.9715119157749532,0.9075228339377199,-1.5752747701719036,0.4520936539273069,-1.0220165687875065,153798,48.29,0
-0.36667879365052214,-0.2268467266984575,0.2921192604461498,1.2117290921120087,-0.6700906926250441,0.2577790799935921,-0.6434945618898616,0.8277773451180905,-0.7994130038522403,0.4139199116763087,132735,94.76,0
-0.9105748839214486,0.42218666143744,-0.2160179553093376,2.067762506513905,-0.26191209792050607,-0.02245202849718196,-0.576876608978567,-0.08051000034262533,0.3931369398820419,1.3623194389740725,168400,26.37,0
2.032337024710338,-0.45790129413558806,0.6391223576533764,-0.5701937391185379,0.03798101306933453,-0.3834125406298555,1.0574813953664037,-0.328920965680554,1.5460602142163689,-0.3396394586153743,1676,82.28,0
0.9308382263505294,0.2524493145923928,-2.1390047235719316,-0.9057959365609791,2.4822702544824122,0.6760431241559943,-1.1308093139660624,-2.2542762218789,-0.22910967649561687,-0.647597706911164,123687,48.54,0
-0.8016188407684506,0.611061200073943,-1.4551974194529833,-0.12559965530689088,2.0230644272780105,-0.08118735053940336,-0.5486448374016687,0.10492838852220761,1.4303958575581566,-0.8487863844475944,88298,98.54,0
-0.29456875466161137,0.9511651707789268,1.1741993456441506,-0.35759662832977124,-0.6678420571173637,-0.08739769229550559,0.27358608631285514,-1.281132017832763,0.8241840397884143,1.5945196899396885,163509,7.12,0
-0.08610065182104851,-0.7486888733699565,-0.6166371399244667,-1.439368275518806,0.19738844631147082,0.10205701109779418,-0.12675231617406715,0.5096558684500159,1.382777511645271,-1.8783454512050353,30202,37.97,0
-0.6619259410666513,0.8606175223369632,-0.9897557857408219,-0.6581572362146048,1.4122230288064919,0.4765838032145902,-0.7114969008876407,-0.05033256405941083,-1.5181697874624611,2.0931399812771065,138578,91.67,0
-2.7779942807285725,1.3509909387784689,-0.41259314991079943,0.8379827105522986,-0.11271960422461444,0.8119660957518811,-0.45372978326480484,-0.5116604011541551,-0.44839465826569697,-0.10922616652078825,124405,79.42,0
0.7096618656378763,-1.8909938099032746,-1.6580517168351965,-1.1359619241090577,0.33723547852414704,1.2539006632557497,1.2626529855977506,-0.36231880202337674,0.6879721330580653,0.4336708625862947,1931,31.89,0
0.9874051450464006,1.1968167090961244,1.0618243520177295,0.6079316401783048,-0.5775148740084471,1.6241799523204246,-0.7452030824981152,-1.1395494597190248,0.8458252949934352,-1.06594112737268,112559,23.49,0
-1.6667579329902373,0.8542429853184914,-1.5437475204462963,1.9564217732345757,-0.49944686291588003,-0.22569778966651047,0.4292028431462364,-0.7325773495423836,-0.7236701394797966,1.2138213587016002,79812,71.56,0
-0.7357519902503197,-0.292671293351856,-0.5944583747973149,0.5557378408401406,-0.479012111846559,2.234108876781497,0.031192456976916073,-1.1779358234280355,-0.5140478162299557,-0.45476501885329407,21206,104.96,0
0.012053180601825543,-0.2370238730397667,-1.6794237349892838,-0.5052673837115664,-0.4634214487492999,1.0685435852822518,-1.1580993319396735,0.7546066219590807,0.004556824945600413,0.41682871588221865,117052,14.51,0
-0.5182798423662747,-1.7712048383918628,0.8643889426789316,0.9012767395596747,0.9487279358149685,-1.6777895955511803,-1.0521496180484642,-1.8691616414728263,1.6690700771702789,-0.3259398223755232,6509,72.95,0
0.3664511465715505,-0.09638181355848706,1.0036624887377918,0.48047176052576845,1.3974187713789425,-0.3077818186302673,1.2855932228002254,-0.7676391182597851,0.10533208967699074,-0.1716888078231042,58331,82.84,0
-0.6658777111204364,-0.053342962246727924,0.8991234839991122,1.0702437270371223,1.5795941688675235,-0.036458732952163786,-0.2083739461758043,-0.04739745079128287,0.8325627895749692,-0.19084238790318753,18291,144.2,0
1.2003062582593216,-0.7569098727650648,1.5912619698002022,-0.2117816336341373,1.4007892553113035,-0.5070796670338041,1.02002762862038,1.7877029180799462,-0.6948523269221415,-1.9916903346432715,73338,54.03,0
-1.1620795127342871,1.4697237645085452,-0.27706930703854016,0.8162596145871915,1.0912187771813802,0.7159609751718123,-0.2500892484133701,1.5697363493845953,0.05641059931722482,-1.126181157948831,126115,53.7,0
-1.0762452003187681,-0.09484460692850216,-1.8739478071432591,-0.9143585561792417,0.6825996376798916,1.037305600003608,-0.506454202365567,1.1629582962344989,0.729976663352469,0.8006142072743517,116422,9.69,0
0.010982892582401323,-1.1472664914614634,0.06985549011215164,0.770117392013053,-1.0714939477626486,-0.7083545379036053,1.1226606845622364,0.10608226727875811,-1.2693127160895403,0.42987542969666714,161903,35.56,0
0.21938250136385634,0.07921504780413943,-1.6135898119594245,-1.474428128002068,-0.11998481528830646,0.33434742094683506,-0.028680470101235818,0.05134382423519605,0.1339269370939702,-0.5223479251190953,131144,87.03,0
0.838489203736345,-0.22556702106860427,2.1867081609318735,-1.1035595309758999,0.5131727897849043,0.9902269920616542,0.6942312300572769,1.0558321518477765,-0.48110978692308654,1.7868799801694446,71146,62.55,0
-0.18838412726438336,0.848865922635439,0.6391177730333506,1.5992411590778703,0.5075068572770276,-1.0780077139635724,0.41652570475073714,1.8525387023066158,-0.24863020709866004,-0.655417026446161,153010,74.63,0
0.3487758940462951,-0.2468858558272829,-0.5095242052727647,-0.8114824869800202,-0.16845070488291147,-1.8436759943961023,0.7388280793765873,1.2922963172519384,-0.0354383579776185,0.3650818881566264,94942,24.87,0
0.6144401228924746,-0.2342857023273647,-0.40303571436404395,1.9202949052321883,0.2727192786038304,1.134717244566627,-0.3881958429258556,0.5000918803901798,1.0275649085364025,-0.9326868761579384,69997,115.36,0
0.8045703015848366,-1.0336356655189114,-0.8027143737214145,-0.016473368047505613,0.34331687408202705,1.6864256759352592,0.8519136050796912,0.3521668363884773,0.1273826667362414,-1.0450042727588351,11547,138.55,0
-0.27167438368729224,-0.2349659934978464,0.8313470510191334,0.8668369771613471,1.549652719718958,0.5567690282809071,0.9058670594835805,1.4967742890147124,-0.9229854851871565,-0.1775407334507545,120291,35.1,0
-0.25516417502145444,0.6868669613348561,-0.6588734778889406,0.8201336575112773,0.43929642630934557,0.387973525707626,1.4277936638801576,-0.5385249123933669,-0.8839430254445377,0.5891399177339761,108292,17.96,0
-0.023233710850366202,-0.7655879132883234,-1.034765940550586,0.9667588321164844,0.40656911910201393,-2.3105676254753127,2.1912011081614997,0.7901564670957,-1.293627186430819,-0.367649765458831,10164,71.87,0
-0.284099005360783,-0.7451974708214624,0.787669309614295,-0.20468099837781942,1.765652855835952,-0.9099436398051042,-0.7963140443307624,-1.0644537668638239,-0.4904436645117554,0.26232257771298895,123269,62.94,0
-0.06695317289820084,0.47200956837807373,0.2380393791163774,1.928332944467106,1.0322202605548654,0.15427480419769662,-1.482163841176097,0.11987887101521665,0.7886266611935043,1.4680883968622018,158820,48.97,0
-1.6583355655822452,1.1266103486291923,0.44201789970827926,-1.6582687630439978,0.3536238313910272,0.9275346546294124,0.9353114823366397,0.4436438240682888,-0.40161380856891304,-0.6672442819811868,14681,42.84,0
0.8153160721716332,1.010524020326713,0.4235057659278442,-1.4622589081012267,-0.6054463307058101,-1.6740748681552187,-1.7621964371379413,1.2439967164287815,-0.2763976497172138,0.30325486913687016,118275,4.26,0
0.8061002168001363,0.746676303908931,-1.4052714472253607,-0.6944454956332078,0.7075293079967273,0.41279098505318185,-0.7593016033646541,-0.12987462931271052,0.2407133403764284,-0.3194736871107351,73216,27.22,0
-1.1109310952157205,-1.421728741448699,-1.5759233581869183,0.7649783711048204,0.6043079879670906,-0.3107562305520698,0.5162577339117376,-0.7378276174055538,-0.2834097747702,-1.16065084944086,10964,38.92,0
0.393376870254097,1.1368686334505633,-0.7673271934413766,0.6145019805287018,-0.36000925331746786,-0.3909221415491874,-0.33335844023348676,-1.2976041376391683,0.4149422486126251,0.11557419140884934,51585,23.76,0
1.743934526167792,0.04345002435145766,0.9269504179706196,1.2203826900269379,-1.0515629945384386,0.7380441057123723,-0.025907665053483124,-1.2651091130158285,1.5536103032944955,2.863382576322228,127164,185.64,0
-1.127780764891714,-1.0875021197614503,-1.1633911040952263,-0.7477367942283288,0.9286690993604492,-0.05134271103562696,0.8155637206624808,1.2757940823546503,0.9949346556099338,0.703459132903896,8738,35.98,0
-0.4861941306990469,-0.4783327614993951,-0.9604037319968523,-0.9090653108377865,-0.4082469084893662,0.9492672557274634,-0.4686823500573077,1.2606741426952055,-1.6889555713384514,0.5592938556361591,13420,43.34,0
-0.04268309622747663,-0.3915324337554278,-0.8485289142699277,-0.8823693211221685,-1.785261802225653,-0.021582813898431138,0.4762561896874243,-0.5940084682553572,0.834097304950626,-0.7410730435994188,121317,24.77,0
0.4498153265565342,-1.8104457043583122,0.30221346357999473,1.3950915373207864,0.8217894239330871,-0.6470297880169557,2.8225982562189467,0.48844459922340216,-0.809633167766715,0.3641145893782477,101329,5.54,0
-0.798805744892982,0.7360561337383746,-1.8446572220162265,0.3164757141942066,0.06373983972809259,-0.5343230811186335,0.2948887645389004,-1.7252185950132546,-0.44957024021402237,0.5223204190509148,147928,130.87,0
-0.4342004332588856,-0.6213766080475112,-0.1633366022018634,-0.18428581725262724,-1.0307649278017306,0.25257285010324343,0.4337183850243437,-0.01897187556716511,-1.008580944996969,0.9608176756315355,115523,14.89,0
-1.1249293551021546,2.507724785506933,1.664942851172679,1.4660722848762389,0.3880098898307735,-1.1276383531735399,0.7926093953132728,-0.29020039927678093,-1.2782872210902028,0.6727969037391636,581,138.27,0
0.5633130735164247,-0.5327356730352747,-0.6116880361817151,0.5858716568775042,-1.0468582953682657,-0.5825297430408646,1.4658056298701507,0.17929588270336336,2.5688013229158995,-0.4704506689872728,63327,49.22,0
0.39699130449884,-1.3059823727876074,-1.1515043113734442,0.0026908264146938425,1.3249276085050186,-0.4737089765679515,1.3186316079585185,-0.8486211164145038,-0.10690662541073999,1.5195147828760271,165452,124.75,0
0.0389132069014598,-0.4260855702310654,-0.34922829951416257,3.026651591695066,0.13692508502200743,-0.9581717481425716,1.8968484696425045,-2.310651339674044,0.7271192703383661,-0.26815617433840516,6158,51.84,0
-0.4703726542927955,0.5720957235984819,-0.31565370884061383,-2.974399562757699,-0.2425105865384407,-0.44337449239031573,0.4642888774466655,-1.099258588456099,-0.26376002627357087,0.6141388086050966,68757,80.31,0
-1.0937370617166706,-0.2424967920780333,1.8845096960149461,-0.8638763749547805,1.0683429769514334,1.9060558657553222,-1.2143079469326943,0.7896196190639758,0.4850896907932219,-1.2189867203519418,43129,21.78,0
-0.18123103454670117,-1.8379614830549744,1.8422497564744964,1.2180670700487084,-0.7788072407790315,0.5512052115734114,0.13048769396451143,1.0530802197635976,-1.4350834552497842,0.9489149141953394,13833,95.18,0
-0.48498972426172404,0.6304252879801651,-0.3736124420134736,0.2164570434536348,2.5587314219806183,-0.31300581285639156,-0.281976367843725,0.9965510134041364,-1.3820867612121546,0.9663785405756935,151626,146.62,0
-0.4934013403826786,1.1445933388273806,1.4071265257169843,-1.378597656794626,2.0555610437596665,0.5849639304653893,1.0496953653613783,0.20628549597983556,-0.2085044166809299,-0.3823901385206911,137077,60.26,0
-0.9439535247220022,-0.636569327379835,-0.7179602806153267,0.9266459241450039,-0.08875531114611628,-0.34107825551218224,-0.47486569950251006,0.27211357375491674,1.103322603544528,0.514112769211167,40874,12.54,0
-0.2455014897355009,0.7149271341004025,2.829219162208502,-1.4311457949184863,1.4495189742906422,0.02753189112824187,1.7256720545602533,0.7383334433317807,-1.5755440504513816,1.0003696530416315,70270,106.31,0
0.3310401549961956,0.2756367823290771,-2.242068720135671,0.17699140506798605,1.84656925630141,-0.24071662335799826,-1.4603037045020144,-0.7013962436992836,-0.4646584497304182,0.3489401777556228,168150,66.22,0
-1.30177973741351,-0.5705827018536505,-0.04862248525327392,0.07349514814345873,-1.16399570433001,-0.9629437258182533,-0.4360082332545034,0.029897005591374117,-0.7437509259153502,-0.26944918341568735,143639,18.62,0
0.020037290866311695,0.03922792776175646,0.0728834797113227,-1.3882133365453373,-0.11184759450465882,-1.2444118759093221,0.2051541335730204,-1.6177652478781663,0.8785588040109642,-0.09432550896564011,76029,50.19,0
-1.871218116060987,0.2873106025759928,-0.8626709442538306,0.03672502826448412,-0.08622758711021881,1.4877149407963515,0.08527508996604768,0.6221668898415977,-0.31433085036271674,1.0609775081082689,44920,84.52,0
-0.21395314386081168,0.19877067748871843,1.7720989834294196,0.8181909050727912,0.3195349747424888,-1.0520300291006222,-1.6230063534626042,2.84968068493783,1.0744990285793043,-0.7310042461488293,58224,35.54,0
-1.2798409576400205,-1.498110341648047,-0.5054749819965015,0.27819002936237136,0.3538330241259001,-0.5781675319095977,0.4527396883444347,0.8862228620608652,0.40038748154872955,-0.7068059855717972,21686,13.01,0
0.968245592371294,0.2541906765576573,0.10085809990438051,0.7911406384942357,1.582399552691461,0.8253503599012926,-0.6926000845839942,0.5989125586419655,0.19193921798128116,0.7649284335124742,85938,80.69,0
-0.47152480744994896,1.6923151561178125,0.8407274281704181,0.37712344127022007,-0.6906899402746245,0.2918037041313899,1.1482072801984968,-1.4886732610060593,-2.232553926669766,-0.7056480655056492,121403,73.37,0
0.5575758428248162,1.3444049720902438,0.007824794249462879,1.654524037645827,0.8823137950296952,0.0522234383972682,1.304506003393602,2.1686965954356427,-2.539733171096944,0.6816680567462818,143759,30.8,0
-1.38218151537704,-0.18874421301122754,1.7234107569382986,1.1971354225271547,0.046594167106034326,1.1812258363871515,0.20910009417497852,-0.7664777977330396,0.2785748564737615,1.2230637226477963,155860,93.96,0
0.2607543841411672,-0.2484232079710333,-0.25538641185426775,-0.070423569463091,0.8749542563142473,-0.701604475953444,0.33152131582290795,-0.2879031284145349,0.7534415749898677,-0.45906217259782955,82738,46.91,0
-0.9151246594795012,-1.449241480651316,0.13511510308420474,-1.5976573922288342,0.7029277733569433,-1.0995891634130304,-1.4325890775002703,0.024421442112682986,0.3273254123084641,-0.7864631940570649,30710,68.96,0
-2.280737845371923,-0.050846617109281525,0.3872760562645462,1.721243837499543,-0.7350378345613403,-0.028147631341616082,0.6756853858444289,0.0051307300962505084,-0.20100436739159525,-0.15419161035506557,155162,106.66,0
0.45176860094098414,-0.8298183822075292,0.9542236554333953,-0.41897231641773003,1.5415801241416462,-1.7458297854199043,-0.8781684089460169,0.5700389257224535,-0.38541618814593326,-0.1490700626648539,160794,78.07,0
0.420322829776129,-0.10485738778303354,1.9034676086255564,-0.14550579748246745,-0.9638189322675995,0.4818035624035518,0.4911250132280956,0.135796348587054,-1.032110806153423,-0.7037137671977985,33585,54.24,0
0.13820512935328008,-0.32202262863813463,-0.05586912987844468,-0.3232394796388301,0.6762764274550901,-1.4479934059605262,-1.5679002503716972,1.612521160020552,0.11542925964393813,-1.223307226621583,64652,109.0,0
-0.4827901587246448,0.8272526511405023,-1.0970650388685572,-0.4856285335742323,-1.4404416962621578,-0.6405653606589702,-1.1159579480990816,0.05042155955382021,-1.7082704273586395,-1.3033458253216392,20703,139.88,0
-0.374789152718258,-0.16062114012076936,-0.3139572498362541,-0.6667563475834333,0.006191976442666506,-0.35316368801169146,0.4570843569682594,1.1886009005703337,-0.7884618274139973,-1.0217672345193074,44081,106.13,0
-0.8315227726663764,-0.778174284277866,0.25270197080685886,0.40825382854699094,-0.049012016264423384,-1.2924462636913838,-0.6945055177749719,1.6524502163826356,-0.19208226409451049,-0.015134326784536032,3160,71.45,0
-1.5720402556532407,1.0450646657711238,-0.21880107026272877,0.3672029215524889,-0.8440789473766365,1.1239685543676947,-0.4249476441486228,0.13305808021966187,-0.6842007974699434,-0.23882037049138166,124826,126.93,0
0.8271727996212221,0.6236420996116513,0.4255902503682677,0.3320994781399878,-0.7880965332789023,0.5003642078537972,-0.626217485903185,1.17009742128588,0.3200085517658667,-0.2565455678066971,98292,107.7,0
-0.16465102754395128,0.3793589196671123,0.10869890001506896,-0.7198600299893989,-0.18708817975030356,-1.1619422823001564,0.08147930032643269,-1.001729924926869,0.47035763382715096,0.6106934116010451,98622,61.73,0
1.1273547616424222,0.15134693365674112,-0.5370861196184876,-0.02230190008381943,-0.01573668652102702,-0.6636681674336484,-0.2805560715075346,0.42284579164075303,-0.6627959824791435,0.8320511721774977,78062,59.7,0
-1.3981096597988507,-0.9758383372350086,-0.5768829664763014,-0.7955081772094081,0.8674004443785023,0.15120788555750925,0.3181185065711509,-0.31432686853273617,1.1227901052856921,0.9741931203327394,16111,85.31,0
0.10744870269731638,0.07277756994154895,-0.5062293279069283,-0.4226081198876573,0.0739513036788835,-0.27296650037289805,-0.24450089587780263,-0.5217833667464198,0.15510595928459378,1.4588652985073196,144804,98.54,0
0.3043667290302598,1.121784150984588,-0.031339107655435385,-1.3947690603100018,-0.2716206425130341,-1.2673989099597236,0.5073924193431429,-0.5860349527101134,-1.0120645343059802,2.6214363477134826,22174,73.47,0
-0.14079088641638526,1.9944284946810726,-0.2437499469352824,-2.2688650753773305,0.3826997541336044,-0.7587914430556403,0.5146418238593052,0.1653723326413549,-1.205857758022943,0.22816951344008177,66052,16.84,0
-1.4569854207812678,0.13723712896762474,2.211202574256224,0.2342296914461701,0.3725030898738332,0.7024121600035143,0.00733406842951939,-0.3768531008803232,-0.8042083876844339,0.25768235292751507,154115,63.17,0
-0.7945994551250549,-0.3799018241085537,-1.3671597004984526,-0.9095628762477181,-0.9264749567712708,-0.9348262136644454,-1.4458090032859618,1.1066065376736536,-2.174339843821686,0.41866208025071716,58510,8.65,0
-0.7072645299514636,-0.7375568640679442,0.39085302121855847,0.3282422423599839,-1.659341600135192,-0.9732171948664226,-0.08866741666423159,0.5314923801057907,0.31425848509325494,-0.5033525449847177,128453,34.96,0
-0.25583207134082336,-0.4094655525123675,-0.3353774516734673,0.8554725924551485,0.32473303582206753,0.030189139510283732,-1.127223371349994,-1.0411486150546716,-1.892125588837598,-0.688997976423969,141956,93.19,0
-0.261264391041254,1.1467446054496968,-0.6582893906261043,0.017140667973201705,-0.9453806240931127,0.9393677687987464,-1.6935219549357183,-1.0013625981567575,-1.363147130491647,-0.6090202155668832,44663,103.07,0
0.604791582550568,-0.19316067693862857,-2.41361232850807,-0.7066642790468888,-1.5063005652107155,0.0067610613883565315,-1.6219526507387279,-0.7511120701723841,-0.3218281007629398,0.39480750375948304,112211,37.08,0
-0.01756282647744591,-0.3586073535386307,0.29365929115170897,0.1632516265382057,-0.9376907392668767,-0.3995319384405037,-0.13139633776526344,0.15526608789532545,-0.5640328138582191,-1.1013603566408838,23689,32.94,0
-0.4144730658358585,-0.6966599125054466,0.10078172895023148,0.8767065773758641,0.11044773714527865,0.47948879322404475,0.007125258531753792,-0.1399679033452213,0.29473338595829063,-1.5500422006571912,80251,79.42,0
0.5547965217253135,-0.41608512126652875,-0.9151746903733177,1.3249843536541932,2.3556898387421086,0.727850170800594,1.4696437083235199,-1.6822279128143822,-0.01748464149501632,1.6979189236264578,88474,103.48,0
-2.1951837465222086,0.8097847602782187,-1.6815678023634413,0.1717896151996206,0.988532418236605,1.873459068380936,-0.5773533049206581,0.4978516734690871,1.6766745274685535,-0.2604425976271671,17240,4.9,0
0.34044044350154545,0.7736918910987685,-0.2439227576479475,-0.5367580998571346,0.23701479612274823,0.47844385119615784,1.4884180035291825,-1.5645095814256031,-0.5781898430277185,-1.0969987544531368,57054,25.6,0
0.07013551836612739,-0.5421852684093387,-0.6204262062534526,-0.8413867829757772,-0.3846276164270356,-0.4647467296680671,-0.7506698347844635,-1.841421305735764,0.5031385409124566,-1.286540736361053,19148,70.0,0
-1.6260844886265164,1.1582226687959571,1.5080771845440948,1.4165887294944217,0.33422258713994624,-1.755248369300389,0.03571809194315265,-1.1263809894012873,-0.04045068094855427,-0.0137038240508214,113639,113.69,0
-0.9674900773752345,2.0693711516288884,0.47403433057432,-0.0992187638135439,0.6490851030934534,0.5335974590500636,-1.298053012738161,-0.7072296227425925,0.7713329294051153,-2.4619075657064817,19163,67.05,0
-0.10239670661109637,-1.188198689120337,1.8034693279558056,-0.34550122266235284,-0.9183377477410463,-0.3464966137256527,0.5306060097858019,-1.7337374833983017,-0.09695096290634649,0.1339652032721336,57544,72.0,0
0.3907250260888961,-2.123874919888356,0.4250225939953734,0.6361501598460775,1.0125442493870442,-1.5326823663406166,-0.5783345815608,1.3217196002224765,-1.6113300399863975,1.4401052456172616,6420,38.33,0
-0.4283278221631072,-0.8873900220024538,-0.9303001426393164,0.45898989927402895,-0.74406505118464,0.3891315291894291,1.047634877105146,-0.8401244659524569,0.3985165457938994,0.08188423091995292,152009,23.66,0
1.2319794032650222,0.9957658316635309,-0.18933626257802227,-1.205395992911139,0.427416166147528,-1.091881083759697,-0.48484344166173715,-1.0501626201410925,-0.10539303923271377,-0.19041029102324283,4450,20.34,0
0.11513136750780958,-0.22811518171563971,-1.96549837200535,1.462755191860625,0.4802433341567212,1.1879645754811665,-1.527831193156026,-0.36561383254261803,-1.7047937898052858,-1.4102014588865681,21970,57.5,0
-1.9155651644689942,-0.7589848639930996,-0.3592066916521446,0.750338603365376,2.056203139775511,-0.42968834141871515,0.0558949924516098,0.948284317472521,0.1741257760961447,0.08241763590433164,22691,126.91,0
-1.3375436932928941,-0.019660187085087422,-0.00432472534322486,0.7658174962614995,-0.28492944258331016,0.007376011584905752,1.024380730927126,0.549534350628782,-0.4574276729451512,-1.0247872996496392,34873,51.32,0
-1.958591440397031,-0.4443094521956835,-1.033323162938506,-0.9571653452491523,-0.5396957668657604,0.8940565258823384,0.6976775056368316,0.6435278637156595,-0.3725405525693729,0.7993282067303403,147514,4.38,0
0.01488587520759545,-0.7891646992724058,-1.0331305834580906,0.9021839279554212,-0.09924241072697185,0.8738567905164566,0.533240139241123,0.5615578295268243,-0.9372015513733638,2.359863182337873,144889,129.61,0
0.940289464883589,0.6996732753528626,1.349420216983684,0.8752373855421463,0.4225688161824838,0.19429310341952244,1.0828821809657418,0.5723337246888593,0.5326178243018383,0.21458318057730644,164510,30.41,0
-0.23977101289359176,-1.0863205578814785,-0.4620675457186336,-0.20582935448077644,0.5009955693472801,-0.32454331835599154,-0.016228269712760174,0.03174740417548497,1.022128168319359,0.9663468114361986,126588,81.87,0
-0.8874638247421598,1.9143254086037818,0.5370425333606856,0.5952635114417304,1.4865632539864901,0.26555728050977273,0.02133854864532489,0.9668405395509013,-0.32684952433447867,0.03600672060459653,105730,29.83,0
-1.0470917207664545,0.3819630334848083,-0.8753063804397219,0.6311891940816846,1.492494464014205,0.24084954143453882,1.531670466388364,-0.0409536270074023,0.1349726769673304,-0.4269279939621941,38284,97.48,0
4.115191503767427,1.042162037889617,1.5811288669683161,2.018647204052444,3.2541175790465866,2.550195754559744,0.8701576708630974,0.49869411380430995,3.28004570825286,4.7243823760628265,110087,133.91,1
-0.7941362900254239,-0.3804327609820118,0.3317389850555395,0.5999004339828999,-1.5940750739708296,2.0998659234748756,0.08182151607009264,2.842104436112793,1.6937874700105353,-0.5394679015988211,100839,32.5,0
-0.5222384795425068,-1.329451814662408,-0.1487345907672074,1.9652789446507835,1.9718379250836606,-0.7433870190376026,1.5308852731317635,-0.5689318929450766,0.6447728690667461,-0.2132081724276444,164258,91.29,0
0.6010918374142937,0.014701825279437203,0.09319757971588251,-0.5396957852654911,-1.4678268356512514,-0.362008859015114,1.3376786610107516,-1.2633861817114265,-0.3223046840325609,-0.1653555635786336,4593,118.08,0
-0.03247432391745505,1.0871101984887657,1.942641906426033,-0.40558304093114994,-0.333077991461158,1.7624482979459097,-1.5451446249747471,1.0003476144679113,0.5852812358996035,1.1235098020224263,94529,35.78,0
1.1414807681032177,1.486150645860495,0.8204256293327086,-1.2805465775873714,-1.701080095524512,0.42338828424553665,-0.4438391334030063,-0.12643426709623662,0.5510379543519613,0.04895347839537975,10994,84.22,0
0.6759788558069234,2.3457330389610074,-0.010464794310462442,-0.3117260129551111,2.0618382385011476,1.4881707557791632,-1.1767557617174709,-0.5991491217316725,0.2091277774731296,-0.23475363620827094,18105,22.74,0
-1.150864509185567,0.2567837815138569,-1.6408408032472255,0.5726085621732409,0.09490474617329202,-1.3218815325797542,2.396940176533779,-1.2161933871197623,1.0585999187264579,-2.312717074801868,77030,107.99,0
-0.2435280417248615,0.9361131249297073,0.07568587036596909,1.0564161220028556,-1.0446003659283085,1.3358168816042244,0.5546194474402841,-0.749695164058005,-0.7156008300483515,-0.794685426658342,145139,163.27,0
1.5699984849989468,1.075635401278862,-1.8944461479171393,1.1149720356065458,-0.7689372058793238,-1.7152995851047468,-0.3379335399185156,0.4519348219505278,0.39203405027569327,1.3573265325181894,50003,109.39,0
0.29610058962327057,-0.13128593762321436,-0.8168032658303619,0.3327221082319697,1.9877592372562929,-0.34003602599335087,-0.21901325478235495,-0.07103127543766262,1.1453781147231823,1.1983405983459114,38741,27.87,0
0.87654360408152,0.30374250245132806,0.15480308997465927,0.9327381084746261,0.6911685352578869,0.6453320488566818,0.16461629489552215,0.9517987481847486,0.1298931221120807,0.06186017238387626,102100,12.11,0
0.30225821848546125,0.8013572363555488,0.5478541778069962,-0.9221839147100857,0.07937016601744597,-1.3107808705415498,0.665063085024205,-0.6919138007082076,0.24197020785815282,-1.0248862374967787,112294,36.58,0
-1.350099118126421,-1.5842163388718526,0.23511369980461824,-0.1282101365030248,-0.22866038317331258,0.28095806614950547,-0.47324312114852984,0.5023098649645258,-1.5410198964026438,1.0228860541324831,28641,77.08,0
0.5895468860356021,-0.668270005305298,1.0542805490928489,-0.15921038743943566,0.40199488018391305,-0.31329848598180216,-0.1481571346678707,0.6788250159673933,-0.6070763135215677,-0.7201611027075951,135125,23.47,0
0.6162353965533128,1.890730176101206,-2.337901501147973,-0.2431404535876946,0.6193856420858215,0.38288295270354256,1.091547741955067,-0.6001625196308872,2.033762121037706,0.540907449547678,161414,59.17,0
-0.159648307422017,-3.0730302708212998,0.12416523213337996,-1.4413311345058717,0.09140977316148323,-0.046817586860285504,-0.7195420015508934,0.9776164619962204,-1.7766336717733762,0.26277541715639147,135748,55.4,0
0.4751280673480088,-0.8414601530946475,0.49757827469419513,0.3976779650457155,0.00819700430982076,0.8273417964239792,0.8194689058741319,-2.667309956727729,-0.29258364903458406,-0.6161139906205659,10149,56.66,0
-0.37719287478907115,0.46022467320628885,-0.5635476575346662,-1.160900558428388,1.0975824547543822,-0.5766796386342469,0.039029206029292995,-0.683665468585005,-0.13500113475445905,-1.1674476207171054,103600,54.66,0
1.3225043315231224,0.14613164095694817,0.2904238912960317,1.7183889622788697,0.5131296585920249,-1.3843211357497143,-1.2013628376116197,0.2619567882109054,-0.2081044238403961,0.5417108379778988,88661,13.5,0
0.053457912617474034,-1.9878758296013461,-1.1305139965051827,-0.7940351866750697,-1.024213455210551,0.5030207205535471,0.6101283758569072,-0.4560374358920444,1.0208286424105755,-1.2159896794849383,159568,154.26,0
0.5101387156134412,-0.5857115289891855,0.720443979592958,0.8280759925481701,0.3544194053297085,-0.05962540759710453,-0.24476881308231896,1.838324258818206,0.21875133241926462,-0.2379197151119255,119991,103.45,0
0.27384239830845625,-0.44252646553883224,-1.8246146370471914,0.5319205511195337,-0.6684934818931376,1.0345384209614492,0.12691691270813155,-2.0570847969129726,-0.24818406973979076,-0.37089488722001834,100778,11.27,0
-0.2709281301578081,-1.5074811997787745,-0.874428409077624,-2.2192218213441612,-0.2976200368287706,-1.5409393025519862,-0.9902149894158045,-0.46018477236839717,-0.7915610916450994,0.11996903532826708,119781,81.84,0
-0.6236025096293596,-0.42331954899651913,-1.3184182763051384,-1.1181810953696476,1.12410678395954,0.5106761426572534,0.994260567933725,0.14282090116395402,-2.63870978997273,0.05586435628355863,112142,22.75,0
-1.6550953431851838,1.6744316823952952,0.6553259745791783,0.4745842529395207,0.7742354415187955,-1.0773509572934485,-0.018548858560692175,0.32099002325267023,0.6514363063683817,-0.6161385625977845,165953,5.69,0
0.8662252008585286,0.591252942048272,0.0004749863665227949,-0.14414415880900922,0.3668477618260759,-0.13064526146287425,1.552395223273927,1.0759070112790377,0.5486191775086652,-1.1119176267886324,68005,61.94,0
-0.11902850660012523,1.1502237584974535,0.31217361885152944,-1.3696828024367917,1.2396324781502501,-0.4156738117376999,0.1025671806553637,-0.7174001070186679,-0.753003815789836,0.258682873746283,42367,33.2,0
1.4633028912195618,1.0100636968649277,1.2514607091806247,1.7432583748696906,-0.2800143737206313,0.019645723071779902,0.19568515362685168,-0.810518219355687,0.9526673368709699,0.05123664844606407,15212,57.28,0
-1.6643563933302008,-0.3992910617499062,1.3398797864441758,-0.011226844086627264,0.21434151950750518,-1.7729291554574207,-0.8222073064247665,0.3337498164556771,0.9862505792851158,-0.31209222460653785,150114,6.5,0
-0.7322853814020757,1.4340182847395226,0.007094475325611389,-0.025397403251084714,-1.9558258259165358,-0.23522923252996578,2.065741997500149,1.7052930687764922,-0.5431916986481097,-0.16764095254073447,41406,142.54,0
0.23287802013716835,-0.7506979365041612,-2.3876422084908913,0.1850360473653055,-1.190521567346379,0.059822147463227435,-0.802670828687946,0.4279428042383947,0.24384690021328798,0.3595100452258407,78634,67.12,0
-1.1696100024788274,0.9181462252078333,-2.0985217749066836,0.373152473452412,0.8084697372233473,-1.8703530724191204,-0.21048110817797042,-0.03275669676853363,-0.4647372436833225,-1.986143681567045,26182,38.83,0
-0.11761085542512094,-0.24555016520068595,0.6995098064587445,-0.2705811001362188,-1.1830062023209929,-0.780330644199764,-0.41468656769362044,0.27723201730867947,0.24132454836131817,-1.794903768795505,120956,39.02,0
-0.20378186112454774,0.584827637059613,0.5283770948652446,-0.6888296921838009,1.266758821897002,2.084755956708015,0.8840405096294298,-1.5060991811596642,1.246637164531694,0.3719433061118648,127928,76.68,0
0.37438645170626306,-1.4387751272401994,0.36655880354968934,0.05872049224453354,-0.7831280950572727,1.6400612383692947,0.25486488524678635,-1.9962570359473717,0.33510667440408676,0.8963413634818175,25295,20.83,0
2.010926112400514,1.7143803203566024,-0.07864426837237082,-0.7222553158159929,0.5444439135088993,0.5475538789942053,-0.8959672822607817,1.704637584196864,-1.0818495018564669,0.9049833458226813,50533,59.99,0
0.2363242820282007,1.4695706957615102,-0.6259062289491389,0.4254149846118925,0.7367967160363715,1.8148375202904201,-0.2991631181918663,-1.019992309594743,1.2390365926043918,-0.08597974912874193,65991,82.82,0
0.739692508412923,-0.09089614008213873,-1.2877346269007441,1.3429926524306277,-0.36061612679384936,0.22002400494526173,-1.2273982447914742,-1.3939530330535843,0.09738328025693198,-0.25874287222627895,130770,156.58,0
0.9998242469102946,-0.3697007452087749,0.8735742024863639,-2.428890309093365,0.6962155518302443,1.105571343141608,-1.9531584674689764,1.5005799118379979,-1.3254877182411715,-0.7524099181998664,51589,88.21,0
0.7494570154065637,0.008931873110698613,0.14337017007950356,-0.31344698946110233,0.38104808739949664,-0.5789213825439219,1.403813571030907,-1.6000762456567992,0.6920439475081593,0.5438938956122737,29691,4.74,0
-2.063238276804743,0.3584595763667682,0.9450808526179771,0.9082676899899653,-1.4686024515220615,-0.45766188575892325,1.209046968605822,-0.12626818990532832,0.1354634142281664,-0.893424285860777,153708,36.24,0
-0.3481697908366748,-1.2299444882582236,-0.8795320133153465,2.5585118331044456,-0.9362131890592592,-0.8090300174142527,-0.8867234102646949,1.8019004212337544,-0.5389158192389008,2.240354998266492,153449,28.1,0
-0.9069369850959007,0.033610286911577296,0.18012944380581153,0.30163273296267773,2.0358572812442954,0.7150743838613415,-0.34250073084529675,-0.31943469936604146,-0.9942516628128698,-0.9035407019377701,166706,98.02,0
0.701663648089567,-0.5608990908438263,-0.5717211111771211,-0.709623754094118,0.6613148266131155,-0.23486519272011225,1.4179863692441252,-0.1908986106242179,-0.3469489526904856,-0.8003980879259819,139336,1.12,0
-1.0181176115186856,-0.041337280963909824,1.5951138587973928,-0.15427927601770416,0.40013077750903614,-0.5991018546405157,-0.12431983327974098,-0.014699165803902608,2.081050763143624,0.8617912530898139,140955,29.53,0
-0.6564861068187239,-0.04513738051284493,1.1579930525795872,-0.23877878224865942,-2.0564532699766427,0.9421265918312003,2.104542354056488,1.127973316707375,0.27763396965101067,0.31324298762102876,31737,26.44,0
0.8793979748628286,0.3616005218435837,0.4048722867190754,0.02847079110942715,-1.5731160600611571,0.7530301599246617,1.5935467921920556,0.06910403885386154,0.29970713416582134,-0.19720857101177683,50673,73.52,0
-0.2831633288865059,0.4628668222549053,-0.0779805018944271,0.5758766367523337,-0.5062399623418663,0.15462784410866132,-0.2423082970410263,-0.46957071878155826,0.4327794486830927,0.3095600403351807,75592,42.56,0
0.06269830323671424,-1.3136281090041633,0.8240664756369391,-0.5500691093138412,2.142787106201938,-2.4804060345012777,-0.20361948007803102,-0.01541652581970793,-1.92047826859402,0.15946234252742575,130968,73.78,0
0.5786616338151667,-0.1749298820038401,-0.4303179624722195,2.110301623925836,0.03645177689936918,-1.4475999538876518,2.8687689760254442,-0.7720821066316832,-0.04453070752733741,-1.05262844602764,26022,77.34,0
0.39126465993323495,-0.09621348292819902,0.3505878868631747,-0.0973799175371006,-0.8887806310925734,-0.5855362157982205,0.179354087439254,0.13113809134143364,-0.39184686100302435,-1.5363501953617678,3619,63.83,0
-0.6318156890827807,0.18621586235813473,0.13843451934986478,-0.6561169300430894,-1.5871938013873703,-0.4317391646291971,1.4732968955542045,-1.9338350464862688,0.314196039027041,-0.1466752019634131,96326,76.87,0
-0.23961715543464693,1.99274280083532,-0.24974245041047577,-0.07166405523682462,1.9709331303718327,-0.4590991992390889,-0.4920356621232251,-1.5302609105078953,-1.0370512533817633,0.6579057152280112,166537,68.62,0
-1.6873344339580298,0.5519548963055988,-1.2978629709921605,0.38848693279916996,-0.003727997985697524,0.5386214617743597,-0.6263260365922575,1.6975612470804886,1.2807435208511746,1.1732617054722771,54156,66.03,0
-0.9265759414055249,-0.9772462311318565,-0.6878075170104481,0.10288450722639941,-1.3567112093107137,1.7692767705402057,-1.1399667412340375,-0.7737385624780454,-1.1348124983865335,-2.57513249077656,131481,137.62,0
-0.23843635098030264,2.1203702490425242,-0.7507982732920492,2.111845935480567,-1.0745092833292917,-0.2817314840134854,0.681681920188094,-0.6924772977057707,1.3775719096898857,0.46303618165992844,44927,114.62,0
0.013236672801670204,1.4915665164487661,-0.45665898139238964,-0.06569738864044394,0.3496863861162428,-1.2669209973104003,-0.49155842090493773,1.438836027009161,0.2400413876089237,-0.287498023207297,161606,84.2,0
-1.970015031971576,0.04217369914115087,0.0025153164590909433,-0.19601003860056074,0.2630233215655902,-0.2761480587683602,0.08946506923102418,-0.4917241248613628,-0.16453174711419805,-2.3510999455278845,171707,64.53,0
-0.19497988611978695,-0.6484181249684061,-1.4289381669461676,0.27209174317574075,0.8800878568539743,0.5932367006148741,-1.039940536741391,-0.5728733812651744,2.162179278269843,0.504894620386235,30663,9.98,0
-0.5545724056404471,0.05139785431709231,-1.3243530327621809,1.3103688995730578,-0.6185343041584587,-0.6394073240696911,-0.050601777104585396,-0.23686301052294362,0.09805030601592607,0.32352590094765193,28063,45.33,0
0.5159584767678441,-0.43884933994661673,0.4648713058467087,0.3882273927391748,-0.6858037068991557,-0.01660300193008339,0.06612847552784863,0.19578969570162097,0.22599823208412917,-0.310298954441233,42223,59.32,0
0.27734417972021486,-0.8509432238115706,-1.5724754137934402,-0.3882322924825359,-0.31611143451269136,0.5549558598392129,0.4712797595142346,-0.11145846275475747,1.0103245724177512,0.4323277910786647,114352,28.52,0
-0.8631856623442771,-0.2441227717526189,-0.2604117135724109,0.9901612001053197,-1.059756054288333,0.23166290969257514,1.2990308630495095,-0.7497464255742916,-0.23040019328724073,-0.6584400690494011,106211,73.69,0
-0.8628000195732701,-1.0334955314604064,0.012552723110285054,-1.016318290128753,-1.6760240840708927,0.5740363495126378,0.9019488247018836,-0.03307525236381594,-0.0020498127759394215,1.9211610816228928,67807,150.05,0
0.1572328434361934,-1.6490663313591984,0.1173657510963127,-1.1479412824546105,0.7305214312887639,0.5015055532044023,-0.3357904499013774,0.9285899229642176,-0.46306260441303543,1.3449943390612946,28669,7.66,0
0.7517964658354561,0.007384974130325764,-0.33728700784195703,-0.15198426479479524,0.27864052270818584,0.1626701525605247,-1.0190723053519766,0.38971494781487126,-0.8991941087758154,-0.37078296596603777,38941,54.37,0
0.668326018107997,0.8091174883856003,-1.9857989907109712,-0.22061633669438788,0.26475611106891084,-2.5493767704006305,0.33770728988796683,0.16026892488205022,-0.5303789715470305,-0.310258460637008,121568,23.62,0
1.0437433977204944,-0.021346419070559747,0.4563781853794524,-1.3341023084800938,-1.815429029347753,0.7500443858611368,1.8264050339453897,-0.7266948609489335,0.6112446806084272,0.986227538220152,49506,177.88,0
-0.1564214791432986,0.019650095136569568,1.3824469318752208,0.3379641936723808,0.4527706135637918,2.6915747130482157,0.3987777443650246,-1.42758346082459,0.000309315169626622,-0.41898696177073136,49408,69.93,0
0.9425936208997923,1.2265347456065954,-0.05133800253679587,-0.35962695978361237,-2.037686766302725,0.06160726549294719,0.3752448095617597,-0.24647804588918623,0.19654625427997585,-0.6467772016330439,168978,115.76,0
1.620070309136051,-0.4708738797157607,-0.9646474228665894,-2.8604393974915667,-0.16670039379719437,0.49633198118254557,0.3451705919833726,-1.1203859828040275,0.8960840720296066,0.8642832473631037,116439,76.93,0
-0.7555407187405284,1.7360251458601772,-0.9709392230763997,-1.4330910068036626,0.7615002221739411,0.7280203544554797,0.35374039913398014,0.13550487176253406,1.5746613997110308,-0.2716800262347626,9796,21.2,0
-1.723463407405418,1.1299703941075565,1.29830246593978,-0.44730480700146996,-0.2715922897977846,0.33307270710052334,0.45054040759676534,-0.38788238637446554,1.165966210968567,-1.9044260185298925,25902,25.79,0
0.450317278043813,0.17124082460057136,0.3977544760753508,0.5234727551470508,-0.5870702033039437,-0.3653928360832361,-1.7868512676778587,1.2996740769331196,-1.258455237058941,-1.9895709691457495,100504,115.19,0
0.2868911182926047,-0.143572646638164,-0.15330371533817977,-1.6061056897904893,-0.6288188699353919,-0.30379228580670764,-0.33412569113368507,-0.21655666998767248,0.912123116902793,1.6451959498959625,154887,20.32,0
1.0808562049508712,-0.06300501583677695,1.7653561564936229,-1.4731005726356527,-0.34011735931340803,-0.14301452305724197,1.0504099795852984,0.4013510992555993,-0.0215668154884143,0.3478233980067629,16927,11.52,0
1.3535858895693973,1.358184147104979,0.4233044842091017,0.17857709444821343,-0.44749269975711503,-1.1885263272964757,0.8152954784775385,-0.42907509632434643,-0.9221030622701349,0.5077884732255902,122390,119.97,0
0.11922586112739209,0.1871419867702157,0.8940244030902588,-1.0118019704119208,-0.2666396223097112,-1.7383120105244307,0.5045194572057273,-1.0065285463614138,-0.17993626292917836,2.0588989334384515,101974,140.23,0
-0.5840293332220078,-0.2886148787694938,1.5005031136178935,0.501758473403675,-0.2415571449506083,0.7244544776654501,-0.058152625250118606,0.12399764195169172,-1.0029565989527338,0.042756368077640126,81949,53.64,0
-1.141938226142404,-0.5166247619747387,2.043956971212609,-0.1455365923626713,0.8964886236738843,1.098678954870516,0.8899879148694443,-0.21352387973576128,-1.1111817511856314,0.49146732774963325,137330,63.93,0
0.7368365309200512,-0.6358025565476308,-1.6194237434347885,-1.7546164725683715,0.3073273366010497,0.6205627016310842,-1.0880599219806246,0.7891769949069711,0.9781107376787682,-0.4704770845671754,62044,35.3,0
-0.2934030910639739,0.35982566628688983,0.34780868217258,0.1871744006152133,0.01770896184800714,-1.098325622903696,0.24741792889379782,-1.6592598522933881,-0.70830851562031,1.5015555001414507,86429,72.05,0
-1.3819490313636327,-0.26902583122665236,0.620351365202829,-1.6818459689065979,-0.6357790519891622,-1.5179436873354848,0.011832518237234323,1.1306700628835438,-0.3263207329973682,1.8363867172247434,40942,94.69,0
0.6407291102029202,-0.5278091463598945,0.6425748499394539,1.0450425432614543,-0.2099584361023333,0.20890676130415511,-0.5435225760948096,-1.6602306146947008,0.26066205987332464,-0.24179022617613036,8715,49.34,0
1.1250439217080253,-0.47827713800819477,-1.0382929503465195,-0.440966891743302,0.6383103581437317,-1.4801345297253927,-0.0908648528892948,1.9985578910685469,-1.0400970607698323,-1.7164360954052142,163463,149.72,0
1.411316985876712,-0.3056778613015072,-1.132123428929522,0.6660681903110566,1.1628187321187369,-0.10299246866645724,-0.6556913355511337,-1.4042820043507525,-1.9171849761991615,-2.090926193404171,131300,120.46,0
0.42022670947458574,-0.9357331991843516,-0.30931560205451125,-0.38483331750431515,-0.5932491923817148,0.0535652822568983,-0.13371947940079018,-0.7731569015573314,-0.6674746708667065,2.5983834058342383,119173,113.35,0
0.9955393281626821,0.7836050942972992,-0.9593747292418892,0.13356891455812855,0.39520784901585143,0.19128289725747308,-0.8198385028152636,1.3516423300834972,-0.11186865959828009,-1.2684185845500577,34838,42.23,0
1.3530735775420593,0.5096507632062802,0.9661480309986796,-0.6091682115417223,0.55544086790941,0.20176941933177958,-0.30614557978066753,-1.0972421521147606,1.7921732894957627,1.8938747891939764,77742,18.49,0
-0.6986804359848298,0.5228796669176042,1.0994164409698404,-1.0491021892811228,0.657380524931438,-1.0194242984175317,0.10769065038556988,-0.23700191496421147,2.58942660660388,0.08050633854010598,106023,33.06,0
0.927545777313543,0.2455235809950345,-0.7850528638010786,-1.657139227899207,1.368399342050404,1.6746882374711909,-0.5136716563359154,1.0600997442730051,0.6057750727249509,-1.0044409722739451,148128,117.12,0
-0.23583424381418136,0.437517713367115,1.2597778569035725,-1.0086317825741715,1.1100424925166925,-0.7468083880048326,-2.0286577615465737,1.2882844151786625,0.3956064622187181,-0.03294905356310507,149913,78.0,0
0.7314924079409346,-0.8014387797551964,1.020073416429868,-3.2249562285208904,0.22655866626637872,0.15184445908924354,0.5424037777063394,0.03170509365363808,-1.9161613504073487,1.0819083521121302,157665,110.33,0
-0.4812411238654122,-0.4710002612492502,0.747849354193172,-1.5613365935022723,1.2376380096203758,0.05012253576855028,-0.7879375191522701,-1.3511288593291515,0.30670323858909154,-0.7315381591305761,118579,56.09,0
-0.09154001941820787,1.613440960225359,0.08524877135943626,0.27573981290673266,0.16323541871735905,1.2331547099843143,0.7653826884756264,1.8680885025232064,1.046301865705618,2.032325585760414,17647,3.6,0
-1.368122846253305,-1.3221338980832993,-0.5019054959014345,-0.1869727035205362,0.991323082496371,-0.6968115762219673,-0.729341897585672,1.4362940801832396,-1.285616023496463,1.0233352079411855,88464,19.42,0
-0.1715645102163482,0.32487762440682655,1.2973037604805013,-0.13358192997404636,0.844595719635092,0.38798558438881453,0.3044570839608582,0.46419650808608626,0.12430532373222157,-0.5426508080101833,44433,76.45,0
2.031400164778503,2.397376589597702,-0.6575810012756048,-0.4499830116291807,0.24717772903348778,2.17784785267261,-2.1152696273499054,-0.41794925643837544,2.1944118224950246,-0.045683075787559445,36192,6.92,0
-0.07476892156472781,0.18425522240455336,1.0140891247097645,0.002677127509891169,1.3808878160696472,0.3807014874844444,0.16203184887398447,1.6344279046123014,2.6752109629908536,-1.40346715452998,128878,111.54,0
-0.7654953010422492,-0.40510517173058996,-0.29663176424800064,1.3251961086539485,1.3673188377502348,0.40993016448193703,-0.5208659750097704,1.859990286189816,-1.3051394937390508,-0.3984619542121885,133039,22.87,0
0.7260983614463344,-0.17160059837507027,-0.3857830599207645,-0.3318544110741597,0.25424293627817907,-1.898386382837097,0.5054861146253387,-1.2859097211106185,0.0012486525569804752,0.6736275587607019,136949,99.33,0
2.9530719533399736,2.74384484149596,1.5147524371243337,2.5157430869074093,1.8395593912906936,3.487121134990427,1.336009496894086,2.491735900777464,4.77286321166759,4.549108723302528,113932,109.78,1
-0.5376625769030224,0.9038001294014344,0.8540320612351875,1.4927046072759744,-0.13686788936666924,0.31870210988764247,0.8048586361056724,-2.3066801493826263,-1.330702871086758,0.07864002606821696,70126,66.52,0
-1.5612029221888803,0.8971944180330614,-1.0457100693283625,0.8700621548264672,0.6601163728463529,0.6187149844245802,0.2992350238920126,-0.03724236650221855,1.5888493171495994,-0.6856050209847506,138260,3.81,0
0.016129415276003874,1.45727086327856,-0.2587915495875664,1.9454719481145941,-0.014934652777470477,0.1648508402782561,0.46249265457199035,-0.9865913169195347,0.45903826676709186,1.0502224960448023,142076,107.38,0
-1.2826346502605217,1.6588971676113125,-0.32844177890451104,-0.07648577094687015,-0.16166765578694714,-0.44435593384119726,1.1119383889693057,-0.4969581064887017,1.3736983757446715,-0.4139969842517069,132795,52.49,0
-1.485055479127436,-1.9315361063733665,0.635813262188768,-1.2966260707849544,-0.396032538243941,0.8947128397780704,-0.48635931717624037,-0.11658493591911696,-0.001307777430703948,-0.10298188325424121,33802,113.14,0
0.3951731428154863,2.269612569285197,0.010816519422534776,-0.1170015514719639,1.4350800180007035,-0.5736741251965076,-0.17011612818354802,0.1728084159097178,1.064700702925701,-0.37408097430336357,9573,10.52,0
0.5169904721611418,2.052019623763294,1.3054061967942658,0.3762255513110471,-0.8693450596806322,0.2040775000328025,1.638225980376139,0.1291528163275482,0.4323534171511313,-0.4631264408672211,63009,30.17,0
0.7752291868507144,0.4891143362430499,-1.7807521953719612,-0.09755546155257169,0.36685371894373187,1.0973136179781766,-0.18669628467303534,2.5187562908851855,-1.5463285009509224,0.019247375266954782,108796,113.28,0
0.2489339103966579,-1.0586372679536964,-1.00567841714885,-0.932724973689029,-0.8776543349125515,0.2258441091983972,1.0685346289237954,-0.018374313344588094,0.5847065193942216,-0.9498037776171233,18614,69.45,0
0.7788297171210313,0.8303977491075424,1.769422906014603,1.2365641134052252,0.5833329633576567,0.09699568744735897,0.6733590062591025,-0.8756884517596438,1.064393550615181,0.8750102798901321,156487,11.49,0
-1.2953411844660352,-0.054348065134071935,-0.47436681440649864,1.9169267915003285,-0.6611037168937204,-2.748309347317814,0.7295957504429278,-0.036271654493873144,-0.10282845434869216,1.4442537908376254,40404,68.88,0
4.596276727279875,2.591199478626374,3.8959828489938477,3.649768248802129,1.9879469698912426,1.113469873663805,0.6966130323235236,1.9775837106143443,2.1684816792957293,4.203240123343882,161295,102.66,1
-1.3766861475563088,-0.7665204469788703,-0.21005577299819952,-0.43535596372080304,-0.44808942480870406,-1.2173925901246845,0.20601643417507304,1.2928841187225222,0.2199593929655201,-0.636774836623719,115350,9.51,0
0.5438770041121802,2.3278053364265916,-2.0081478058002147,0.9525835846349205,-0.5851359905494149,-0.5649655472520776,-0.5661584224453049,0.46872798791005604,3.0733503376776574,0.17678664105622083,25650,25.63,0
0.15853969107671423,-0.4809166661741407,1.4135243518009772,0.18792259391515215,-1.8074847565174166,-0.49261121336276187,1.2534504145614775,0.24873024071635427,-0.72439611023569,1.3763845846243552,145228,54.55,0
1.1589495823768998,-1.1970543554232365,-1.180790032820006,-1.0373991054668465,0.5147785518436808,1.223888793650001,1.5554925710521463,1.4025275423738197,0.2333680239557779,0.0223818967662603,141151,28.68,0
-0.9228864418952676,0.24710256483042056,0.9561279147750558,0.06546137555830518,-1.3357028397019948,-1.1600830776436029,1.4169984722933255,-0.901930736717271,0.35274330110013347,1.0788965598876248,45064,64.76,0
0.5654604191690931,-0.02642995474069754,0.7340265441721783,0.176064663715843,-1.5971071194184563,-0.37125326595212993,1.0745368728078772,-0.8301068710525711,-0.6031302239397506,-0.7639772246466161,125188,39.73,0
0.23128202274336457,1.0730092859616567,-0.3155200012467209,0.45766897795035283,1.2560207373800496,-1.3475963519596137,0.9598803995820612,-0.1518152825544264,-0.9528499471404925,1.0195152801088379,130095,47.32,0
0.23459558089343707,-0.2676070080191258,0.4248851959014823,0.27681895369223025,-1.377006297738727,0.9431091033115159,0.23168371384510666,-0.056883429106975913,-1.4840428021795111,-0.7148584473743324,103615,46.48,0
0.31474630558958777,-0.8697173623249038,2.065195238088322,1.6408484162225372,-0.6906674495813695,1.6989932016007108,0.4708534908972122,1.3212786812378963,0.014957960059399306,0.34410525259228614,74506,96.51,0
-2.2592138775776114,-0.4063792147370691,0.5262186479523238,-0.25232405659133683,1.3897592151078182,1.1958642107191713,0.6939777767008111,-0.39130560987651414,0.15369223032227666,0.24173970114376514,116789,58.74,0
0.4048550876357089,-0.06563068188658654,-0.26044628377053547,0.9120263332638503,0.01644398349469419,-0.09043838886471532,0.7500643831285315,2.0358594884606926,0.14053169682133324,0.2014158167540637,139917,45.17,0
-0.69193369617461,-0.274854104030484,-0.3462896403271577,0.10209435307468438,1.3807867044335773,-1.374373961863985,-1.2961882955734396,-0.6375804431057422,0.4212327050194073,0.6487959108387116,60876,39.79,0
1.190413563293744,0.2533979172212008,-2.39673576944724,-0.3330063906917568,1.2877417828900442,1.2572322001968785,-1.5151176807370699,2.065134166396841,-1.3149598648965986,1.0975349846284617,131521,90.67,0
0.35895644065147114,-0.007436346645589392,-0.5698104243227993,-0.7408437064288511,1.3561623838860322,0.26252951714809775,0.8270759467747779,-1.282623816726555,0.07330601752955435,0.4022851819841936,18827,77.85,0
2.4463178589103234,0.7413665309309047,0.5747147271159924,-0.49561731205497855,-0.5102153033613023,0.2518475969948884,0.010495357596030005,0.4881272188723444,0.5902614384933861,-0.8171402638742695,78861,87.07,0
-0.506169266692334,-0.856115187030605,0.4561926374143078,1.4254641732494264,-1.6482767488700723,-0.21226024900341672,2.6987169898898653,-0.4190399462296813,-0.03565973103800807,-0.1561051557740263,8137,56.26,0
0.7183478868941628,0.2468539291312162,1.4484020726356133,-0.911473501456303,-0.4724425178270377,-0.040571213384718426,0.11570095775047733,0.9234609644381288,0.3651774587645891,1.44828817924989,137111,90.99,0
2.327653100346085,-2.2026926411353642,0.9198043401919923,0.9067194295401828,-0.35041535615312086,-1.5020519232689415,0.047327619069849884,0.8657624815880115,1.6200558535066338,-0.13227567242221916,105676,38.89,0
-0.4698365084987269,0.7166310664731552,-1.2341170815392215,1.9053231974548321,-1.5014242324134326,-1.0113432768427388,-0.7543235953336023,-1.7535399818052029,-0.014435478347116941,-0.6787027547160935,165784,11.66,0
-1.013717366440399,1.0215438659814862,1.6326995854665105,0.5473155591213005,3.2002429805170642,1.8188277054526254,-1.5707330042729293,-0.3102775858105869,-0.013220278181534602,0.7299315307952567,91711,12.07,0
0.4853032830631407,0.5714492255163438,-0.0045433567934511625,-0.5687621414013152,-1.3624921977174909,-1.4570306026115392,-0.4075186424710115,0.0853079601757378,0.972029812137327,-0.8055367600498159,159239,117.83,0
0.7795294207714503,0.1860828936902982,-0.8575674293881075,-1.5440133451250129,0.7066372859450395,-0.3322258169210742,-0.5730998315391933,-1.8024787965978253,-0.38399431273163326,-1.2910511928080155,2598,70.5,0
1.480099203713916,-0.34643625218509994,1.6822632487266809,-1.4125004006152988,1.85817761693821,-1.0484151416241725,0.578837152502387,-0.4149549242066796,1.739070238693987,0.7623335675799637,50959,27.12,0
-0.3123554416558699,-0.08795905098117711,0.9558335730808833,-0.0918792726927976,0.20309831958858068,-1.320970655908891,-0.14232505845635054,-2.421954661537225,-0.922518168884214,0.8351331642598651,73125,3.91,0
0.35203447180292424,-0.707797863168717,-0.07014095173715502,-0.8536520447937044,-0.5707217323111227,-1.6288178959393622,-1.7338211309795752,0.5411622648785044,0.9340655133607354,-0.029981678753850546,31235,34.22,0
-2.334177042210305,0.9950307783840061,-0.4294097424905361,-1.2869403067827607,-0.27411219523462255,-0.12625847068872154,0.1887490734094527,-0.28546782452735847,0.3598685125907831,0.6492174506713223,111113,44.44,0
-2.1803662087381888,-2.778669641666051,-1.0222433341425983,-1.1269731723787997,0.616959177266036,0.6249363905316047,-2.052711519188836,0.8105824888116355,0.396404412516963,-1.766834510773086,35527,20.68,0
-0.474512933619039,-0.5743441084772188,0.7633091755024936,0.6773762959754626,1.1819980519255384,1.277912662076373,1.663147626744539,0.09200929338490335,-0.2117178596961014,-2.3213758583391204,130623,79.86,0
3.237446511999759,1.0042628626718502,1.4242970040992937,1.4685834480667537,4.087648425239385,3.978285878909583,2.0652188295885034,1.527699590577149,2.317484602916913,2.492821377064842,155901,461.57,1
-0.370370609661107,0.10209062488808177,0.3303854946215733,0.037136015376966126,-0.4615085283962066,0.7130148610775204,-0.49088206584929617,-1.0828062730509687,0.5762530715770091,-1.0732263913710776,153588,21.21,0
0.5044446476624683,-1.7740966972843037,0.27453483711105,0.620462359645895,0.4168376924207596,0.9539082973195758,-1.480316207781571,0.9185457290263356,-0.19546246751902355,-0.14211715031897906,47422,80.7,0
0.06553258083005072,-1.3215712121995455,0.9999294713186874,0.5392525802580823,0.04705294782287555,-1.3547402850922816,-0.3654811822195256,0.06062558733144797,-0.8438001281172401,0.04653807768356695,100964,17.11,0
0.4389910293888949,0.1212405446770433,-0.2123382052092645,0.38257068809075157,-0.6066963690697782,0.5374030856413456,0.5399908314938124,0.299883779393612,-0.5393148864108894,0.9957733987733814,12682,28.81,0
0.7823503424176613,-0.7158574437812334,0.6969186624529615,-0.3628372006334877,1.2336085658348825,1.019944247863435,1.5791156221213862,0.06806229650933039,-0.7674137418937167,0.6316969289806574,14488,62.97,0
-0.7601900886189056,0.47268309223861316,0.30809653451408037,1.204743083399446,0.6622854064744218,0.06249151680014581,0.547159994378064,0.1997391261772232,0.8856735138556571,0.9055223863941328,131504,113.69,0
0.5502537430336992,0.16388076907604027,0.7986392610486397,-0.1760876965596295,-0.05598858916824332,-0.9212182868714152,-1.5371962955034142,0.4023421228016666,-0.2256169905519794,0.6182358508484805,14711,44.38,0
-1.4470045764150157,-0.5207317913982836,0.3436022623597101,0.04866227839107852,0.13751230612798523,-0.27773506234059747,1.0583831365876797,0.8536892601109091,-0.3541734110693161,-0.08408606032672113,139889,47.62,0
-1.4855620032310715,-0.6934133311673524,0.16140584477004594,1.5985706178114065,1.4576815494911495,-0.5695275877347149,0.5189737958276073,1.7837582299786434,1.602775579143522,-1.4406491322431623,40054,128.31,0
0.45002067342183205,-0.3039346765201432,2.898800613559521,0.31199836181895313,-0.7692895814228655,0.15281759395857636,-1.328534054563621,0.5457025570003714,-0.20192764367482416,-1.4158767682264246,70909,65.94,0
-1.2279155506918433,0.6632154402564954,-1.3242618426821398,-1.149141787534425,0.8683328173302316,-0.1703207209798789,-0.5936116183594963,0.6099464026719514,-1.5021779971327522,-0.4727170120349912,113540,59.91,0
-0.23817374397466523,0.29181276742631007,-1.5540788210206211,0.533776273858507,-0.02009063116761963,0.3906823750224901,-0.5541895470618681,0.39836740832480727,0.3236759982592827,1.0209480375208757,141022,29.77,0
0.1771198300050302,-0.10750015443072543,0.6301534194283186,-0.22584211067313115,-0.9969432550763406,0.29567984468732983,1.2091500288064518,0.5119229289718692,-0.38718025602818623,-0.47806332565967924,89110,54.29,0
0.2945928425583791,0.757423818050381,0.09366084764485418,-0.6957803896047969,0.17949336040773675,1.950984940301054,0.6230025450704657,1.6193734479288204,-0.9777417231970083,0.3332177481573726,58087,179.36,0
-0.42477372779309125,-0.5929258703203995,0.5921271511533787,-0.8192821061003154,0.21713575185929004,-1.6735939781920588,0.9364306008908072,-1.2609733166122568,-0.08113858934781705,1.2370120662809045,49741,71.86,0
0.10255318372626686,0.07058957541733794,-1.5266956155219669,-0.441447877016211,-0.06818374792584589,-0.43123791738492423,-0.1986427571850607,-0.9965621549543237,-1.7546898109250193,0.5614100519489477,148963,42.33,0
1.9353811835291097,-1.7618169609361978,-0.5281105353885002,1.5731854067592725,0.6548911579778811,0.6804013501198701,-0.6719609816298433,0.10472772510249213,1.6179878745404674,-0.9680251109813667,4077,92.44,0
0.5651533788097695,0.08901225367902267,-0.29209636302145364,2.4794034521548225,-1.0780744688813524,-1.8321029378798617,1.1268186627477805,1.988744666259444,-2.156716916043929,0.9162540285219546,80447,57.24,0
1.9967308916917865,-1.009150341366842,0.4543033057398061,-0.21191485991091527,0.5136449558123697,0.9361720668113871,0.269738684028085,-0.22199783946975515,-0.21345762813971317,-2.1009038140192993,81985,13.64,0
1.025348034257755,0.13775369227712947,0.2623884365307285,1.5626582864273035,0.38503314032035113,0.9733853159903573,-0.46040140167095833,-0.8684871313317467,-0.2832287419615139,0.29990843386112664,22995,63.47,0
-0.8761099242279576,-0.39119750332066106,-1.4237321112037242,-0.9612759859566656,1.4396335305269161,0.3717873055880829,-0.21370423830464388,0.8451454054153468,-0.4102309858272735,-0.4737398531624348,38455,123.35,0
-0.012938768103588062,0.6211975594529023,-0.47551249838778537,-1.4339373740349537,-0.23957189145484806,1.5239981010956674,-0.40184086256024953,0.4680141464928111,0.5486297102228435,-0.37408259220567214,1524,60.78,0
-1.1783036231148656,3.023781452622391,0.5285534835483313,1.1986515898518884,2.0266425601781592,-0.7020136616597602,0.46614739496169083,1.9996171235548674,-1.19743161043337,0.6072976612097366,169872,103.14,0
-1.1037406977820072,-0.44806273414224823,-1.2356735808149601,0.579338270420888,0.250610276157731,0.15434512646656093,1.771425263118786,-0.5796729734329175,-1.1885341731008119,0.9521047829023668,22563,83.18,0
0.8463040623077297,-2.0846057526540664,-0.06530673216548083,0.7389894470366405,-0.3031226693659235,-0.522378384637123,0.5323105635385098,-0.4378788471572448,1.2632585335677942,1.9142763678303174,95646,126.49,0
1.1997297803441704,-0.5408976902627972,-0.4629398671591936,1.302164273045876,0.320278190699021,0.37279977375507595,-0.5233243852670172,1.2711526012530427,0.8209351007539684,-0.07608533250565834,127162,64.93,0
-1.2444717876010754,0.791498932084825,-0.1295486377843279,0.4264824042302869,-0.9568469736229859,1.438073186760554,0.8286948590409773,-1.3724556119010523,-1.0783356130757928,0.18830195210001646,107119,89.71,0
-0.4684256978994578,0.06597450310600346,-1.2007748659230675,-0.6255763653847941,0.6894735644077659,1.095612037126704,0.9757681140494742,0.9213163403295124,0.8184266601018806,0.3775410380313003,123064,89.91,0
-0.5941499556967944,-0.6427835696407243,-0.5157465846241712,0.4510526820436264,0.7302738347511075,1.7736108966542765,-1.0145626837927992,0.8609419596818413,0.270519000502679,-0.7519747735310397,60240,82.67,0
-0.9411220959249583,0.2901333270887555,0.7314016437182146,0.3318215467767024,-0.8451596472798208,1.006438316255191,1.3419992669393899,-1.2708947948745322,1.5574186071277711,2.203411345394438,111282,111.6,0
0.09048978162787422,-0.6893452522173416,0.9060104275706085,-0.12314640509362498,-0.5390876941718167,-0.2392789590343433,-1.4150948481237002,0.5801556274167156,1.9448880728549494,1.4799308198211276,65558,2.41,0
-1.4966386899033264,-0.3566114765593062,-0.3238870247205901,0.6888078845494705,-0.3879680723577459,1.1687448042065185,0.7017530353646626,0.5981352876401154,-0.3931295106967442,-0.1444675195023722,169809,88.64,0
0.9610934861202163,2.161941781188503,1.693828127622051,-2.3655342193942603,0.5003377828194732,0.6563402638289583,0.06701899033333758,-0.7529331925029196,0.6151867726135783,-0.763524690080112,39176,34.11,0
1.1408127893613809,-0.3783380345239026,-0.9182334624054216,0.8479217540828429,0.7650294797093706,0.6312192735702514,-0.8087644274274024,-0.0336929608187298,-0.11537363153501445,0.4043763245521753,17249,40.45,0
0.26552864911647195,0.9623557113343643,0.34390756249012705,-2.007228137790559,1.346663270971097,0.9002753932377743,0.6565105169690351,-2.3477778671933778,-0.7420296755611172,-0.6720868994126696,115276,30.76,0
-1.635463248457858,1.0188112432067427,-0.9789650287637407,0.8981718246566575,1.7250329420345678,0.9846891924957778,2.2231039147358342,1.1824130651008447,-0.5908202273024248,0.04660054556866479,144673,27.63,0
1.592912089122808,0.12628113723756937,-0.6103616315042307,-0.8240691695998863,-0.011869530677998787,0.2593530344559697,-0.7428266092445683,-1.4536703068623935,0.2833194390115534,0.9417646339536665,131931,118.78,0
-0.023422959200815323,0.6963308814017153,1.1700709903865816,0.5318881192017995,-0.004406049244960837,0.8515838543442575,-0.30238496875303494,-0.020314216603575637,0.24407245352396614,-0.265682304026452,45311,97.13,0
0.9091596022138765,1.837745630786756,-1.8220318502709199,-1.15219444687591,-2.164219440843272,-0.28738616294741903,-0.7271989785258389,-1.104608610837818,0.7044940919144822,-0.59885904288847,69132,54.2,0
1.7853183942247275,0.6241931142173556,-0.34883269452865795,0.09130022265857075,-0.3654851997146472,-0.7071449963877648,0.2814721720699038,-1.0304845988965272,0.3130518090143498,0.07221995276740668,116389,43.32,0
-1.734385762448901,0.9261077504485437,1.0739695414377377,0.3715604216938288,1.0728236873301344,0.1383631580287693,0.3214846599418385,0.9237285988845035,-1.5343727678715755,1.918767817140558,70822,38.78,0
-0.5335195256828793,-0.3003179731610725,0.3611007593098181,-0.43296940570874193,-1.9825790358678268,0.679138818325196,0.8787777249624776,0.6998807319481566,0.07945940555333818,1.2201857384367065,114061,145.6,0
3.1788536793675353,0.9023674171353204,-0.15327379046223277,0.16176239623590988,0.8844363055512506,-0.1101702112685181,0.7453783562914271,0.22162215787768266,0.4218255819920303,0.011853696039062446,72343,99.88,0
1.4614442922422022,-1.0033173903616845,-0.558664227043533,0.8046774281323147,-1.5894782909366534,-1.2676492312148346,1.0369733004978061,1.1668971989716457,-0.5570983272440767,0.7529594359712158,109260,86.88,0
0.9885532424653152,-0.9752363117526348,-1.4337503338367856,-0.03573306828069045,0.2443504071164504,-1.3831329637471979,-0.7543234118807486,0.7201478987887567,-1.5908423015301123,-0.6766895039590183,7668,84.61,0
-0.6830918015851747,-1.0892581201383016,-0.12634701112754376,-0.2976834855402208,1.3821334382009005,-0.1846031886504178,0.8814547611838727,1.203624384768126,-0.41824691133405734,-2.3073215587266755,143855,106.87,0
0.33584125693302364,1.3850596270486406,-2.227932395816701,1.1618290205706736,-0.26442720156412625,0.7894935055744232,1.4282194638192287,-0.17803510258060412,-0.08543280833249083,0.4484707094933593,49558,59.5,0
-0.789986353867603,-1.708087705413325,0.4179591050427642,0.4837543777650492,0.3305024347721445,0.2289761551492464,0.22111953025768813,-1.9773337830720117,-0.48161320193831697,-0.34028821024887346,110849,124.68,0
-0.10823333832297323,-1.085570234915503,0.5452731654872153,0.34226542477198163,0.5175954936151803,0.11766962470341936,-0.9530254487620436,1.0154439738740972,2.0202962791687438,0.47588155105297214,71463,72.66,0
1.0778433557451819,1.918164394628769,1.8700485084562146,0.286009233152778,-0.6930077480667151,0.3294509091072474,-0.8860050469788258,-0.9189294294009274,0.1802809896696239,0.40810052405744957,167724,17.59,0
0.02185214552344288,0.9746576907002027,-1.1115156549745906,-0.3445172386998327,-0.4997762731365756,1.0721741677899421,0.3629297389568627,-0.20786993742779605,1.443102014502811,1.5068426113852955,163628,49.25,0
-0.1420032144075213,-0.835380288848037,-0.33118039405214905,-0.3253339350685435,-0.6335508355113907,-2.086366677487968,0.5278849433926043,-1.6925734214592536,-2.611918145617506,0.8002242939145273,91975,30.11,0
0.8719343665194511,0.17723014526811154,-0.7877630401582735,-0.44812574970471186,0.09719675228381489,1.0644732600673101,0.6841162653903671,0.619149601908667,1.6214806481279949,0.08195464095801824,157504,61.05,0
0.9405647163912139,2.238831666414424,-0.4509568265201174,-1.3877535617002592,-0.07182410341343931,-0.5999091184624037,0.35496995250337543,-0.014155638354808184,2.36163054830609,-0.1823113469648214,76214,87.03,0
0.14242573607056525,-1.2157982985088753,2.139681744057713,0.7840845465836042,0.28556841543291694,-1.2350962446963178,-0.2791473900271765,-0.6319546485263915,0.32285142795424854,0.2827852021624104,75859,117.19,0
0.6287962936103031,0.23857611005047125,1.6993678975454027,-3.887804341619664,-0.38089113167934613,1.3478470412156416,0.8243122883270015,1.0198363734685407,1.6164159367018842,0.314409763306656,130404,44.86,0
1.9372311624295169,-0.31493664075714545,-1.1682643693180517,-1.3434000818848497,0.5739306153664281,0.4212487640448262,1.9688878175502142,1.1747038525397995,1.174804222079019,0.08513332568255527,35543,73.92,0
-1.302179506862318,-0.3075277647170156,-1.864102032152144,-0.7577805673149619,-1.3028389130875562,1.036770787041004,0.044446728859096486,-1.0711750877388804,-0.7045382361833248,-0.2869792496103841,1837,35.02,0
-0.4121493784569676,3.2412590769767857,-0.2325331994467262,0.22690101596279635,-0.15743687199424147,0.27594709860000655,-0.37705114920949107,0.9315013216956831,-0.7499738676124342,-0.34771876910242205,167,23.83,0
-1.8807984279740577,0.9727923614357405,-1.0947054828862488,-0.8291436361661667,0.7817545975045007,-1.5085322673883428,-0.18284643151750574,1.2303988738119769,1.358153287286032,-0.48895610231686865,156516,106.02,0
-0.822702023079101,-0.5241829062550026,-0.7944033974004906,-0.7900072964370534,1.3058728262102701,0.01609324132121902,-1.1172606724355594,-1.095713222797279,1.3916670522732657,0.7438574042936887,64263,5.24,0
-0.8532433505588201,-0.6683746832995339,-0.6726461511894929,-0.9334603580065122,-0.29995313298298404,0.45972070204276977,1.5279021368780794,-0.10603409184998419,0.14391010276309918,0.9671713267863056,76001,70.6,0
1.1322345721792477,-0.2182334445471739,1.0509127007879968,-0.4836635621378971,-2.356831103756661,1.535745471222662,0.38328817701863704,-0.04948358075218695,0.9091729350309422,0.040427072378806,90799,6.55,0
-0.8332625915372465,0.3831690226561928,-1.7684918655590522,1.9548995916476282,0.9554450859843071,0.21928499296717477,0.025934564565606395,-0.29067592853856555,-2.021266468596927,0.8817104397989709,137184,17.92,0
-1.7577283913566313,-1.048591644827592,0.39888180594806727,-0.0017446574202015417,1.1087366762686228,1.1840305496790888,0.6433572032596702,0.07278991692233024,-0.6793187144430608,1.232583335459925,40389,44.03,0
-0.4439016364187562,-0.27992782620285456,0.9475895674145403,-0.6797763803957657,0.10136672470890502,-0.6441599353622527,2.0474304017463822,1.013140718400172,0.39559421302163983,-0.5958106210299591,160991,25.72,0
-1.18707042637437,-0.05324079863907779,-0.7340244692218376,-0.7052555017189515,0.351697767915665,1.0630005202455413,-1.8341544533668062,-0.19117464531234538,0.8265878605415744,-0.12159804493983806,71599,37.24,0
-0.9089976945137175,0.6113544202582081,1.0741235102341058,0.35830543919592484,0.1382238071542727,0.6530200861861699,1.46652482800599,-0.18112855497657682,-0.5942977789985715,0.7070902806111447,29839,15.92,0
1.6711212285632473,-0.582550143348166,-1.0614298993894336,0.19434346448170625,1.4186353120639537,-1.1277929765676722,0.9440485346834038,-0.9530303395596177,1.4216265546611417,1.9040458032967142,49063,66.57,0
-1.2253917994691081,0.12401531860560501,1.113208100588848,-1.3634544588129167,-0.6133731833684581,0.11970753644931316,-1.2090817009760504,1.0382803277164534,-0.14981880882960336,-0.642624802718057,119794,107.46,0
-0.8175583983299655,-1.0511759472670905,-0.3811444870611752,2.551348953621102,-0.15452028268770893,-1.14434292477057,-1.1070683090262663,0.4337531513945975,0.3085951676098503,-0.16302317903634345,140605,131.81,0
1.6823835853400984,-0.4510012294467944,0.8145038214514995,-0.36301500436813444,-0.13232484516036994,-0.17051810324470135,1.1211802637319142,2.4504789947345413,0.6717327003176705,1.4437709513464585,157850,107.03,0
1.4359781248017758,0.5147842369624097,-0.46956651097237645,-0.9910742860246571,-0.20764625982957532,-0.1299628614739487,-0.7327579655150183,0.1850327218369142,0.10174839861600972,-0.9362483900696892,78647,59.58,0
1.1985198365166936,0.45520272463714184,-0.07897418101747768,-0.07991174410650202,-0.8530057327600915,-1.6603672466550468,0.03741617559507404,-0.6310003802202749,0.3331689114586238,-0.060100969484402016,92668,2.67,0
1.3581210958672605,-1.261123731347135,0.7312304018802419,-0.18704077328218052,-1.644666032989024,0.684807520446975,0.9715998026195624,-0.2959578904884265,-1.0957041804473793,-0.5507479292311002,171616,23.83,0
-0.9452565518733762,-0.18476037052630803,0.6478346730955673,1.0263942941019852,2.2070820654636734,-0.0963426111909388,-0.350690547600098,-0.14313322604902137,-1.0339175479848346,1.2607318257288092,169993,15.42,0
1.5016920342421995,5.256988190276425,-0.04871675758035021,1.3991880268813839,2.04837199493123,-1.4323466296534768,3.483211231766483,3.145521818099847,5.417163777447155,3.3456568014267942,14255,339.6,1
-0.11335399783980703,1.4998267972288106,-0.06672313898283302,-0.32583999687640003,-0.6050005508873477,2.1017728815143633,1.5513403487142,0.44146914006430105,0.01564769420398378,1.2417015621845586,29506,47.0,0
0.25519335175601643,0.9090615078050971,1.6957719306274401,1.3065584409873443,1.4069555777818088,-0.6247078991411382,1.4454480243705408,1.4683876083068264,-0.6478043678861966,-0.7593575116996926,168663,69.28,0
-1.5813107815109928,-2.3367413763573883,2.078015043633011,0.2483385337657695,-1.3650288863899045,-1.106966299700577,-1.0029294547865177,1.7651041605905282,0.033130278033810745,0.6133331729985544,20481,0.02,0
-1.3602434375921744,-0.4958252538120278,1.3730881326061544,-0.4521511157351564,0.9356177186452562,0.5181942423984942,-1.3779149504726231,0.9808635713866058,-0.5854209122904813,0.5730020511866413,119213,157.18,0
2.1752881668054833,1.931857933351348,0.0031346289178122433,3.9596067861519058,2.2260284671186463,2.1183365747121887,0.7766937251036894,0.5331928026013535,3.4457576491813153,5.819947821778074,97597,118.07,1
-0.3522650349497693,-0.2586929792418571,-0.8542338609745351,0.4702679672315828,-0.730372202360799,1.6254372217028938,-1.6943511182112838,3.0509236822273977,-0.015677298204964295,-0.742893315308438,167165,48.8,0
0.7698568930553547,0.0037053507974743488,-0.7579800126770487,-1.9534045257293744,0.15822048628679414,0.480467097003245,0.9093866534738607,-1.73470507505336,-0.01823427711111517,-0.6743668886190956,170483,97.69,0
-0.7776059277482671,0.5664086773974751,-3.0829197630568688,0.6778074173271814,0.6035703236850228,-0.2653321165665122,-0.7117129410262295,0.014309186619549868,0.2726512489445426,1.329303616394698,148285,17.33,0
-2.4807085099845416,1.8039304832528678,0.04199908714409162,0.23214378864358656,0.49539461503454135,0.41919691899708905,0.2369340007917713,0.06809806770382897,0.6623956639950512,-0.10917801403815632,168036,12.74,0
1.392070920974255,-1.0038625836175148,-1.1974725976303797,-2.159248413413239,-0.037999864005278494,-0.28604466875568385,1.2791631656965243,-0.47175514444190453,-1.2199706812573525,-0.048607133674290495,115991,109.15,0
0.8399226051327979,0.3709882249395528,-0.6275686027358373,0.33807172672727276,-0.3044182401973722,0.3783873934105239,-0.46301015664664935,-1.41428773710583,0.8841817862435671,0.44964395337054036,75333,69.16,0
-1.0444164883084324,0.625208259599904,0.633952933209529,1.7643119350074923,0.18582620325048063,-2.1085304612637246,-0.5771631758144851,-0.27925672802191903,1.1814295165146573,-0.2354416022610062,135970,71.16,0
0.3277464699519495,0.16372225505801816,1.154387899644425,-0.2087982064229208,1.13037949237705,-0.9840051137237156,0.29020030398368707,0.5369617191750631,1.4297898511821234,1.2073570254841373,3926,45.94,0
-0.9693985777386207,-0.5669983359412419,-0.8483203895479107,-1.2275490176321833,-0.5138831812339866,-0.2872410645747687,0.4383511487791551,-0.9666430304059205,-0.24332330794676524,-1.3785481253168237,118132,62.44,0
0.6756066331644784,1.920900822086021,-1.2357408309978233,-0.6273374211174519,-0.1478746844438469,-1.2540428643279284,-0.708898996579918,-1.0325026704167284,0.4565677206605929,1.6185311353370655,167159,85.63,0
0.2689134476786009,0.06745456606786167,-0.18770806139179752,1.9273977539937555,1.5651133475640908,-0.6411712083613678,-0.42300866040898233,-1.2518353012375592,1.8352175152205237,-0.48787394775796245,156593,23.86,0
0.5566166656775543,0.5164142827544048,0.3922803295791006,-0.6714637605324103,0.5856219858989308,0.02682785418957803,1.0769217223206249,-1.8527094911146027,-1.2752454673681097,-0.3678455708154725,36055,36.01,0
-1.0717013268617444,-0.5445707318949119,0.10949912556094678,0.18731552313116723,-0.34777314242209234,-1.045173294904216,0.6175756580620021,-0.9668789263946639,-0.8686576848333946,0.3817382592060761,150384,36.92,0
0.43442364354585733,0.5587710347377585,-0.11045401130771397,1.2801292689716093,0.8167339153984602,-0.008720675213032339,-0.7621126900769404,1.7295638488334062,-0.9777572635867892,1.0480033874839145,29175,100.71,0
-3.063779866312396,-0.11912503371633071,1.3724431805642519,0.5269230185375029,0.13575587134398362,0.278425070350371,-0.6687234082638018,-0.32810298828670365,0.6761184177150142,-0.3548201954886881,7142,5.0,0
0.19923804124923924,-0.688478910865794,-0.06253919575474984,0.09655474629983324,-2.0190020959228363,1.0641146159195851,1.8635174503489524,-0.8333446735086815,-0.7217351961389874,0.0789940837813233,16344,24.23,0
-0.3635832903067989,2.2317861454923915,0.9230647018766497,1.572735949794239,-0.2722427957082504,-0.31084890463308995,0.5017700257768325,-0.05300231123152458,0.5347400088825501,0.44435759876910186,9469,31.28,0
-1.2476277991437925,-0.27309728395597477,-0.07636449943171635,-0.7853960359401979,-0.31063460417164707,-1.2321293934376853,0.022645119825545745,0.12489552988312355,-1.0035926401168758,1.5448462016030426,10751,19.79,0
0.3156050035903405,-0.96099634192432,0.24801351071422595,1.0920604167800927,-0.19065816116919607,-1.3180294358777604,-0.26553071077993395,-0.15851061281516343,-0.22284962447729093,1.7872604528244793,26633,112.1,0
-0.3487250722484376,-0.8241064992640045,0.4256638126367649,-1.5451309051116413,0.5144494594410594,0.42976121000730444,1.1206993143367117,-1.4399544176719679,0.013717975958005035,0.9818827308230823,63106,78.36,0
1.9735214368136709,-1.2825446297039873,-0.04951421173240328,0.7458644997834322,1.306826284796275,0.7365596248845392,0.18598745648786194,-0.7773285141714626,-1.107841787138426,0.1474112771389594,140608,119.49,0
-1.977749062367128,0.7954598748704036,0.3588515363809683,-0.5840731390862621,0.7948023501473626,-0.03622440509418289,0.24841192331688916,-0.8002591327204994,1.5167993360401737,1.2055192086563098,140797,36.2,0
-0.9991448913310123,-1.3263486680493446,-0.41273145944754897,0.9845229729948867,-0.34132171218916313,1.5811987953584126,2.6730760995005705,1.7894254820903963,0.6968371654522438,1.056658931100747,131289,77.46,0
-0.5387713176177432,-0.9145550467939221,0.32551880283926843,-0.5492046314253658,-1.36807448775486,-0.19283277376787883,0.2859054496179301,0.8182327638123443,-0.05306737158074613,-0.6349990317224975,25021,25.28,0
-0.8897903262971976,0.47828070073017764,0.35160418902669965,-0.15807485451290068,1.2808327565132032,-0.14739557432084088,-0.9313254520997714,-0.48342632454889223,0.4256286989235893,-0.10706847681358406,155858,130.38,0
0.35687105914950934,-0.08824545029310012,-1.5229587639944702,0.08289056141961645,0.8805517333965305,0.46301484795967973,-2.63471390321547,0.05058492689142478,-1.119868987138514,0.26084438514129243,19668,6.76,0
0.32408922232004705,-1.470215622097479,-1.1445006174317105,1.5251191098822687,-1.0969327848618573,-2.404526789936707,-1.469418874521655,2.4466461978893097,0.5077313239007449,-1.0188786346286738,17175,74.08,0
-0.7253915220079754,0.7851923067296196,-0.9251607224472203,0.3533665860270396,0.2813343707819083,-1.6387174780524372,0.1895760679224758,2.5480037543006997,-0.9567936153534755,-1.3143695090865437,87594,108.19,0
1.3473232416135588,1.1461066390517474,1.036943410250951,0.03081068174919174,0.8373860884208123,-2.008323661747371,-1.0260092490528603,1.6713246009194715,-0.7967274713375441,1.0559165300699738,74123,55.0,0
-1.893171161238105,-0.3949972712981747,-0.12972501901058803,0.28209771646242404,-1.2916298640207338,-1.031159996146353,-0.3513486574674362,0.992776358936815,-0.8590725853305915,-0.7577108821359708,16692,23.76,0
-0.03775503444853058,0.0077383344216193865,-0.5689125979479266,-1.2865457029233422,1.7070827619264102,1.441539007100459,-1.0508601023354023,0.8688331860235569,0.4530579332395031,0.11543243524579772,39407,8.55,0
1.972195951943814,0.4210133024605525,0.4081300829757099,-0.9842411914800846,1.8053710669005658,1.1209470441569618,-0.5437108437150331,0.5856456041829127,-0.10493876806001426,-1.4727829744407592,9978,52.91,0
-1.286130036708791,-2.5927165154022687,-2.510928865047139,-0.33120127739626604,0.9613087693170126,-0.4823114551918347,-1.0452523849590778,0.033283008602781175,0.0473394034653178,-0.8516086798468714,147981,18.11,0
-0.056783194392691534,0.05909333302501734,0.0847832864008106,-1.202110758836501,-1.726852193777482,0.39570884326860606,0.08044896456618413,-0.14983658594678062,0.8304244809091642,1.0632804671809162,77129,74.3,0
-0.23644641996451343,-0.5481591248437031,2.251907450196455,-0.9842218768688435,-0.4116130621118469,-0.49281738971727795,-1.127154102233821,-0.12777124825616512,0.8817571203633842,-0.45184349783410177,128443,93.93,0
-0.12725330898528756,-0.4817546473645869,0.17697776408547883,1.8823114896955764,0.2299761150234739,0.21725848727518682,-1.4012509239661861,-0.6484209097799453,-0.17478573190098015,0.9096898196254022,86672,56.92,0
0.668197843557631,1.031413062940705,-1.4576473569847277,1.2324287096787758,0.6582079780516632,1.1397370450831312,1.5994369045135057,-2.1572183797743083,-1.3395782618717547,1.1414187479386937,98010,23.28,0
-0.608247947199117,-0.7258640424932256,-2.2022254490736652,0.5893308114979687,1.9996737921018612,0.4390292762940552,-0.9589105703036741,-0.5354584434120038,-1.666075216957476,-0.5225373906434705,16056,64.99,0
-1.8855729044434706,-0.36509797601075417,0.8899870325668338,0.5543599049989679,-0.22779927366315994,1.3921770411365206,0.049398981519900916,-0.16068913005941426,0.2840358354590264,1.3529909069402293,115431,46.22,0
0.6450166893150603,1.0855361331812003,-0.914038092573377,-0.33047046937102437,0.3521783083677695,1.7382953518084499,-0.34533229550277145,-0.46611276589368184,1.243953509563246,-0.307129104734385,129366,42.81,0
1.1195006808029162,2.538483229427952,-0.2170987240605085,-0.6256093185616934,0.2437668101924316,0.005054931210662157,1.2128707571367854,1.82269766633683,-0.6173873962326077,-2.0503515241559738,136742,80.38,0
-0.901034029254952,1.7581109162143385,-0.5356672712320654,2.0635414904733906,0.5375588822049737,-1.4090140860567608,-0.1896840137902715,-0.47689370840952616,0.5029903182964149,-0.7061665821470794,1226,23.09,0
-0.2328507161155849,-1.108040546446171,0.042609223760035765,-0.29281835577044596,-1.0002086234017997,0.04232551955607256,1.2649299344804044,0.05153531908078961,-1.546996667944975,0.05911688479905781,24273,71.93,0
1.3634287120856987,0.28120645592290483,-0.2154268594424721,-0.17097128903293554,-0.18165046174923352,1.0611441247247708,2.1214872648739473,0.9601600541549278,1.576771076837727,0.08238634037331312,2271,56.58,0
-0.11916883732792043,-1.5148944072109338,-1.2876846697756177,-0.17983928690141016,-0.2215014863888449,-0.6798871281524327,0.11547339203235835,-1.0397708615336136,1.6373276245206254,0.01645625671780337,8245,97.26,0
-2.180210064489474,-0.12076857667400692,0.5251572900302712,-0.984341766213772,-2.386404681367707,-0.42971391740392456,-0.4439009554702268,0.2886399471167301,1.3101254426690878,0.9581566426281728,118297,52.42,0
1.1876343927211208,1.1618663608635478,0.04986884400147382,0.8537127471277668,0.6754304712767758,-1.8192598813774552,0.47873086328367487,-1.235796302904856,2.1030199342411753,1.1111254109002338,109986,161.47,0
-1.1111049009175582,-0.6283199853884129,-1.0155666619054864,-0.9785735408649548,-0.47216645654704203,0.5188995089994819,0.8451363438779997,0.7640933160181423,-0.8685093615169817,-2.3060480075654164,110305,38.22,0
1.8594948076233115,-1.0601538975982672,-1.9359547676126674,-2.0458742302582236,-0.3840832036027939,0.4316270008792509,-0.3598974027895524,2.1798256401645753,0.04082140706978602,-0.942692154442871,114927,173.9,0
1.0460522510478993,-0.3068683125602983,-1.0938125066902094,2.2798715757495764,0.1002745458025519,0.9754415567366225,-0.3831455060827344,0.5439475201306795,0.7761790293619415,-0.9024944543579516,93655,7.05,0
-0.17795755574568647,-2.0319331900437034,0.1830496008171349,-1.4704555243815784,1.37567835171567,-0.604918599741848,-1.0787404979733752,0.14426944786343035,1.0585106011813064,-1.5114750795272098,122475,19.63,0
-1.140206856651158,-0.7820778736683621,0.3431918017546363,-1.749932647203449,0.1881441392705413,-0.34152481759849457,-0.9699910923437538,-2.5963593138622114,0.46332911541143235,-0.6024382829839438,93848,102.05,0
-0.12500903031957764,-2.1864064400171506,0.2376338670416892,0.14994219622025123,2.3020600734300767,1.6292830356217987,0.3967337784225923,-1.818631166042216,-1.6928439084081335,0.548601883351622,61204,138.93,0
0.19318157981319836,-1.4517054137653986,-1.3409513804358102,-0.36494046373297717,1.6008622962517562,-0.8764222304605156,0.6703588772128999,0.28829778761040126,-0.963923590058505,0.07882023909142415,166617,90.83,0
0.36544406436407834,0.6347106420900043,0.9152683866465448,2.8231174112671455,0.8015095417333089,0.5405123938742858,-1.135144011963411,0.4356436938460455,-0.2276748032055665,0.24718643577001326,159128,104.27,0
0.18532564941538202,0.8868263287992036,1.5023554712759948,0.7747607353951352,0.4674210673534321,2.4205551310087463,-2.1867844148980407,1.1138842699707976,0.9314682384094649,-0.8849636760680823,136666,79.08,0
-0.4425357118921839,-1.1873231090622745,-0.3242272499251918,-0.11582790036690063,0.4056022634622747,-2.0601621540314854,-0.07072108855096625,-0.45735014248844685,1.5393193119485735,-2.4590321135731767,21842,97.46,0
1.461178866720329,1.12948231294792,0.7023027870213473,1.8688331731510581,1.4870295143442231,-0.6376738245507104,1.3375693341483217,0.34770522681251737,0.06904149629940481,0.17858335606544445,152322,96.84,0
-0.6388778482433419,0.3757302976123567,0.11581268292209276,0.0633431536948447,0.27363486511602797,-1.005033731864265,-2.3370616302801195,-1.7835299402656404,-0.034238973107300626,-0.028386905616412966,44266,9.0,0
0.5795611424764774,-0.47185964772141936,0.25074061991132746,-1.9552783310704953,-1.4493998418086262,-1.6167767538642601,-0.4523049342670339,-1.7457847344793462,0.6250315478853422,0.3313723609370958,77787,137.38,0
0.8638280136981883,-0.7223603588673853,0.5664078826716058,-0.4305198311886011,-1.5083720856454044,0.10759845327296835,1.8269651576585,0.5260040829109638,-0.08307798876512847,0.6722856626668532,37343,93.15,0
-1.8213503419246384,1.8722346756364532,0.3494512232841407,0.934068892165902,-0.11830257501622099,-0.9819850811261792,1.3571916895657465,-0.08795721969845831,1.1664003644490402,0.4542137161956711,80901,130.03,0
-0.814169981986113,-0.19590357499297611,1.4877835971653446,0.806322426028862,-1.2439911622015887,-0.5002338402469328,-0.37061505412399204,0.05257472092373833,1.428500499804823,0.2715668321809295,121106,42.06,0
-0.5997494491188647,0.1233094044424584,-0.18037225252830674,-0.52337174710124,-0.558825238466334,-1.0644060312583128,-0.49071576070636536,1.2974857664461676,0.3097002513759764,-0.1749737152830093,55660,9.93,0
-0.6083674959040184,-0.014135259210628073,-0.28385931931625463,-0.4056860618836856,-0.3626310438697443,0.3087353901091784,0.05781984778377252,-0.7701505875722215,0.8843603051246332,-1.9485911044143103,74005,8.28,0
0.47113629339992935,1.8395020028225635,-1.1015687804448064,1.715480239680246,-0.7752576597574965,-0.7535990864709267,0.6576942394618999,-1.3750234399997618,-0.6271898774516903,0.0866123725631,23031,98.22,0
0.5831081356577431,0.644514088682196,0.01996791653601892,0.09775888132430396,0.7721113787740158,-0.7896397522873732,-0.37719808844712627,-0.4782140247713908,0.30378024003451876,0.8091079212385806,149947,109.08,0
1.193618571856377,-1.5258569827326718,-1.2692045713626225,-0.5438279692764925,2.28953724484655,-0.774232070040323,-1.897286045973107,-0.1342179052163372,-1.094775431437547,-1.014750446354195,141943,12.45,0
1.4309190188243524,1.8873409462559467,2.397116714531808,0.8048663485410703,-0.07747721454355075,-0.1897348979997314,0.2567663411488036,1.5308099945178637,-1.489508301571187,0.7352913442509993,139985,0.43,0
0.4375122486198699,1.0195070602013239,-0.7351964381623162,0.7743867869234314,0.5328672079740328,0.8275063329650659,-0.8153950930128742,-0.9368221163613831,-0.7505042949944205,-0.739960474991417,95731,17.08,0
-0.6711402773965811,0.15158984481952292,1.1665467057472083,0.24730288909645481,-0.28122523217198736,-0.4785752577468287,-0.489793107535516,0.19227012259332638,-0.5327706829620691,0.010704826194995028,129372,166.97,0
0.22359554877468227,-0.5661892748600006,-0.9768084930749713,0.49531004170743254,-0.8503883000586403,0.6779680123724077,2.811436884007344,-1.1142565425626332,0.7433880808871426,-0.36869101971730817,14512,33.41,0
-0.8312858359510763,0.001047186082536809,0.43176100785028515,0.7296259919185254,-1.5620111153292136,0.5225169183566184,0.2413262450066115,-0.4571363573996206,-0.5621834271826401,-0.626807173679099,6610,79.11,0
-0.9500220549105812,-2.4186142826957147,0.7124301184930362,-1.1868864746607124,0.49764507803620156,0.49298868470309865,-0.6393559955459227,-0.10020398917343985,-1.785208033856962,2.1606246856870017,75675,149.99,0
-0.18329755642725984,-1.2670884031299756,0.37850132528536523,0.13649199400572554,0.7085724686727621,0.7111877956738906,2.1581984559754126,0.3009737769151125,-1.9774739309583946,1.1066454051844992,7365,44.6,0
1.43530015664544,-0.6855316128530513,-0.6828412744655215,0.1681742247813388,-0.786463706774815,-1.21902060432434,-1.003313584835347,-1.4783611084744996,-1.0857452811284627,1.443098933195181,109422,58.49,0
0.697488311921,1.2328036892688596,1.2835986301081355,2.0491460358467033,-0.7940687017982925,1.0570212604673288,-1.2152777457995123,1.3593124126093414,2.4144472790780402,1.4169714868302488,58051,67.05,0
-0.7847792471559913,0.47711953787947037,0.5668380019892694,1.267212606577366,0.02451691953842703,-0.2824189031573673,-0.6260075146855234,-0.7019605602850594,-1.6475038291177622,0.6072404810979094,142544,27.24,0
0.014527881937568883,-1.6818057566276796,1.0831829148451766,-0.9354531459646455,-0.4264397944342251,1.2818424820357261,0.9708189619889586,0.44664394051276113,0.09079510219300672,-0.025166301160068582,162960,21.77,0
-0.59197880772998,0.11411757113861393,0.31237328692007543,0.3169539939058328,0.10855369784052744,0.978164731261709,-0.03528446846808469,-1.6218606648588525,-0.2500905403298752,-0.15307254205420134,132980,83.37,0
2.57251743696973,-1.2512806335226867,-0.38396502593686194,-0.5288704375701501,-0.32667364608499866,0.4160986758835331,0.0360080440000675,-0.23462440215894628,-0.06310784255156614,0.48908640560396127,2528,59.2,0
1.0960642330571804,-0.7903886536822237,-0.23461803852089771,0.02069598424636107,0.8439522991711713,-1.2671702674073555,0.7964693457207853,-0.2463582022577131,-1.4258990187428282,0.49857637212413475,143708,19.81,0
0.21958492717994416,0.9263767478332465,-0.6521023717931075,1.491764703806802,1.6029048928422998,-0.8028548545936912,0.24104982302093222,-0.5752157624080152,0.3710641439095226,0.5832320122277411,17614,49.08,0
-0.5656387483550389,1.148495298580351,0.6447247540642086,1.2492622537718918,0.9835638986838199,-0.4438960403060948,0.42583260890531655,-0.9130491022651758,-0.6892667368924812,-1.3552916177315215,69044,63.53,0
0.6140991771126236,1.6061991600164907,0.4579009305079092,-2.1351955980867587,-0.456354498308363,-0.1774875383065662,-0.33239714865226727,1.0586846764470546,0.5578360302183867,0.20925248729144832,127383,3.56,0
-0.4304583334619581,0.12103793966357433,-0.3399821008967875,-0.6998386627619273,-0.1427532303141715,-1.4777797752480817,0.7544001321668039,0.03152631132155178,1.3524991302243692,0.26618104363804085,54189,171.2,0
1.8783791319931293,0.07892521268322598,1.0366385845910118,0.3377968746369915,-0.4882116645955765,-1.1097254057965993,-0.010774200199863703,0.14961864137393213,-0.558797689332024,1.6058743841448675,38096,42.08,0
0.9112280051906476,-2.0661448050211484,-0.9859776834192479,-0.32921371937622396,0.866447011069771,-0.30418398259205837,-0.2884090527239492,0.45054796700316324,-0.11417405246945937,-0.8541149363674199,84937,36.56,0
-0.19134398669506028,0.07492707856622638,-0.44157813534799617,0.7937323297297773,-0.2655850790791903,0.31019454405094826,-0.5347162844102102,-0.23772470898608855,-0.8523514875417285,-0.8646547115272375,33297,39.57,0
1.2352473883102724,0.5633988376627469,-0.3419718973601411,1.743330127991242,-1.3122650975014607,0.7637021746737039,0.12184295317476321,-0.005652475173104181,1.0240620048788691,0.7316756510106969,165610,61.49,0
-0.06331985971095996,-1.2319472220842016,0.7182561254740842,0.8392853589936647,1.783030992590942,0.7329059309617004,-0.49373383579925434,1.346568446559882,-0.10652522923874783,-1.50271960409965,75004,138.46,0
0.3034669008166697,0.16240605084272658,-0.23510914840814795,1.0451094187643148,1.8036658074765983,-0.24981232851380344,0.12883489829682046,0.8453335500072522,0.4552776557136514,0.1752864051986025,18292,66.97,0
0.6546595284477861,1.0063904776197492,-1.1599894396932418,1.7098785318866498,-0.1500735619498677,-1.7713844118646866,0.5024414852067237,1.5312364045611304,0.5772088997676719,-1.5012248547005052,71119,59.69,0
0.9679988045538644,-0.44679740613887026,0.7724101479101136,0.6479830636940592,0.43728427460040903,-1.0784194596445453,-1.8961962578243126,0.8154641226942106,-0.538409526496282,1.6128696352169223,32460,4.94,0
0.8630924536109083,-1.3023214051000322,-0.8302541227472741,-1.2993666792404774,-3.102760796624073,0.6489455708655443,-1.6829702538103308,-0.737785120469242,0.27411034403463935,-1.5757531772518172,18117,77.2,0
-0.6275875364369197,0.5573965571936229,-0.059402730672675784,0.7989310870592383,-0.5989900460835171,-0.26272586025589867,-0.6897127748314813,0.10230523206605811,-1.572029961137767,-1.442193576035006,117750,161.16,0
0.17874096328632716,-0.7221222702285907,-1.1686417535643978,-0.1564553029252464,1.4027012897324986,-0.9308141947451899,0.3818881964751942,-0.09591115649868673,2.159491039670511,-1.1656407667963409,7437,69.4,0
0.03931306602429631,-0.4884116560655365,0.8205549402713387,-0.045636908671423004,-3.700091559090642,-1.0328236977891947,0.5838966157876588,0.23863672864974514,0.9023339294850374,-0.6421066053689127,16911,4.48,0
0.6203723939313579,0.27029494670783055,0.2255734972285734,0.505931127647303,0.15265948751580072,-0.9119233022570424,0.9640561303560571,-0.7986561854224704,1.4087164652803053,-1.1358276933189322,157650,10.84,0
-1.6828697716158048,0.24493922704446816,-0.4081087616778623,0.5521894854346522,-1.6008332892434123,0.10243971572915438,0.24287087122253856,-1.0798555472417941,-0.3328235607720078,1.011831229528796,62708,117.67,0
0.701350838344826,-0.1286942385447029,-0.237484242464837,0.1881222436058222,-0.04296456195419612,-0.8918857527742468,-0.2502346306586392,-0.04541896216556875,1.000504123997074,2.144366286296901,153607,1.0,0
0.27236975527423984,-0.44612560835288306,0.0809252332521623,2.601974078158437,-0.3592884450277593,0.8206298472079934,0.9881315252266694,1.4462715575458174,0.4018970740312723,-0.5440659384063772,138813,49.36,0
-0.42329831204415375,-0.7653555151203043,0.6912820989229157,-0.5543127112131678,1.2962156815388617,1.1378566156165137,0.6102029710561815,-0.8792354263799301,1.0836530276410437,0.0965297673735561,69366,86.94,0
-1.615658339320678,1.3043301326604781,-0.2404989584823943,-0.5112831236207457,-0.3437313885581705,-0.4155073778401859,1.062411814024592,-0.6652972400016628,1.1192539187620016,-0.9656936365684827,121630,116.2,0
0.19963501791151453,1.9748910853573585,1.434893074450249,-3.4445840497678972,1.2140162509340595,0.29905703794100097,-0.5573481998317705,-0.4621494241944494,-1.1850995149757078,0.931813972478092,125672,37.53,0
0.4801434033916108,1.4084488442463559,0.4032513705988798,-0.22122565065107855,-0.13648023176044785,-1.1008542015399994,-0.30568250452696094,0.2872825540392328,1.7132378478469674,-0.1502006644493977,118122,75.18,0
-1.3383824113238445,0.472451014355301,0.052016109262326755,-0.8463558648348002,1.6484868884832717,0.28574694679125234,-0.5109780635161362,1.6377245549918655,0.4672117833089807,2.597411841432606,155645,47.97,0
-0.008933867891970693,0.5893505016383412,2.420938515658837,-0.020001487346713052,-0.7354468177922702,0.2886801448094544,-1.7928917086883331,1.474019380783673,-1.2303248769928818,0.20736636905297065,18621,55.72,0
-0.14752868024035293,1.9546925154112462,0.09272620522395288,-0.3439005907792451,0.2177815128199371,-1.006421538301779,1.5429050160785907,-2.395348694439995,-0.22655226336834275,0.392928122284092,96160,93.79,0
-1.5356420699261193,-0.4456795560532098,-0.8626703187070606,-0.18545448507230478,0.7791101854566701,0.5890765858496766,-0.13312526094166677,0.35791665085309543,1.5623715678679801,0.4309274331252177,55331,59.72,0
1.604229104685014,-1.161310204722596,0.18093657666377086,1.551970645076985,-0.7751207236137811,0.6301453207938449,-0.5436558959347381,-1.231146494559163,-1.0662846100146381,-1.2599185231463192,127492,11.75,0
0.08786763708072752,-0.9661853720724374,-0.6270959337094042,0.47863931665980813,-1.1796808147629319,-0.30573438213208526,-0.35489132907558835,-0.7457789144434442,0.3096438081906756,-0.14665427555635485,84882,12.29,0
1.5611865331764823,-0.31702961978983357,0.38006889507920627,0.4812486200590785,0.23207341165914078,-0.011521615511595919,-0.9399347885873346,0.08214322129194503,0.659953018688041,1.73817058014021,50598,49.89,0
-1.2103987277827886,-0.8501996336058633,1.0939453535835113,1.4489632861644581,0.9810280981395949,0.10120256492190757,0.5133304855482658,0.4935111886688474,-0.48584068196777475,-0.7580274466770972,63358,23.73,0
1.2496652670437771,0.17917177460087425,1.4180705541247638,0.24481066312140204,-0.459505981481222,0.6499469110237343,-1.836803605074439,-1.048260243557517,-0.1746502461994104,0.25137243730089476,6613,72.4,0
0.6774848420913938,-1.0343577700936986,-0.1146123590003228,0.8392309407882321,-0.2311059313610249,1.1595531083185424,-0.7593340978220104,0.8914372153291228,-0.33631084253894494,0.5167069969459599,107175,38.45,0
0.5811988119942524,-0.4779015397734336,0.0184485787202093,0.009508090915318122,-1.5152605079180672,-0.9766308657535234,0.45600198518966306,-0.6616190848320735,-1.1022146017913539,0.43886355167982244,110396,11.55,0
-0.6655097072886943,-0.03135470067650179,0.7564867149216389,0.3170704524688457,-0.6436933060630557,1.1197653482522973,-0.33744186040852664,-0.4814713321251872,0.10892787126365122,0.03087349885571783,152108,47.76,0
-1.216603715289405,-1.2015194659187214,-0.7731944576387653,0.5089786345523063,-0.6798792649748162,-0.43340192562702723,-0.9120502580288725,-0.3193975562100273,-0.42847580858614803,0.7838437598577355,55596,38.95,0
-2.0501721010310225,1.3895602585800617,1.2796880156711665,-0.28088345910777934,-0.04440604828918175,0.9064761001766741,-0.5359668854976357,1.5767373855999285,0.15639759452865903,0.9899256207620253,161758,49.97,0
-2.2604147573378524,-0.3864728727169088,1.1342170301658476,0.36378494564995456,0.03254503176192438,0.6623300571835197,-0.2980013524472166,1.1752617130943503,-0.7189663531217777,-1.6073068195377145,42012,60.83,0
0.2566587307122617,-0.32459689589701496,-0.9033299917558719,-1.1036408077229607,1.8585866164162272,-0.3334453630141593,0.037029357690153225,-1.7763221997413345,0.3781356321799411,-1.5983187443585105,14049,140.55,0
0.7129974253450992,1.2145568559539437,0.5764741398308774,-1.361652219504395,0.15629927193621673,2.391622746205688,0.7954311841718266,-0.16751675794368928,0.8546175892516872,-1.736443121863501,19531,9.19,0
0.8579758812571538,-0.09399877422878479,0.6340623560790319,-0.5716750652851643,0.44457223924036476,-1.4562129886693227,0.6385240359420935,-2.2824579632976505,0.35896730701307744,-0.1492487497351865,159063,16.97,0
-0.4708216577755361,0.8680678984458442,0.2802327814731966,0.9053680416465748,-0.41057308157409034,0.7717904898807331,-0.7992509723702166,-1.5841474904176065,1.1141339414127562,-0.892276121678307,30421,112.17,0
-1.8283953114415024,1.1105627402927678,-1.7927668291001777,-0.617293951412198,-1.8937007441190368,0.0660686839264923,-0.8921995148939958,-2.1175125836644315,0.9428377450664708,-0.3466757609637099,19854,90.72,0
0.9704979808637308,0.9204144983406113,-0.924259410816647,2.479134574725335,-0.2662541494961267,-0.3437568187539144,2.363240471917498,-1.0861174567540721,0.8457430664435226,-2.0550416852775504,17087,37.33,0
-1.3169250736329463,-1.5638035002056712,1.7556739302323163,-0.24001715181677286,0.05339111541619958,-0.3986601287731764,-0.1373360429664448,1.4335458499995466,1.136950074725536,0.38770259761049874,113655,170.03,0
-1.0775613288673254,0.8645851955276563,0.07934788405171923,-0.837158963132276,-0.9247326997109881,-0.85069218770483,0.30624377739732866,0.8464357994936189,0.9488034139956315,-1.4098846523975785,22799,32.53,0
0.8381265678943811,0.20165754263448052,0.6761219353000746,0.5841949441760275,1.0442134732144202,0.9892686334202945,0.2262733029568457,0.9777803770591094,0.9787003834026526,-1.360942667199639,143222,24.4,0
0.4224674242372267,0.7593337714584683,-0.061467411188287,-1.1156540011597813,0.060630089731278085,0.39259263896497654,0.5344558217785341,-2.026727393343913,0.6618383704752678,-0.7306634557368217,139078,109.57,0
0.9957013858999235,0.3502124978585262,1.211325194760139,-0.4258787336328963,0.6529292467777684,-0.8303935694073183,-0.5148773927524785,0.2901077037682979,1.8985425748233362,0.029645756952625533,52029,33.43,0
2.1211434026336673,0.03644372582630957,-0.49978534124360413,-1.1253653917690785,-0.5315282490933342,0.8366555945455971,0.10344510465497601,-0.3397846170427152,1.316892582989337,1.506559012331088,40533,119.82,0
0.42228901912535954,1.2859973646782836,1.2330602748227724,0.5870140051543722,1.7683473915902792,-0.8576320647592103,0.3469278939366937,-0.7891933840988264,1.1731279644780943,0.2769748156562435,157648,17.13,0
0.6396264094979018,-0.9869797557960719,-0.3459516301665442,0.7208230966852296,2.3459115827542574,0.8452047123117883,-1.1737574969424953,0.7984331424617431,0.5555158816147858,-2.2420446647815004,131628,58.54,0
-0.8262294663639526,0.2723334011283283,-0.8691759087306522,0.8653629593268948,1.2334935482459914,-0.3118625396642448,1.3167806635714312,0.5518047614474653,0.14950017250009345,-0.802536962838005,152013,32.43,0
0.6197019654824789,0.8834121740905903,-0.5738192032929551,0.06655699043621993,-0.02157741661526991,-0.0866783923360997,-0.8021165410409284,-1.8210131123449247,0.40233285232349847,0.9125745349174196,159587,69.34,0
1.079721790140744,0.4430573106429492,1.2686889781467203,4.968423262967074,2.923921519608182,4.9094064905026515,2.504680393278167,1.9489799141800084,2.699846998910819,2.149147939688336,47049,477.17,1
0.5718591826367099,1.680307105978335,0.5817583030209609,-0.7800764107150233,0.8528799795201931,1.2094423599364288,0.7467584192883641,-0.45219994191751256,0.19313420881970597,-1.3292274652299114,150248,18.67,0
-0.9029271780870264,0.304150446186177,1.077267903716688,-0.6203194325216602,-0.18613850565368634,1.8116571865359512,-1.2725516421260878,0.8464211199447693,-2.172049974217483,1.4733705421009686,140006,39.52,0
2.905067169240407,-0.6273209259168789,1.3089431565364635,-0.6253457927715216,-1.182150807954398,0.15743691035263355,1.867345167931109,-1.761988343208218,-0.330044290305216,0.05289513086779794,159819,64.0,0
-1.074766013817714,0.39897963473923403,-0.8166693336227218,1.0651783616224522,-0.285103802686256,-0.2866213487470736,0.2719514971344084,-0.04313721298796677,0.6050139392516197,-0.2180626556795306,41343,87.44,0
-0.660300116021989,-1.5112226864959049,0.9040889598937201,-0.10922633062876186,1.0482329153900176,1.382812003385717,0.018025015811886702,-0.2651410110069842,-0.27567922767524683,1.1928030798003848,74222,92.65,0
1.067222416571983,0.42424813745518875,1.395772152812251,-0.7516253766464014,0.46027571216071417,-0.09853111508787596,-0.5888606044837659,0.37254103263737026,-0.08475872256465349,0.5410637307255133,47087,42.41,0
0.21744041530326128,-0.3415138143814004,-0.11744787527233685,-0.7437589743549698,0.5922077735827421,0.9249707194042877,-0.6468264285816633,1.171145002768065,-1.9508473190115763,-0.17843442363919876,27581,139.92,0
1.1425892227901149,-1.0260820009313156,1.095413792614956,1.7485538771297098,-0.7723291046234922,-0.5312521641983385,0.40190156667265364,0.2630745671988689,-0.051412153739808356,0.04302283004426586,78054,100.45,0
-0.41033997334510935,-0.4292913705475386,0.3873540479944179,0.18570803754763732,-0.2936123867975505,0.6036754821556082,1.8106049431441273,1.1575850523338427,-1.4823885456354269,-0.9401691351951992,170787,81.91,0
-1.045262781398474,0.6323153404675466,-1.1285841516171509,0.06561227721718836,1.5707546120621019,-0.1282815381413193,0.4347641924895456,2.2778514510464523,-0.5666110775205849,0.2882366857983631,13839,40.82,0
-0.6942637622480688,-0.45123088890642726,-0.5962104166749215,-0.3395961557811601,0.7219638704134186,-0.5942776100361612,-1.1034074533161857,0.02543936474713427,0.5462326077797681,-1.5455637826510147,104027,116.15,0
0.7420289029794906,0.5587978521423151,0.15675816288069885,-1.0529712491154706,-0.4411392516375624,0.04355290542735449,0.19951792122138184,0.7601086703852606,-1.27060848946283,0.3183657060705877,3194,12.06,0
2.9179461377373452,4.0629322980031555,4.360478828282613,0.886063974209613,3.162291780109486,3.030462776510063,-0.5011940312593475,3.239085374822507,3.8765271951543703,1.857444865934884,90663,212.95,1
0.09446999181963821,-1.1052048408175186,-2.5370675157456817,0.9705884668497021,-0.5677744596409467,-0.3951763214792695,0.3339488208716779,0.5210220087162025,0.24366000206336447,1.0110845063231662,129689,103.66,0
-0.4077307716044333,0.3175181785028984,-0.18940266780649592,-0.7161398240198995,0.5331344037084068,-0.1618971692564155,-0.5087765195334119,0.013072700444952321,0.207699850660601,0.678189498125716,30385,8.45,0
-0.06350867443826871,-0.6416324391380163,-0.7054806490303621,0.28224712176715,-0.7588015195223506,2.5470791443679888,-0.0007249757923322261,-1.5806912555990025,-1.0034388739572893,-0.39355806258677906,1433,73.03,0
0.9282969915684843,1.9079484933468815,0.309397787548615,0.578558258784181,-0.7527500902418349,-0.32526232929330307,0.5339351405586664,-0.13060296450556305,0.4106322814795851,-0.8618132713014662,107879,54.18,0
-0.8091259849410398,0.9443223521182641,-0.8018469900399894,0.3107132017429109,1.7526199245394292,-1.0177214269522048,0.9640038114444975,1.279111813615516,-0.5230176059708987,0.5078037322214294,167260,85.58,0
1.2479499850594318,-2.4383374137796223,0.03172919853554027,-0.2719257502386974,-1.02733535621852,-0.3265401934909577,-0.2787302787865048,-0.5257044954204685,-1.902703632842048,0.07619952259538343,5727,34.27,0
-0.560448809794373,-1.0667792375574,-0.20371778060295764,0.9319953933384871,2.927815186233118,1.1506442013607254,-0.32528373503022706,0.23783861242040305,-0.1873992196387847,-0.0534698608438645,133755,19.81,0
-0.4488776202803848,-0.3384557462419147,-0.8409205668602298,-1.4535124785244957,0.062134580041521885,1.9314888529666354,0.08298444857729469,-0.48504775635180314,1.1623719492089837,0.16634169191763112,15600,123.73,0
1.4099062172750279,1.4443437020934313,-0.23846743733888845,-1.4592277719040092,0.31911691264681086,0.15039239302365434,-0.17987419129288437,-0.10000741316607512,-0.5653796676632746,0.14646854737386378,147906,87.32,0
-1.598498532013283,-0.7355057076430367,-0.26148461323742256,-1.1301019997344715,1.3782779158359368,0.15740876424096178,-1.2490988634754852,0.9768558035757227,1.5521373422988027,0.6051618446704263,164406,34.92,0
0.9351087610227838,0.5493379184464988,-0.6380944676740209,-0.9183692369000799,-0.459607255470422,0.874408911351857,1.7627843274965713,1.2204250437782804,-0.688747756266279,-1.5926711999320855,19297,68.14,0
0.7689658715737455,-0.45355157730561674,0.7167330077054214,1.411405806479421,0.9650510846140046,0.8023851549305044,1.0915690169080874,0.3965990052496025,-0.9943505924283238,2.095638266057983,44396,109.97,0
-0.3845501100179167,0.5697078815226975,-1.0233112807658922,-0.5485097936175729,-0.8368657572846429,0.6936222296710834,0.40294958327295505,0.31113331265100924,-0.4285464890314375,-0.1681738612502927,131543,40.19,0
0.7400142363043355,0.3011247428520243,1.091205090586163,-0.35177736604791715,1.8292022978652303,0.5020281277390727,1.149315273056193,0.0794795206686903,1.1100511748216575,-1.0438978550374658,77269,32.9,0
-0.09588360256597088,-0.8200112026395026,-1.2413641835805693,2.84882512731232,-1.2628337297844632,0.49834986848772744,-0.3261898941207002,0.8625274128373749,-0.056579819027766994,-2.6015631132729626,131015,28.61,0
0.27627417932855375,-1.6289975650602997,0.44847381007323184,1.794315865242568,-2.3524485999677713,0.5691315690190213,0.14094291658117725,0.1265987865922102,1.0251352618255334,-0.8100653015267859,14495,11.93,0
-0.6541464400677965,0.5995845197903774,-0.2961455921908937,-0.4925899572885781,0.07775486301596105,-0.764921905807427,2.2719774851568464,-0.0024664317014791597,1.4644695387589117,0.3162976237247731,165810,164.69,0
0.9375229217497576,3.11670424132392,0.09738927517017688,-0.02628395754211129,-0.06634661085754201,-0.2748034402079335,-0.5197721545522586,0.8559892254411526,-0.13592373151478973,-1.9531560125288492,95538,50.25,0
-0.7859766079313554,-2.4787565179008344,0.9545148466028355,2.367629179183871,0.22097539358024598,1.3224050777143361,0.8734160065089066,-0.1798208734459793,0.6219545452154498,1.7345827208169255,45999,47.89,0
0.35175640839920347,0.3426471991948034,-1.1795074120851095,-0.904800083738726,1.1972638213296438,-0.4471904354070139,0.196956748321297,-0.44804505208782563,-0.29785509542266375,0.2659985697587513,148877,24.15,0
1.7289953408857035,0.2000053082182553,-0.44259023798936625,1.16301908083868,0.6326125565018283,-0.8801982816740165,-0.8314485284414707,-1.101012813095848,0.327615325157132,1.0243353009241472,56727,127.93,0
1.2472114211424503,0.5469595150160383,-0.9629138874658232,-0.3460647047270636,0.7955362981672176,-0.23750507908192364,0.710138532156177,-0.504310311919071,-0.5306965732179645,-1.101504024667292,122641,61.38,0
-1.06975241128969,0.818070093274486,-1.1092590559045103,-0.5643312750455635,-0.3941183097991737,1.020202041456085,-0.9030693189820551,0.4018659871179711,1.126869594034611,1.2655047723801816,26120,25.04,0
-1.3168302110582415,0.15151697174797846,1.1269862522811211,0.4642495736715836,-3.257367642666575,0.20927681753754343,-0.31840027312214836,-0.8689543593580927,0.049351707227258915,-0.3552666307927185,31095,29.92,0
-1.1715666288253417,1.4656601683453478,0.1865941445080283,-0.7656636967773063,0.9740340688897365,-0.4745844736148692,1.569463635809116,-1.65462668519261,-0.17531510476446174,-0.6675003431336348,36100,53.87,0
-0.17685919357279603,-0.8313656987973053,1.0367954325002064,-0.6777097573460621,-0.47697797518767865,-1.198124766698186,0.07539973918813064,-0.9697001251355809,-1.380250235001923,0.24408556598286488,31146,40.09,0
-1.4535992799316308,1.124795965171238,0.955848582613206,-0.467025895079761,0.35565339327615064,0.5032232044264245,0.3742226239402479,0.3325001860499837,-2.1520063178577127,0.3016887196724364,140541,41.38,0
2.7039851072793866,1.9620056638422476,0.19500006716769022,-2.5034476091355575,-1.0741869469626075,0.3802231355175076,1.1597812166750472,1.7413308689937548,-1.8490836665711425,0.3894942499858439,112428,82.54,0
0.3870587293957439,-2.20284938250963,-0.21929996025069107,-0.9868819612100316,0.5118230478198007,2.4221859469667826,0.23362486091930423,0.16458831277057775,1.2874271963376382,-0.7949846057170054,111060,68.45,0
1.0338094413989762,0.13393474375865663,-0.313247785321797,-0.49629189788378053,-0.3649316144868989,1.738173311464758,0.15776937378414446,-0.11355071560417118,2.1991238053449407,-1.53326993674007,26516,55.39,0
1.7622389672551648,3.618123015578678,2.2012151973694847,0.20427891264561548,2.2648092897888183,0.6365652627436282,2.4316208652314053,2.1098541038804153,3.4886315295992567,4.7453655518450475,5438,103.85,1
0.28085434872552223,-1.39609919630688,0.27864706843077663,0.9261489234460668,-0.405059694689822,0.2565946163030602,0.6580193443638774,0.40321931053225785,-0.3896531409022785,-2.3719223308860378,72596,36.23,0
1.114592444577377,1.4003659168813305,-1.3276882774385688,0.22594269408905215,0.7970441968980189,1.0489351625851082,-1.134107911714913,1.5581062272686785,1.3405991456270012,-0.3782190971564044,103370,111.62,0
-1.767622112939381,0.9245753565951862,-1.6508072627235828,-1.4610343171899207,0.04447993896684609,-0.07277333388596144,-1.941708455060482,-0.7016467637760313,0.4418794378824984,0.557704082790055,128184,13.45,0
-1.5634779478686884,0.8685819377339127,-0.5852135020601873,-0.8984588595774368,0.4890079549689279,0.7230199818658054,2.5215519817090657,1.0210645232945812,1.5948742742082154,1.261443886073777,88337,185.95,0
1.1136597067412988,1.0987676223629725,-0.30012398679624325,1.2630245767810238,1.5548214679089347,0.6677808126642371,-0.8472959371234801,-0.3127783374173304,-1.3210793124816693,-0.46406114648826624,75157,63.97,0
-0.7608647450481768,0.757637829515743,-0.7415980065263982,-1.6146992860287996,-1.0961672347066005,0.29400285820469413,0.054433253511990916,0.6447397289052259,-0.3058989828723583,1.222654159666356,159874,83.98,0
0.10225665964741577,0.8306235475398316,-0.7550030226998042,-1.9894384247239287,-1.943120702796382,-1.0258031906239433,1.3579355021024158,0.5274484304663648,-0.6615508390795274,-0.47968427661200647,112206,10.71,0
1.0713045389296156,-0.3278910626312124,0.2502489756589624,1.247741871861388,0.6764879581861353,1.2034912255235453,0.6798593699929649,-0.2309662091167659,-0.044928061197346825,-1.381817341281903,125288,105.72,0
-0.9650127247795103,-1.346529213134141,-0.7613586332573764,1.0248975069421395,0.7856048394415386,-0.3958534361886095,-0.5615680383416773,-1.424432397938965,-1.206254422680017,0.2560263619453442,25872,148.61,0
-0.4117494176846493,1.0163232025406992,1.1327623061066514,-0.10272399871212885,0.6029690379656071,-0.9265218346195151,0.49219844060642215,0.9509914692988104,0.022221756838757645,0.1518194413179802,156596,33.79,0
-0.3630538465650718,0.07785672426730414,1.2241254358351739,-0.4170738021540699,1.3147991293756258,0.5975810254311384,-0.896960146567958,0.08869182239763329,0.4322380052259032,-0.3506367306839494,9804,24.68,0
1.081450469628532,0.5663563790706708,0.6736669377887359,-1.1716121143338896,-1.5446130968608422,0.6779685553698392,-0.24465300287326744,1.2197403402596758,0.9322792268432305,-1.1807997395876164,33126,83.49,0
-0.5853785019730434,0.4598303064648266,-0.8113173295740029,-0.254214217257817,-0.231710216453519,1.2798423103458394,-0.3469330231045722,-0.042090733039248804,2.376999267016792,-0.08347785118705904,160914,20.1,0
0.20085029727593015,-0.4252851971981094,-0.5418440893798766,0.3986105634684114,-0.9860560747762581,-0.2628652144820228,0.7430439480223929,-0.8004693432129621,-1.1273670712647363,-0.46165975318827945,73146,7.67,0
1.8262093469068,0.3303877556559817,-0.5393401125416265,0.204163015323827,-0.5402607453563752,-0.7752631301322105,-0.27184231636800577,-0.664026073090298,-0.4825129100849319,-0.39153918456991427,2982,163.66,0
0.9629605732494478,0.5581170119496541,0.40427938304992056,1.4710079134897154,-0.9283825705313375,-0.23032096122549042,0.4775499944962375,0.36726496380424734,0.26668097538965574,0.36014479129531807,30766,3.69,0
0.7528721671488805,0.1340044761679099,1.0570539399722392,1.1387008030839398,-0.6756955610195405,1.8474122486111448,0.360498648299699,-1.050688262620888,-0.47479295792768084,-0.5007414251253867,36185,21.02,0
-2.156023042549981,1.1868913445990807,0.07696438325195544,-0.6855067922820294,-1.140413019373375,-0.30207794248237124,1.1460579129001776,0.9859531662616283,0.32968143415507173,1.4449078526326142,6351,82.17,0
0.2819558673941572,-0.6467589164795713,0.6532259246028234,1.626492327082119,-0.7707188130139526,-1.9825203096943333,-0.5474272320871467,-0.4377453640626053,-0.6872446400353684,1.0642660290205803,160246,178.02,0
0.638759381675977,-0.45385985835418646,0.6815059858191213,-0.44242680693146963,0.6217130633225604,-0.32247285207431253,-0.8530379997134243,0.13793340736099136,0.3609280854105984,-1.4542010657974251,15802,33.38,0
-0.4519509798535085,0.22511672703840255,0.17627703572818604,-0.18165112862357083,0.6362648914316762,-0.03289055308232672,-0.1101809216954883,-1.0114276118671959,0.6780224403960575,-0.5948709365698784,63368,61.68,0
-0.33925848388401536,0.5125949934312284,-1.63314793581862,-0.1771358798776383,1.753352992609825,-1.3494043382481336,1.1774536416288233,0.2837675912658137,-0.29103151733875765,-0.5844321380740177,72390,19.24,0
-0.6883722822307594,-0.1596126675206725,0.0032857844490918387,0.5419841750055955,-0.5295114324220319,0.9212319274388695,1.6847372202078401,0.43318890311761304,1.4095665749821313,1.1880591356033177,144719,5.08,0
-0.060092247755131445,-0.17222013809409803,0.5759116679131766,-0.8425590491955116,0.9155856165836077,-2.2626132437255526,-1.2789888107966088,-0.08498307073071355,-0.23860912362544964,-0.12748204424800375,160869,66.82,0
0.5211672557321126,-0.08232567819273391,0.17956237377290588,0.11175469744145972,0.6632076298264207,0.3164416248792309,-0.21125706660095486,-1.65239413763393,-0.8242798003656003,0.10033746576937062,99706,19.76,0
-1.6012779371188537,0.7222741471780024,-0.21283881042567027,-0.4330662059269771,0.6604852240267834,1.3025255912501814,-0.5430481897475731,-0.17180609322150653,-0.06876906399639346,1.3291807563447846,42675,49.66,0
-0.5571705270530996,1.2490521679861668,-0.12902212061381108,-0.32856849587562137,-2.6186794132702413,-0.0223173272589282,-1.0183281145670218,0.2663652877969503,-1.4620208488761948,-1.271905558150063,95816,5.7,0
-0.8467440928840201,-1.1799716816126755,0.7602724226634243,-0.8435460672395073,0.7813687094923709,0.24105647884645948,0.2792923379321493,0.8235559603481227,1.4335690531596066,-0.8307614054138976,114308,0.75,0
-0.017037889337463016,0.9379989450534133,0.002862575927063058,-0.9204973478121257,0.2323989624142109,-0.860169862840881,0.5800577929164847,0.25541797148428574,-0.5889879558737513,2.5597980183516187,26503,32.37,0
0.056143340244167284,-1.4761767733118683,1.0855232687864715,0.19251301213110772,0.5351664545013418,0.5738052048956209,1.413173392072045,-0.9385099457740792,-0.3138400775539207,1.9130207430381936,101074,92.32,0
-0.45884049314930064,-0.19500437765441916,-0.37274670030782203,0.9248841939194079,1.5897298447133985,1.872865696593197,0.6746337043314335,1.2485545574516033,0.0017820893085115997,-1.3590144344526245,144527,82.06,0
1.5487255584628619,-1.5498457879892507,-1.7031464755474404,-1.088004583066293,-0.4256375103498155,0.27293282756109766,0.27788403311837084,-1.16699058757636,1.7681229263845535,-1.4376541897387096,62751,26.11,0
0.11698023402388695,-1.2123174282919575,-1.8573132637270229,0.3322253290158185,2.132058985715884,0.47988454808193304,0.26857129518005507,0.2694516096816971,1.1660917645396707,1.1259767520038988,99316,49.83,0
1.2769808321980434,0.8488665360350706,-0.7440692129184846,-0.34643983875634465,0.21837313275364237,1.511838342876808,-1.069839135161088,0.5233648559222962,0.8493060921909348,0.9368914057122862,51454,22.24,0
0.1627530651050056,-0.6520745694027944,1.2769736607501632,1.1886886516093707,0.25975672955732215,0.22186433837717967,-0.2833735418956831,-0.32666418864343505,0.6741798987973775,-0.644223698729313,29742,116.96,0
0.9086013598921112,2.037127896959813,-1.1895027643384526,0.12292461780732088,0.6696147602293553,-0.8659361582742,0.16956432295832757,0.5400890323288279,0.8392619618769109,1.6294867807455016,3716,90.06,0
-0.3747950747900833,-0.9698680228109412,-0.08156612043058602,-0.915126315776875,-0.9864248439608577,0.5797991764666073,0.0019858210611569498,-0.06880177015227598,-1.5025652514641703,-0.5284649020357585,56574,0.25,0
0.06494308755074261,1.3707965607638406,-0.28730538234011005,0.5036237200273143,-0.39550909005262913,-1.066240856065749,-0.8900143784954608,0.6404903300269773,0.30308995483622003,0.08415924137294707,24531,68.25,0
0.7957780097442332,0.49713624038609394,1.4162736205989954,-0.546460614528624,1.3526640946554191,-0.7422167279197915,-0.6745154547295736,0.5161444282045198,-0.44513357677642623,1.0111401786233376,157134,133.96,0
-1.0843880722333665,-1.1924819267824778,1.7763192980405802,-0.6098204382386221,-1.2991799937588524,2.4695667967271864,0.7695882546233157,0.7078422637714546,-1.9318868420149187,1.18051964102,394,2.25,0
0.03680549909695475,-0.22088320655085864,0.4497651593677976,0.03506951350139048,-0.10817402174670016,-0.9639460368701671,0.40751862204241723,-0.31090070188514457,-0.7766930970632456,-3.29582265598547,81303,60.81,0
1.2657749251665555,-0.7707251514982087,-1.3785983876886816,1.5526799312371686,-1.2031111971400128,-0.07329129089071088,-1.0983808898760943,-1.97316839577261,1.2588328526749286,1.4838358062786785,13902,105.44,0
0.8418200668900618,1.7715092824867462,1.3839625661685588,-0.6293745322772478,0.9827231951095236,-1.2557756424029562,0.31362500736416515,-1.9187384268936865,1.210076973017335,0.3285206391397007,107500,48.92,0
-0.8796424273675065,-1.8903722477087583,-0.1178060875409223,-2.3821321720007225,0.20581549663066248,-0.47488324508909263,-0.6808864290071561,-0.32298011809581906,1.534891904244907,-1.163300298929548,33194,41.66,0
-1.2792539721752665,-0.9806208107674219,-0.04398072977095047,-0.29749104819918826,-0.35190646480159277,-0.162785921455058,0.5015377915520406,-1.3692386953127913,-0.7428552490976797,-0.7582087639950768,152804,20.67,0
-0.636496049848254,-0.2157556233478209,1.1036866709514928,0.006380656994548653,-0.43512524610368397,-0.633056665792373,-0.9445115665419324,0.9171898244188604,-0.10237946353451963,0.5157296014352644,165381,37.95,0
-1.5856033746002556,0.4755023331518825,-0.7942043815996842,-0.5391343582500725,0.2214809143448012,-1.0848285129994713,-0.22123248299954265,-1.0202319087395249,-0.7498262070585292,0.20844619727183394,55820,34.83,0
-0.2739917648970031,0.45568991855492125,-1.053454577809757,-0.0920687447190845,1.6628817448205502,1.150296107095691,0.8965146536640367,-1.8921351467975909,0.0001693163775245685,0.2274180553550095,52364,15.63,0
-0.6775115456917667,1.1588008606340119,-1.3130246617542505,0.8290430650218876,0.3099231745993484,1.72882078096639,-1.2373514975055364,-0.7559389441975091,0.4583735496660603,0.7497652183428546,116480,86.53,0
-0.85304392757358,1.1662883065324867,-1.6853718648166949,1.1498116038653579,-0.5780509205370341,-1.0685445969116398,0.7661317455737034,0.24108230098607372,1.074664086224138,-1.8080261431884694,20793,55.99,0
-2.1925434908074086,0.8679799343482604,-0.1733668553856451,-0.9647205652413965,-0.9378428386917326,-0.14179355708717323,-0.5572080183009285,0.8685250884605775,0.6706996115097456,0.4425579327878386,155983,127.01,0
-0.3796764708481731,1.2246293575998046,0.2833323793569209,-1.299311645995077,1.6618317991431855,-1.0090873103296993,-0.2468252384428593,0.1935268306632058,-2.085370541206638,0.8019571735080248,63334,12.91,0
1.4782789357160593,-0.03465635141297929,0.07382588340638456,-0.28650905537819116,-1.1613397169127129,0.9449477714858265,1.8364198951812396,-0.19272405647228807,-1.0397760669513307,-1.1145315849202633,155688,85.9,0
-0.22153611573080054,-0.8067462514455923,-0.4776253033545738,2.5906858360614926,0.3683744264070565,-1.996946260171668,1.0710085412486485,-0.46519180365839824,-0.602503233985836,0.256007137756969,789,49.1,0
0.777337576061744,0.981072798691833,0.15536574611559287,-0.07144274399433405,2.218714464517398,-1.4541732744065268,-0.0507215531265994,1.8094106484353307,-0.06270643018374158,-0.9543380894621898,14715,90.28,0
-0.746116482942726,-1.4014511477241796,0.39987568473357277,1.7827667450403646,-0.9847612766712409,0.06072126315243073,0.5177198645830227,0.7543316332510144,-0.7613604826626781,-0.19570890720212977,136447,48.77,0
-1.7769866393260751,-0.10271394667489854,0.22881059193862816,-0.5013043283502879,1.6162517359327573,-1.4965674449423507,0.15338059690605266,0.6680229032992873,-0.4389463000152934,1.0380711875078605,148244,124.97,0
-1.4127658838923665,1.5970278598509826,1.3277728955142192,-0.7055155720327482,0.19618965874528982,1.0703728842357088,0.3988547528637023,-1.985813329247044,0.5280000415250145,-0.6338473531372394,162873,3.73,0
-0.1530258762062131,0.49036859940188254,-1.0808777497656938,1.3693944968780132,1.2672074844021592,0.7348170667287091,-0.4003207447742374,-0.9028582425987935,0.5754437187770781,-0.550492605513347,19730,78.58,0
0.5312232285925814,-0.3378373313502621,0.04529496432508237,1.0506967233991944,0.4560386468987366,0.359592705544174,0.10327038043060505,-1.3195433810721482,-0.29146452669902706,2.024937471398385,84893,0.02,0
-0.16615784194973238,-1.4151667734825137,-1.1684999134793264,-0.5826027668962316,0.002405885060290071,-1.0845426453859683,-1.0082962100481587,-1.113955251735491,0.5951981880554914,-0.5855517944236049,20335,20.49,0
-0.06504567271880911,1.4173333834343511,-0.6564129182608818,-0.9005515596236933,0.23653807820701683,2.2262279829742355,-0.9325979079605365,0.7477889501177114,0.31954835075347143,-0.156560902130738,68660,25.65,0
1.1634958143064738,0.7389459041234467,-0.429217452272037,1.3705585214046985,-0.6369928980212063,-0.3323766418321626,-0.5001194432004744,0.2360638084442118,2.9065100699385082,0.8938629533695922,87948,51.17,0
0.9052594014939547,-0.6477276430783137,1.2688329951005763,0.01830667293137945,0.5214087249135335,-1.0912303753627135,-0.10045473513295955,0.4176316140348137,0.8787769689108276,-1.6913083979742907,14767,142.58,0
-0.46255571632458015,-0.30292579390564206,-1.0505529960715239,-1.4493445718460223,-0.11230682636975019,1.147993035813966,0.1441368018756278,-2.407111917968641,1.1372446658984114,-0.5220517613453051,32127,34.71,0
0.33695667606019053,0.46667679808076484,-2.1568948868074505,-2.0557089287774843,0.47573549968692735,1.0680074772301238,-0.733024372367173,-0.56908251730049,0.18824138130818194,-0.4322158746556543,36048,111.22,0
-0.9008969953045751,1.010781384005735,-0.23393995767839035,1.3045925074599731,1.3395829233135301,-0.7035015624511176,-0.36143397563878776,1.8266210014033735,0.3512801294073612,-1.3573392481727724,29322,46.75,0
-1.9736826764086015,-1.6051332014584174,-0.4635606398556775,0.40759705542163416,1.0010285260213891,-1.0965916566645615,0.6745779360799176,-0.19717859769749094,1.507751507945671,0.4999834655317496,40447,88.55,0
0.49978810429579884,-0.9569443489891034,-1.2941075650225413,1.95022829984733,-0.5972330079140008,-1.0795355199305365,-0.7061372242607193,0.9573815707063207,0.6986973646912629,-0.9093575311312393,45119,75.39,0
-0.7521608680675204,0.8433448919249784,-2.1326830296728474,-0.33331705921159793,-0.15637837777840877,1.552067321407369,0.07863468589337053,-1.4659934833742077,0.4136489258189696,0.36686544664686194,123610,65.17,0
-2.2472685553408556,-0.04775461848854061,0.5535405049710949,-0.36505434286547456,1.2363569180773035,1.1092358000407778,-0.28775390314921784,-0.03917018658701813,-0.7166194999700621,0.30806242305858345,60717,112.28,0
0.7432541712034423,0.09217710752683304,-0.47408478194696846,-0.5635022791448486,-1.6499132417448512,-0.22369908321664078,0.06341368233007569,-1.1387996335557053,1.9144671871135412,0.5798366218536198,14477,79.37,0
-0.5848741349330007,2.153467927170878,-0.5209015616632341,-0.04975802163610495,-0.545700121949118,1.2838205628328871,-1.1747477587184636,-0.5170714496429423,0.6765881103951593,1.8540822598415427,152427,68.09,0
-1.0108689178563175,1.5568946000974326,-0.2060236846159446,-0.6122462069718194,1.1687893483087053,-1.3790824212346355,-0.07037418432348097,1.3231234132518113,-0.33655245934959194,-1.3218185292438542,68298,58.96,0
-0.7865657751041687,0.6905573182742532,0.3039180222246367,-0.03219813140260729,-1.4663784554114703,0.6741977605660634,-1.4804001953296708,-2.206236516191091,-1.5677876727629565,0.65759804058411,63983,71.77,0
1.1600928466435507,0.3299028815939605,0.036201970662628064,0.5515739628767288,1.9866030716912382,-0.71111805059888,1.8892565434644546,0.772976961765939,-1.0979435454656221,0.6463483247356054,127365,55.72,0
-0.4943399501826941,0.017750972207175114,0.18272908554430772,-1.9887720434149363,1.9988278176538996,-0.9584433699117578,-0.25050326932317046,0.6491632026667103,2.0825765201900213,1.0448966584097747,72011,12.11,0
0.17964668078005355,-1.396872909282786,-0.9652505187315361,0.19443807005353256,-0.4510308135457962,0.9830405206078427,-0.33014780105565317,-0.5411184020449537,0.3723438567451414,-2.2162850661914444,1128,40.75,0
0.8291210710660528,0.3071083625824217,-0.18948013098608893,1.4750560472309444,-1.3907045800185749,-0.04727918960075725,0.7244466097898743,-0.1584390502327751,1.050610770954795,-0.20371962994842835,25220,149.33,0
0.6901044247640123,0.11269120041554022,0.5959110467623232,1.0771534104322489,2.290724229816844,-0.6164977862575388,-0.4185928325751819,1.1291865282456237,0.36733351636194933,0.106669025703189,43502,50.5,0
0.20277504825236733,0.820599294997656,2.407325721474793,-0.41557388777808274,-0.15406685822731384,-1.0553802760857103,-0.8942387382895159,-1.1382381180889076,-0.28660155470731846,-0.35018201989467346,118883,101.98,0
0.8567939825665268,-1.1363028628925305,0.12736730464823023,0.5343141282719811,0.164568445384979,-0.7512343194730294,-0.8376649990436005,-0.5482402015131969,0.8907938946757754,-2.3471027650545535,58535,90.24,0
0.48206683552552526,0.7952430120737586,0.5179041881781331,-1.011728729251301,0.26786178466784333,0.6648086262968088,0.006648201517649987,1.0504954033353462,0.6932367381288702,0.9824128235630344,14007,89.3,0
-2.0447282630048207,0.09451149336757297,1.1718086807150292,0.20974243335749618,0.4870889133375232,0.38457387218011924,0.6657266223531276,1.5381603648978048,1.561140855213137,1.523485718454691,60913,35.29,0
0.2703432392817259,-0.3626109504369171,1.7981924099785127,0.3867995544245269,0.3380789907165799,0.00860047106251455,-0.17664178854228324,0.24868716853881256,0.5498762400963603,1.0488333600689879,53578,28.28,0
-0.7421920939974367,-1.1092371336030074,-0.2950946559022876,0.5466633268499089,-1.4104762739609518,0.581248015410128,0.5548867229543852,-1.3794382720051797,0.6545801000580552,1.1580362723251274,8568,108.2,0
0.9806732943274258,0.20565664059489883,-1.0884878236267916,-0.1448210780096468,0.14931185214190373,-1.4645915084347443,-0.2519109383554564,-0.847395060319414,1.224041597949601,0.705784535867705,53374,64.28,0
1.0659776297431345,1.535907049242632,-1.629742546289086,-0.7485828702916597,-1.9240211990303109,-0.5563484813432451,-0.7348560441436768,1.770334653823917,0.24132486036232526,-1.1436742377971132,90987,47.18,0
0.3526272039171724,-0.8269658435469408,0.14586043082470876,-1.715325226458781,0.8813508123793844,-0.79548482749426,0.20647603191777028,1.082700556837103,-0.013700095673971688,0.7702200159492116,125871,97.06,0
-0.001392651443348899,-1.4712440349069051,1.7633608177300442,2.395907395685333,-0.9778262538964486,-0.3477351627927347,0.3225020271669523,0.560992335208481,0.10114592761256765,0.429058329592094,108879,41.0,0
0.37863932383803556,-0.8071135206413219,1.1330308187216436,1.4403950535999206,1.3773026558902282,2.720523127437558,2.14975734774323,1.5633549608976416,-0.049662314373275875,-1.0981952236435206,9955,70.17,0
0.34770845245095694,0.29793317696841465,0.405175140192551,-0.4661009966908062,1.024613117720868,-0.35939634701610634,0.05588588271138951,0.00794060205469651,-0.2879697749442862,-0.8947654196178271,143976,0.86,0
-0.304477807746527,-0.13313187173693122,0.05847942305829942,-1.6325251363164162,0.6889345300871325,-0.936297166577534,0.07434807188130446,-0.9988453498052485,0.5686968117443246,1.635792079452645,18925,13.42,0
0.602652446306499,0.4374484348615332,2.568587519090185,-2.232765338576968,0.7319688030857388,-0.104796265119467,-0.49987281736214095,-0.044472443470655446,-0.1464519051888669,0.60528098066921,171440,55.6,0
1.2839300738557684,2.3027660850349267,1.5564933697800747,1.2172025987169681,3.7083243326456463,1.6855090109939828,1.5501528110142786,2.967664082275675,4.120636947922005,3.194615880757048,76404,163.61,1
0.39550910636250813,-1.0051063888453775,-0.4640043869133926,-0.24188553163910984,0.10009107282857571,-0.043198748398427765,-0.8337318767779751,0.20364925026007388,-2.5693053802671324,0.8210770557798365,66933,0.19,0
0.7744947038653713,0.4871618178256701,-0.06328092891678859,0.7491265893066236,-0.06954300253308074,0.9399838206668305,-0.808400452489977,-1.0159955049659843,0.11908457974518481,-1.4226599845183332,151889,80.18,0
0.09459253295770016,0.46444995749542084,0.7770465964868817,0.46305796042254327,0.7207097300033874,0.3815336312364906,0.5718468925510739,-0.3026193510081048,0.011132328812615474,0.5046010665155549,105537,111.86,0
-0.6283711081194786,0.16414736007642475,0.5885700156377142,-0.43285661143631277,0.11871975553304809,1.364702437788823,-0.45045417811345445,1.4123919752164193,-0.09445853876958991,0.44811278378512026,100168,15.95,0
-1.0366228991646005,-0.7730934951550803,0.7290602191903756,-0.2611402547591107,0.5603661988159344,1.8973156718320725,0.19691359050699864,1.2291308519186923,-1.8631748076228203,-0.17782846588281953,126011,30.4,0
0.9672992358427723,-0.09705912587414098,1.2198708241503822,0.9088708832844662,-0.3669480977968419,-0.5111048993925803,-0.5759042127325396,-1.125733704213923,-1.614348927696343,-0.8170544557193846,119529,86.69,0
0.20363317870980122,-1.846996177190627,1.7188448794440452,-0.9627249573939305,-0.6291310509419934,-1.1226694052899522,-0.5614541064056265,-0.8161319461637326,-0.12783454590569707,1.908633522232747,12934,76.06,0
-0.7969109892966902,1.7095346156262687,0.6297818242852791,-0.6806517141396049,-1.0799526863011757,-0.5564673219278842,-0.42896068767120565,0.6736782374305907,1.956927560346975,1.4672920248136985,129579,57.84,0
2.61848224086237,4.24485013746966,3.950116973930318,-0.6966870815117554,3.677878696914314,1.6704237246386762,4.339812463266483,3.2890790344071563,2.0847313407195482,1.3557381456699558,28705,186.93,1
0.45990026630777037,-1.0785927633367334,-0.13511079633047862,-0.17364186517270233,-0.9970912329070127,0.8724041865782796,0.5199775663480041,-1.2113225716252298,-1.6345722694022016,0.303300665711437,153066,128.48,0
1.056385586030883,0.189836394352477,-1.4665969654870044,-0.16240001990572364,1.171247065225061,0.8051235214103482,0.16245487327892852,-1.501132819688077,0.07018121673740443,1.1858799574608112,13764,108.84,0
-0.3093465397202384,-0.5099771763342562,2.4801563244851046,1.6240274313473586,-0.16805497196525931,-1.3279176906145855,-0.6261657605637475,-0.48874420296591464,-1.9256686248165118,0.3707616346399729,143085,26.74,0
-0.11688018640852403,-0.4319593756539166,0.20352298277651182,-0.7631461827195023,-1.7998922615309485,1.0784162948642855,2.626467638503752,0.8673542931617787,-1.0040967655580653,-0.27274654643622326,53714,58.3,0
-0.628066083725374,0.17481932702080696,1.758884081511754,0.4018474470648119,0.740083853582468,-0.8724700426594589,0.5956955451999448,0.1808327050376177,-1.2274431219538922,-0.2037779418750524,39005,50.36,0
-0.29933790775172203,0.6485658379660353,-0.5640384093793239,0.37251799687023296,-0.029000612655416445,0.30655096793882525,1.3042597005739716,2.629908433664263,-0.487436633439159,0.7273191640651129,153493,103.3,0
0.0926794460290038,1.4851563449378529,1.9736608941828575,-1.5994922005909002,0.1162641373710621,0.6493311122795312,0.13158617872165979,-0.33750648687751095,1.2690012086029379,-1.7855401250816585,83531,90.84,0
-1.0860345530341475,-0.046353702580765745,0.3730630953751281,0.558091552723642,-2.2747307170906392,-0.7723077775323667,1.923389968356058,-1.176617199194926,1.0821170585514013,-2.1301853813627356,161857,56.12,0
1.6765947982456966,-1.4581305616388653,0.5701526999497136,0.0725950471020076,-0.7930997872646736,0.9875179607311578,0.7804842512527608,0.4505729041273986,1.5601332405589254,-0.03114935032518295,71636,27.02,0
-0.5120614193191271,0.17461184750120493,-1.905303769564807,-1.7442001273840204,-0.6411581518098584,-0.9427536135219672,-1.1862448434234132,0.4024981175535025,-0.4739235395370385,-0.9021831140157526,87037,19.04,0
-0.22222269709877338,-0.07131606712593476,-0.9616939987535967,-0.5057152019591512,-1.4542743248552714,0.41449921809578877,0.12998004651734632,-1.179215497221173,1.2277702084587485,1.2195535595848135,61533,53.76,0
1.7187950030498593,-0.182078929348517,0.5207426159596433,-1.2644513482829278,0.6654691772510047,0.35612346073120876,1.1235192807109482,0.9934185084086091,-0.48858637190769366,0.06373461607699277,48582,54.08,0
1.6473939976033294,0.536301432208273,-0.32877288467169474,-1.196127732156756,0.32524769926518965,1.1792869787361118,-0.3217379866121474,1.0886673120443824,-0.3459970949000716,0.04152504594956233,97667,46.95,0
-0.2322693299242352,1.4957067211800286,-0.2946358371937122,1.1900491785997527,-0.14532695985443808,-1.8697830974860992,-0.3917985240681871,-0.6896366275086989,0.8680143614086105,-0.44627104227218634,137959,54.84,0
-2.116654448970531,-0.5858136068358828,-0.10042370781784783,-1.3802823941539468,-1.3954566958665493,0.6301657072365295,2.6071616329152643,-2.2670019734591467,0.9533179207379235,-0.4283262790773538,63422,18.31,0
0.309391570156945,0.6101305037971094,-1.5421821055263716,0.9711248384525527,0.24100029641467566,-0.25299276441509744,1.0184736200390496,-0.3539676378874304,1.5452039725323667,0.4915896765987386,28901,90.7,0
-2.651708334919202,0.5374297701390774,-1.412039512879515,1.579204210036799,0.1396700822764214,0.5969635349260951,-0.4806716102665296,2.373489288752978,0.13386049487057597,0.05447956658846062,167350,46.72,0
-2.964528837841651,-0.7010408239878044,-1.126798357759941,-0.05954130633021996,1.5636686743615553,0.9787004684612145,1.372199801115334,-0.03151779431405949,-0.7221760962922216,0.5357251745204445,77443,70.78,0
2.0777869209333946,3.5834041419250746,1.461842750607047,0.34921548271131275,2.0581690639327594,2.528970772727647,4.269905582515236,2.1665166209982143,1.7822683549347065,2.1976687248907614,68650,380.34,1
-1.1598392857669653,-0.2532287026174467,-0.5072320781845587,-1.0656467344564875,-0.2605495207917437,-0.6413014942783173,-0.9775246003243668,1.4950287035678718,-1.0393514093669511,-0.7608415813047517,17056,64.37,0
0.30383742563756283,0.2238927070680576,-0.0631798281664315,0.2403763355534504,0.340819988157417,-1.070004186831552,0.9430054652904929,0.19024628815689923,-0.188888008504289,0.38118617905601926,135323,75.65,0
-0.24261904740027426,0.3406220284912099,-1.8208660144619664,-0.135537126748278,-2.589208588958981,0.002954967234578276,0.3437114092918606,-2.036003767156134,1.5253012422131627,1.2098434796892652,86837,54.32,0
-1.5710977425706176,-0.3659042451374545,-0.3107894829721992,1.007466733665825,-0.8086953154054325,-0.3348941220919324,1.6211306428061516,1.2212809158058513,0.6034085264205965,1.29266484720105,156305,72.38,0
-0.2863661358651756,-1.448357837970381,-0.7823260307742839,-0.464220039222007,0.22832823368667324,-0.18259268555799602,1.104226330745443,0.7389451359353879,-1.4135019513661087,0.9579903682453254,61618,28.27,0
-1.7520985727269711,1.5275320647572548,0.8973906253249794,1.164995273929518,1.043108922882558,0.01083206047924686,1.3581563647022803,-2.344187087717185,-0.8024274385394559,-0.39942241213329815,34187,64.95,0
-0.3117463308224471,-0.8548349169327834,0.5833470661646026,-0.5502217514367896,0.6976215224325916,-0.38389622387586386,0.846306458422149,0.19881618802038667,3.1668406766765713,-1.1900714839878255,44927,29.11,0
1.2141898289285016,1.2838451268293003,-1.7822740774072416,1.6462102004583734,-2.3868033068435146,-0.7930281493317485,0.9498704089020585,1.3199096957537233,-0.2497047806489735,1.673722200093276,38255,53.63,0
-0.6180544067852075,-0.8201944465808737,0.01975042305936161,-1.0611269681278044,-0.628117160926389,0.5135701828168205,2.5329908532608028,-1.3327940776341116,0.9711111379015475,-0.1279350863760464,105581,231.16,0
-1.8004786917341806,0.6083961914591229,-1.0663335718791513,0.08872041371766212,-0.00011704912568639759,-1.5705237591931707,0.11673888250521626,-0.5404124033513229,0.7040436087861844,-1.313639323156132,71707,60.09,0
1.2284208122801512,-0.8751096421946959,1.1445401393078949,0.4586752554239115,-0.8455566520935268,-0.6128957711701447,-0.35232785333659916,1.8804506695672645,-1.126261289745028,-0.8947127203898737,7312,50.18,0
-0.28201448193520967,-1.2615750623977986,0.1724960990323319,0.32008413877575526,0.4407416036627621,-1.2883581851056725,0.30217513022301384,-0.9399388909193038,0.8047853042775793,0.9279295163862392,19367,61.29,0
-1.8959851991460643,0.8397099365599667,-2.0460769709014364,-0.17169903133871717,-0.505355746151903,0.6144625824544411,1.6334606949523043,0.5657490603803771,0.19807469635718636,0.39577067842392605,133409,167.02,0
1.0518548605275198,-0.9111025450710489,-0.326135109704956,-1.4218611776748866,-0.2514956246084482,-0.362849219692696,0.1910182531120885,0.48891663541770936,-0.6903224188931882,-1.4133289911705769,108234,39.77,0
1.6678876111195198,0.42684048002142533,0.030069604113581585,-0.28850469350726055,1.7291765252393914,-0.6817450365356267,1.5592798872946922,0.6107488606359448,-1.020331247209571,-1.1996434870661867,127762,23.69,0
-0.45498348034078,0.07365659499219453,-0.3263134554712441,-0.00626897359185945,0.2201629742289416,1.2334481539361506,0.17691498130890296,1.499774768702435,2.064192129289445,-1.5621467099652533,140825,53.9,0
-0.20644575841053947,-0.18814268513809665,-0.5953724284649136,0.3998588297626864,0.5360351912265707,1.054599605833873,-0.15115206015210553,-0.3594978422995192,-1.070802277258022,-0.05480978265844048,20243,63.26,0
-0.8244812156912396,-0.6931869461424454,0.27670201760488466,-2.033526578967956,-0.5606268982866358,-1.232161706298422,-0.16020473987501962,-0.5592608900002738,-0.26436016423909664,-0.9755907853757635,118598,109.86,0
-0.2621042227446291,-1.3827348944282776,0.07252805263596762,1.1845675408912535,1.4881169365693359,0.6776887473425518,0.3402684753920533,0.6370890105772768,-0.22562748799298785,0.8535917107211162,142462,157.79,0
-0.01208465078826744,-0.8828655145476005,0.09092600847847668,2.3120665512029634,0.38879866688123427,-0.24031311936570296,-0.4570488983217358,1.084926535993883,0.5096087502617995,0.01550670308530951,90905,24.81,0
0.6653851089727862,2.2765386895430897,1.215004019081943,0.20956974752311602,1.014303687180924,0.19216183392872419,0.7891218174389276,-2.2234833507559775,-1.6101567975864288,-0.2291498805049794,44036,42.44,0
3.031805028088897,0.5805502769289816,3.1254760122413905,0.47920973504330977,3.6688857940429838,2.716601458752409,5.432487864052892,-0.7524491231379429,5.886721219509599,2.5575513737695466,90411,354.11,1
-0.674212461724509,-0.23495070377456886,-0.2860374622371136,1.0326063460518784,1.6966396781422344,0.600366237611991,0.020752739860514666,0.06929866764888518,-0.3249992472868076,-0.1605060258253584,132981,18.52,0
-0.6444557648827163,1.0458305917606978,-0.9862951545724351,1.1858020428493259,0.6347251891792207,-0.1068272359245996,0.17603157585555332,-1.252352847885232,0.6720666861847095,1.0142184296928458,26858,100.21,0
0.1775911169235922,-0.34909416333991755,-0.3420509841005016,0.2707337101351589,-0.8303855240436768,0.07174743306788707,1.551057774751284,-0.5219746909350105,-0.5194641368635342,1.1461653994261265,170380,63.98,0
1.6481121618238797,-0.7264696045288699,-0.038755010022321526,2.6765079066841464,0.2320426047432404,1.1690449647887804,-0.3166109106264459,-0.7178352484960169,-1.0178913169715553,-0.8305510873517248,96358,75.37,0
3.0317624151106344,0.8426872039772633,-0.15688263451923834,0.011690406664868707,0.5068080189166481,0.342118523358526,-1.3615261808781902,0.9704010784256346,0.5222210799848434,0.10303293689575928,150863,4.52,0
1.5588162477990857,2.5283564752089505,-0.12509872083178206,0.9760726819721396,-0.3071494487979124,-0.6276001760942014,1.0003308373136788,0.32468750589406287,-0.32447837374768584,0.25301936012981874,26761,106.06,0
0.11061312257867771,-0.8756287324967398,0.20082212546167189,0.6620771366958226,-0.667012517696863,-2.102638993812386,1.9429985179902964,0.1637398507943339,1.3713276247088164,1.5579860977104667,36468,78.29,0
0.228770028928938,0.021698171059916185,2.170124142930845,-0.11781530449064863,0.039689532456326865,0.3406617817597219,-0.06784743628366471,-0.5532358731765745,0.374024549208335,-0.5388534584650352,135112,21.05,0
0.5381154370039261,1.2095207024428862,-1.099670708008809,-0.45220539305766,-0.927745202149278,-0.5335150599859272,-2.7379279908739647,1.557385362131891,-0.43175143065452837,0.48653832598583224,13299,83.42,0
-1.5609583529944429,-0.2623781307101668,-1.1728488552840803,1.7154210977992332,-0.05531856603524731,-0.6771418191301696,0.9662917786927923,-1.302481514404029,-0.4457841744177235,0.6968079580579023,90832,109.95,0
-1.5006694027818388,-0.5314569023067949,-0.1674241268209407,1.19973738564273,-0.11629048500729083,1.4930050869581586,1.486533099255932,-1.4383523333167447,0.4283396798250418,0.35701241615198714,83214,50.23,0
-1.495060830227205,-0.5002148587562626,0.805244629728022,-0.024436234866321675,-1.4432043050860484,-1.9970218899543064,-0.8688804533738702,0.9490448458823602,0.6002750766702324,0.16687171841462367,50050,113.29,0
1.367401527738422,-0.14013512842800616,-1.4197173831764305,-0.24210483074267797,-1.5472966295268524,-1.1854431080932275,0.5194143982578509,0.13842356797652583,0.23832006053661792,-0.6100778245992226,92917,37.6,0
-0.16865175340045263,0.7796210207358992,-1.6540661652606898,0.4974194947565403,-0.40051709834661836,-1.5307911227912112,-2.2530559676347095,-1.7155316191435894,-0.24223983533155816,-0.34089409733033055,81774,40.27,0
0.3364009386898723,-0.9306035546895123,0.3855588055484719,0.9394513059793105,-0.9503353818367181,-0.3888954209093435,0.031217208146895995,-0.12271384656113252,-1.6707397996306834,-0.24892414165322804,127366,102.5,0
-1.9345307357131178,-0.9875177798486946,-0.40282467111081804,1.5585277495351475,-0.503470205895763,0.1496465984459531,1.9429304211713976,1.3867599712212875,-0.7718769921897619,0.3072437848365373,122152,29.17,0
-1.6088067092699718,1.4855214886442982,-1.6403620405597799,1.147342422741361,-1.3039415870389495,1.9836641542345292,-0.349398118883248,0.33930720155955374,-1.670773831511292,-1.0221048580824412,86237,19.94,0
1.2827928561027135,0.8180277537237719,-0.7318368323022549,0.12462008664235147,0.43005514067285533,-0.714420840471543,-0.5503229556224942,0.5327334862193163,-0.3414343113156338,-0.05007464122276626,168934,45.77,0
1.0973275072028672,1.6666089083149223,-0.5510818078209812,1.7305279551188588,-2.196112305792902,0.01484571049646707,0.4493318543795817,0.7697099310372209,-0.7895817595519928,0.24457164145676688,31250,47.28,0
-0.03447486503463288,2.0554768586186185,1.7298738945766226,-0.9409403929929648,0.7121648607390529,0.12922055068405935,-0.2766187714886933,0.106880427423625,-0.3690791745269606,1.1396630926022433,10257,9.97,0
-0.2608998230008499,0.1325697098956523,-0.7652120445880223,0.14478788760424122,-0.5526393301825495,2.0324061686075274,0.7072497397402788,-0.9326891751387228,-0.2947497402339099,0.9044623635601842,82146,132.46,0
-2.2497837779516074,1.1964984781862904,1.2886306816758417,-0.4118716086936958,0.3059039812816682,1.7729530541494887,3.202325903747537,-0.0929277199134704,0.4434423058876745,1.2717571934846976,115694,64.52,0
-0.2215961699981027,-1.518365147539991,1.986264680489528,1.0866338154663382,-0.5890262359910857,-0.598931251033421,0.03556493995924244,0.8660769117668827,-1.8719074945409695,-0.9086740636842554,108669,89.14,0
-2.339748115707397,-0.3869625973054321,1.1073036591039138,-0.9607071494755755,0.5629931670346557,0.21371310741887384,0.7331898723755534,-1.386434500198794,0.4132381792818131,-0.2908908901428965,69237,32.88,0
2.390222710651804,0.03421011833279838,0.4638832997023938,0.7804035974883825,1.3262197622576775,0.8599864480475362,0.8491526911596001,1.3950417655194778,-0.7360537381273615,1.1292785057494807,133497,87.58,0
2.2292736105559734,0.6123449200984505,-0.1962578074965492,-1.0546242113337532,0.325395451085322,0.4904140351801323,0.4786017367482569,0.7717612028199144,-0.4644255955231249,0.6375974960089296,115299,55.81,0
-0.0980735685325076,-0.6616243924638191,-1.8372099953279672,-0.12328431822678534,0.24318433089133337,-0.6335123220917724,0.47736068227329476,-0.6851291466682655,-1.1744610760292395,-1.3795624226100138,81674,107.06,0
0.12940953689586895,-0.47072392225150683,-0.5592588198697488,-0.8184004878717116,-0.6247210006134956,-1.7329627883622294,-1.450514996970145,-0.014813524355927483,-1.1481532776731964,-0.6241142884179569,85762,141.74,0
0.9885318628514624,-1.6458011720890138,0.424512134431341,-0.5127130561344487,2.2638402692696515,0.37002598444821344,0.23457993111694753,0.8239339969889763,-1.2142962697100588,0.13359928273507074,36863,18.49,0
-0.9265331111571506,-1.171758351883278,1.6399390068655983,-0.7627766689497861,0.29959213445063676,0.45077510572165874,-0.4700027599054521,-0.6247254835993948,0.9869680807271372,-0.07824036409966627,128533,17.29,0
0.2369553887192461,0.6023528388925202,0.0006582082230062616,-1.6359673537043573,0.48331382243250304,0.9343024110319759,0.46262516133029463,0.9410709738299552,-0.9351457691710426,0.28313582888601285,151846,9.79,0
2.0617991527316084,-0.5988263454567843,1.3524503770923502,0.6701040917371585,0.44985171816549807,-1.315862876362464,0.2511097201227438,0.9577984191847956,0.5899192992382776,-0.28763534178261774,65779,45.13,0
-1.2690896148598123,-2.3551698851783,-2.6301333566585083,-1.2260460978856038,0.06602234717647512,-0.8336129713379762,-0.6938055527670159,0.9403064281783567,-0.6343598681267126,0.3380946366346218,57637,130.7,0
0.6312383280671477,-0.3182064721325846,-0.6837676421522828,-0.9671585166762892,0.7939215790064472,-1.4768461549088636,0.48725556920696034,0.1106902178806981,-1.1292382472145062,-0.08154669704531856,22282,120.99,0
-1.1624287801399305,-1.8219582295680803,0.8626190317989219,0.5369304726522647,-1.2888500298791312,2.1860528665936143,-0.9675687617023202,0.626110217557537,-0.9525570089464088,-0.3094368054735733,143300,26.71,0
0.372325560060305,-0.43979584948940736,-0.7576102828882827,-0.038688267080288836,1.4428916925146216,0.5135073034876191,-1.2979533440178432,-0.1078391953189768,0.5089798800291158,1.021444185840287,156128,27.5,0
-0.4664165060074345,1.2274512968086555,0.46540282731158683,-0.8873629718552081,-0.2970745132500433,0.4957010678281487,0.32591220443373164,1.1896370232870916,-0.3670146994624367,-1.3132211270620804,33550,19.66,0
1.207425028311201,-0.1812234387919082,-0.7419705943356569,0.2997677204339506,-1.7045589373519214,0.8235683833998559,1.964264636717578,-1.6411240062531611,0.26731829488695025,-0.07471780498088128,105855,55.4,0
0.011451291670654416,0.8663974003575995,-1.8238708550204004,-0.5808793150900222,-2.4449633250399656,-0.6358327269963114,2.0954870304333277,-0.346967612063353,1.5404738236758568,-1.550151395515884,167840,86.12,0
-0.17621305896197587,-0.0010132325366156636,-0.5370369333339351,-1.5716639117730884,0.16960796092996308,-1.0522274093741641,0.6999757042225968,0.28374090144324776,-0.16926598184421263,1.5156718138395948,162403,69.28,0
-0.7290838377436085,1.2293249313154138,-0.16357740202231738,-0.5180773732433935,-0.2767691011096277,-1.2426849434224,1.2388958717762868,-1.2952533731838674,-0.5352166533324378,0.8912558924449844,128789,62.95,0
0.5487388188641266,2.2418378000109858,0.2810092554868121,-1.49038637618406,-3.133838815879548,0.5472375963384396,-0.5351103063364816,-0.9091558619701235,-0.7329986227166922,-1.7646071116849862,125542,137.24,0
2.5715816341660482,1.641021490751248,2.6449012865181554,0.08962697654994001,2.37626677147708,2.2940504793814966,0.5989958818606835,0.7823689978390695,0.4832002822734811,2.301151466774796,3636,329.12,1
0.07967273926756446,-0.7498950313803366,0.9365937988554389,-0.7907299144832106,-1.263762243124131,0.876232573347229,1.5926742412994919,1.1061496481152924,-0.3316815254917582,-0.8224825853637653,68056,156.13,0
0.001339846754486929,-0.6472779240873159,0.11099364507125732,1.1007618336578835,-2.5860563104340772,0.12820633609125687,1.3298016422512406,0.228577936751324,-0.13078347862582893,-0.14188703574889336,128372,35.14,0
-0.9553115088198088,-0.20452153917319804,0.373818558763846,-0.35492797258591785,-0.055886052896756015,0.9075000949206515,-0.20581099943868456,-0.04317602995444549,0.43442667215527336,0.9205979937097436,84903,96.51,0
1.9250128017358519,1.1735623437556026,0.7940584645271217,0.8611528969890385,-0.8278506574972045,-0.20334216924170692,-0.54284697499498,1.2490167343917755,0.33697092587619126,1.806301468298805,5990,0.32,0
2.60362629875041,1.7215769172969146,0.7657418774365927,-0.7475213283637553,-0.15331905872332752,0.38158370156277943,1.7382832845010314,-1.756391735801677,-0.4936953962996522,0.08577998276070548,25799,13.69,0
-0.19562233080768832,-0.4470094599118548,-0.18083611873961508,0.05566540350946721,-1.3403827876817327,-0.07924984322810705,2.8053120481030978,-0.5325634925843347,0.3644823476182103,2.4437054461391456,160852,129.35,0
0.2975110711855549,-1.3359173093914338,-0.442797321531621,-0.8558839203363346,0.34665086683888213,-1.065368287424024,-0.6052376063964122,-0.4629458670240394,-0.477775547990721,1.391017836284979,42634,58.32,0
-0.06025184640128695,0.35810361265921586,0.918081960350382,-0.24139746046668173,0.3970247610441687,-0.8158457535945645,-0.5837353470860831,0.3155278770590623,-0.12028824840593705,1.469297892515984,164688,39.53,0
0.33253231309764075,-1.6608668758020833,1.2716851966347333,-0.2171759946641017,0.7594632011088679,-0.5724034296639381,1.0469150207141664,1.0724353864642948,-1.4875413356710223,0.4895617157479527,87045,33.07,0
-0.4564711442247224,-0.9763852077662583,0.42849647899323895,-0.20619902215760583,-0.34772223493197585,1.0790976309119762,1.7681243689946053,0.6200924453597493,1.1373533938096865,-0.4963689264227215,131473,82.98,0
-0.007567296631150636,0.08153027923148934,-1.2453155090501393,-1.4530581963496891,1.3242943648465293,0.5681621319195349,-0.15529033724538993,0.8934279822038034,-1.418560233051546,0.4813422671228304,151714,36.84,0
1.8017419477471466,-1.0994618867805037,-0.374156594389209,0.14493225207670593,0.5912074951367997,1.7863776850056396,-1.5129692970010697,1.0203727637693671,1.4624119799360813,0.045372400841382624,45892,103.56,0
-1.66150491973851,0.5768853105986501,-1.2873021984803101,-0.23928997187640463,0.21615680460127337,0.025286212644237204,-0.5705755802507422,-1.3151122536130395,1.012751471162713,0.39441740921415475,123218,154.58,0
-0.6225401526655531,-0.20742823669681038,-1.8279092187172135,0.5450786544814065,-1.1040791020069483,-0.6602875371187038,-0.800105086957647,0.6507563580150041,2.127625966600811,0.37293767415341555,58407,104.55,0
-0.4012549393198239,-0.19252656952325795,0.4917481922016692,-0.8884646637338346,0.41200321959505254,-1.5673853300320142,-1.096500970645271,-0.9966167331842901,0.18020608569494426,1.8488343601263273,172310,2.52,0
-0.766461834197669,1.0824214516169486,0.5276065148892575,0.4192746634002592,-1.5535406174235262,0.6210645845728948,0.19587123757553213,1.351882468002411,1.7102391998162583,0.049771934996761996,76560,77.37,0
1.328478810791731,-1.3089244768534851,0.2232379361748293,-0.0717405873897399,-1.489062282225359,0.16521890932177588,-0.11593866063765039,0.8320342374962363,0.6047902674719088,2.1641973065071136,145205,114.81,0
-0.6689093400034194,-0.4338336409083763,0.4501939723114331,-0.05668914743077159,-0.11544031988041326,-0.21433575779450478,0.5550057449823378,-0.07665684778663832,0.2619485418918083,-2.0854458755999223,78429,49.07,0
-0.46344461362539624,-0.5248785081420402,-0.980762897678293,2.114035637102753,-0.07329104454049068,-0.2425733815568787,-0.14539318180219435,-0.8029655728581377,-0.2588540279719497,-1.3194519604848363,140072,16.11,0
-0.18924569656839169,-1.3799806659036957,-0.3677232874755995,-1.1017798865748192,0.2653870668626484,-0.8784161465124305,0.2318297058432619,0.06309632976690367,0.12536445993517284,-0.9013927346288603,58541,41.79,0
-1.0933238578873825,0.4413586925299495,0.4932832333941253,0.4629659995461305,0.24821584022088922,0.8332963554301374,-1.0805553270331993,-1.0997907117568984,-1.8971395218837974,-0.6697879270153456,143566,89.54,0
0.2677114623438358,-0.3806248470663645,0.9799291096971879,0.7732702423232731,-0.44147238325278276,-1.0429363392979336,-0.6159380392714457,-0.5910034232619692,-0.5418884033874034,0.9558026707414893,82782,137.35,0
2.959240606961452,4.464761412880815,1.3944823364148857,2.9441268879583147,4.412251489747192,1.5087547464425977,0.25944008586092604,0.3557056714585909,3.7853793765452615,1.4211427622220405,115985,212.43,1
-0.3618325370843415,-0.3213425300372459,1.2337904078135682,-0.293295522205411,-1.4995682060120572,-0.3973291887424982,-0.20785413033412606,1.1355635935633808,-1.318184139611794,-1.3275007945657864,62928,127.92,0
0.5010854326224657,-1.154148935586928,1.4311330150292483,-0.6712358110975197,-0.48714297656389544,0.012046025055529607,-1.434174142523057,0.9130268968292327,0.6991720859351274,-0.3549675629419061,119651,65.67,0
0.6857490352746618,-0.3580093058910226,1.4199555794824656,1.1400221120432803,0.6767797779381175,-0.553414527643637,-0.5326566529512831,-0.7263284484132133,0.23620128678406696,0.4835492639650347,155482,57.93,0
0.7141137485533007,-1.0411214673926061,0.3918377499304902,1.3892203676562416,1.5516772609549183,1.3712647730448146,0.4705146167307748,-1.2144813466427977,-1.5866825332607466,-0.9162284966065063,21232,50.98,0
1.008668355954839,2.8000859359143266,-0.6406549085024337,0.26791912435014975,-0.7651144563438871,2.5487812866055903,-2.118561986472104,-0.8319929844420818,0.02219002179660143,-0.26863826460103013,28702,35.48,0
0.471538522545139,-0.6711487951306716,0.03562971349056658,-0.857417446351554,1.2513079958220497,-2.4484283162896685,0.9131698873072588,1.5101728216538113,0.4806097419397185,1.2556704097349487,146246,6.13,0
0.6904853540677682,-0.8246225712046127,-0.8686115904422842,2.276539693442772,0.031613954857745735,-0.7186225992146529,-0.013845848362830536,-0.2129289553147211,-0.9919673543994914,1.0136995777295208,11187,100.76,0
-0.27825376845717287,-0.9048726099858533,-0.367035105930551,-1.7381314443842815,-0.18562120093847612,-1.0196064713000912,-0.5708056054436963,-0.25401021704565135,-1.5155741888293852,-0.21615684892763418,157619,5.66,0
0.765955452726233,-1.0946963870308715,-1.1572138030168888,0.3188858642454964,-0.13933448517973934,0.016123706326332008,-1.315472279988113,-0.010572199431224092,-0.025359007031369254,0.2324932257168377,143266,37.3,0
0.13824143205868192,0.2502976726648389,-0.3858781127552457,-0.8992102473458263,-1.7997443317653965,0.8811605101631488,-0.1762590206173354,0.6053120288993791,0.8093778060850211,-1.6722352416148993,134712,8.08,0
0.7041903451231669,-1.1057722952153066,-0.8632772922093546,1.6868211545616603,0.9312134911910329,-1.7029689207854803,-1.360765024887505,-1.0474977490223887,1.3899512202694282,0.32284409998157665,68324,60.85,0
-1.0996583458443414,0.023864421189582014,-0.327799800015837,-2.0428693405371567,0.237722074823827,0.9028459907819298,0.43929744762235207,0.32187133842529425,-0.25433272004169993,-0.43747424992977735,89717,67.68,0
1.2381603014898497,-1.0461822197305883,-0.410559913834402,0.9191681833081691,-0.05893838787123415,-0.06013138116947414,0.4255870072771317,-1.0238209716850253,-0.8510114628109127,0.13621611485447158,69238,88.33,0
-0.04990539108671263,-0.8694084448546713,0.4349846021317938,-0.7986669041070357,-0.8946984417739533,-0.0923663609253804,-0.8970340556405135,1.718483243097777,-0.8290069707889384,1.4590296678406776,108261,4.98,0
0.7601330853758538,0.06598330191824608,-0.6717888999774754,-1.5022274165792362,1.0922232405680579,-1.2822095629435222,0.9134154159790558,1.9797035715234061,-0.02231861167004375,-0.0244360796822767,113496,4.48,0
0.37694778569537224,1.9947464184091128,-1.5999319709588355,0.09525239744746067,0.5485411113532397,0.9321963500270899,0.4071173878596385,-0.6108354062237965,1.183886079548419,0.974141275900273,47171,29.64,0
-0.07347866159040038,1.0905735873738482,-1.3744939746410305,1.2036868668429943,-0.9869325033136268,1.1303921370503283,0.17275514656166813,-0.13471003499750286,-0.6192906226800858,0.42188048293055624,146023,122.92,0
-0.13002606149848983,0.13542598524553,0.36104713519968545,-1.6959225068802954,0.9131555243760411,0.549379686156372,-0.8560589949306505,-1.508060709637813,1.3230168640908428,-0.3621409542903751,27143,126.17,0
-0.42360660646083825,0.868702675231683,-0.17471953010613864,-2.1412526882311878,-0.023947338549361843,-0.5191355524414507,-0.6824617232361911,-0.30353663580881896,0.015999954586683462,-1.1132295333063609,5289,7.18,0
0.21138647504826755,-0.7210621147987927,0.6045403991323594,-0.5213617216816094,1.1710615226618508,-0.20493983968913196,-1.3559923986163935,0.025347426040775483,0.25128713072420833,0.08846605837702468,116377,42.32,0
-1.5756193271706151,-0.740329365838712,-0.003258321806131569,-0.61158006388818,0.2781212197293803,0.30275170329694523,-2.1944600462682695,-0.19971510751456176,0.23332230564830345,-0.22261092175054634,84978,90.0,0
0.7692362080371281,-1.3292987229217992,-1.3213483853261705,1.924936809770226,-0.8375254954727348,-0.9181034660425893,1.783265860085987,1.5717209138534616,-0.447004057474871,0.5371253071774642,64344,14.13,0
0.7242826774562282,-1.3517959260633097,-1.8769159761207344,1.5576367440167387,-1.9823462138192558,0.05374256160762678,1.441337087876839,-0.4545897937486551,0.9621262507861686,-1.037094036738736,116056,87.3,0
0.012578502351833248,0.4343925265848003,0.41796427584949686,-1.2582338539842965,-1.3172348617768252,0.16725731350096998,-0.1560194988093462,-0.5186191951104016,1.5746192676909097,-1.3504025061124625,148762,62.44,0
0.02596211343350502,-0.39504411453027083,0.5658115720868266,-0.4681617352263691,1.3960472999356885,1.64309858565982,-1.3476901458414752,0.47388526124202135,-0.3165701535257132,-1.0290206626006433,106483,17.78,0
-2.2194742586230527,-0.12159859034654243,1.304911017844329,-0.7131445010457679,0.5527761486208744,-0.7414377928001679,-0.7419614995316888,0.9343204118063413,0.4152584959113517,0.43180497211504826,86959,88.28,0
0.5511917287016942,0.3374931388188395,-0.8181695179002196,-0.5919025038834741,0.5743495925247685,-0.03531735618704696,0.5676800400493592,-1.6168763229347647,-2.141726321770312,0.05110995695838059,1922,4.58,0
-0.11394745765487507,2.198847853482332,-0.13127347508638623,-0.20389095886661496,-0.9032146515079627,0.2834225145492587,-1.9056791456563793,-1.3063709437498046,-0.8238959314326909,-0.42387349291067156,34177,86.98,0
1.6054833827939645,0.2988480444383938,0.5398631944766077,-0.11344144337049392,-0.3938264187449053,2.6791627111941665,0.8782770856042484,-0.7318394626587192,0.49994749977346864,-0.9554623762626724,43264,71.17,0
-0.05062811305699102,1.190524704955642,0.18034774675536697,0.15450324912777277,-0.17786577356298044,1.8760375258246291,1.1060104389334366,-2.5730873547858444,0.534542804926203,0.41979328252532755,123959,14.52,0
1.0643121862471823,0.5491904942330328,1.5293534541068148,-0.73881191980665,0.6429433934517144,-1.1930729967370544,-0.18362330310222175,0.13952160503221303,0.7248297618479643,-0.42414498558514746,171186,68.47,0
0.39423764944203077,-0.04294108295674488,-0.4420152804694056,-0.15777076376430912,0.5478735694650663,-0.447418285568487,-0.8933182918426733,-1.2828037635931901,-0.044721799461061425,1.8898516351685073,125920,49.83,0
1.003476290877664,-0.27056120151327656,-0.06311569132977517,0.21857124927399274,0.2351866222914129,-0.6672457662309931,-1.2956460106700902,1.5016677885466418,0.3146768852883976,-0.30126593894947007,146205,48.15,0
-0.4123368722047306,0.5616618078027354,0.20740648540116763,-0.35381584747966704,-0.030250588477874818,0.6362125515697836,1.3723362709546834,1.3944348071696824,-0.9454793068872157,0.6968311999357579,41679,160.43,0
-0.21993579526633558,-0.34360109440037934,-1.9668922508780478,-0.5144485049657053,-0.7929542265304419,0.21887153850827396,0.10647331828592477,0.2423457471307213,-0.3478876771237595,-0.8017068218587585,142736,150.74,0
-0.7498133382845175,-0.32806962342559803,-0.6471785508995,-2.6978918779406253,0.24721417761997155,-0.8131027528662195,0.08129437257354072,-0.4510911190156343,0.31789018945904873,0.6257104349034788,99218,126.69,0
0.010802084856015158,-1.762118012472544,-0.4002866301815139,2.211879640276645,0.05881501998245523,0.2985217613487433,0.6367602448296438,1.5112325790186012,0.8158663795082298,0.8185001785344097,53573,134.41,0
-0.3049732187131,-0.5306668897390933,0.7482453428286557,-0.6424294892612682,0.7579084420329506,2.1442026772186713,-0.4796139618800079,-1.1809418465691557,0.5850997645137889,-1.6721602062334255,97810,91.64,0
-0.6816145525304338,-1.241737812151367,-1.0080149366036986,-0.787252329342901,0.3311124224504418,-1.0791317912974314,-0.9750064635784517,-0.0828759647099221,0.07355054324532377,0.7322750096412778,106889,132.31,0
1.2177251874511363,0.16307020793270105,0.667376243833423,-0.9815483984445561,-0.7696999003340166,1.0565867204553927,-0.9726400090720136,0.4045760482252575,-0.41663839555413007,-0.8236007289743827,59769,75.67,0
-1.1369225814104345,1.9982889833413344,-0.6250040461994723,0.6279654143933764,-1.200061711285794,-0.39969194678204123,-0.48154350600559304,0.17764190757982173,1.4041936936416293,-2.148325272498505,51191,69.13,0
0.3493506225604296,1.3209100026698724,-0.19804617072477865,-0.5776693847451299,-0.8988664244629286,-0.7608098913694541,0.5206583924017935,-1.3071784753589308,0.046421810860825204,0.054424848992284273,103307,122.12,0
0.27833293957050426,0.7779342200275429,-0.7577967064033425,0.18736424105126542,-0.6126354131078269,-0.11629470319879494,-0.38047651115645,-0.15873520106004688,-1.6858828344203014,0.38829755756074597,108868,123.81,0
2.0767113258590237,-0.08557267978862526,2.1031395333905007,-0.4256097435274256,-1.2616068747216234,0.16767803547497515,-0.44756036053416426,-0.7485850299949548,1.5006895210123234,-0.7376392048484065,405,58.32,0
-0.4757491193126174,-0.162150420975282,-2.0671102246093973,-0.0006334968757647034,1.8395376554957452,1.2820745093111063,1.195917314726449,0.030292890634956292,0.7797605847603627,-0.9941571949455645,27553,48.95,0
-1.1401609191262305,0.32485165851104525,0.3184734127743923,-0.017571760531666748,0.2713569626625843,0.647523954858833,-0.8271063496226796,2.0392799041566856,-0.6052692516323414,1.840776936130149,159451,164.66,0
-0.6782644401551767,0.7464182196329605,-0.7732964810113417,-1.0298879761750954,1.1125318503624593,0.43271090184889094,-1.0033767601799353,-2.2292269944610985,0.16178571859085394,0.15839014047222033,147241,81.71,0
0.8356149278862445,1.6091649688275829,-1.3788087327802274,-0.10418755340144568,0.17754119854703979,-0.6100545497192573,1.1899210637041624,0.6808737536917654,-1.9017385265327504,-0.434012047077851,34806,114.11,0
-0.7148765618975097,0.07498121798983637,0.634399591161337,0.45770403739277193,0.06938963461353378,-0.1796354459135899,-0.928675464463819,0.27265432103141635,0.36998623360719085,-0.058194192232691726,100254,98.91,0
-0.6941385611456656,0.044189919556039105,0.5474868338224844,0.3464794336352301,-1.4120996915840336,1.664161582896393,-0.15133566950972718,0.15794700027741299,-0.9683394466011713,-0.7257459774131751,24330,111.92,0
0.029109946576669203,-0.6504204526731951,-1.135796086889898,0.7846312133833949,0.5097360236772348,-0.04904941732733615,0.3556887731453272,0.9069982145016658,1.3156872409638214,1.61780819374063,56092,45.53,0
-0.03892920048484066,0.6159499371480742,-1.6140194329439417,0.4184369279091314,-0.5683514716950304,-0.5688163816575398,0.6584720231155342,0.4279161636397303,-2.0759771157675355,-0.2386631123934986,45620,79.12,0
0.7138201364823995,-2.8123469935060212,-0.1328868046223994,1.6227308306356492,0.2645772446304975,-0.571425173941403,0.31072693050544836,1.783020770715583,0.1984626752624151,0.2173533938733192,89770,47.7,0
0.07212950771386951,-0.8086304698725554,0.7271692496802824,0.283900593129921,-2.1828153455521377,0.6446303277639107,-0.48113097068722116,-1.1212124936776773,-1.9140355518513745,-1.2719571068735451,61927,25.53,0
1.3276861322676916,0.3114093474506757,-0.17820094286302327,1.4486218845639236,-0.29130788654667616,0.4699964857392591,-0.1263093513778315,-0.39016591090067043,0.8936549854229597,1.960033466275064,146245,29.08,0
-0.8453204649775686,0.4105516350582958,1.0668120262667529,1.741723828700153,-0.4423480511189051,-0.5706043422415404,0.4329835282515518,0.15618749547137054,-0.6762443245410552,0.5576788543044419,7375,151.33,0
1.1320522884141782,1.2288150027166052,0.9350201907325847,-0.03344011286954425,-1.585690789184562,-0.7184678475356595,-0.8604565562387354,-1.474847641512767,-0.42058707172787446,-0.04673476863889921,90590,122.19,0
1.0571892702413659,0.48820463973357225,-0.17510372139564934,0.5064671545848963,-0.9336654869245457,0.9267649097579255,0.823317951775014,-1.6777981022783872,-1.0406607408492436,-1.383087015913084,163340,65.58,0
1.2865901312872332,-0.8370336532238911,-0.37474388630634403,-0.17407496537466038,-0.7177494755598762,-1.404600307221224,-0.014122774929450736,0.7624297376466175,1.748175382348123,-0.7641993343636917,1820,32.68,0
1.0116604137066467,2.0404934143245375,-0.1289082760674993,1.454024403025268,-0.8121187873570754,-0.9886077978129807,0.4104929275231255,-1.2046213336822362,0.6333851431050228,-1.0960538807019093,30836,75.57,0
0.4465311760299441,0.7546436171726086,-0.40243087790166676,-1.6037721552567,-0.492643354782697,-0.6491154690359697,-0.044916427417409525,0.2527230439425748,1.376731713058919,0.1842698004185029,66321,49.63,0
0.9788413412371997,0.09226560014317738,-0.5981801720511966,0.3128831075966104,1.2035700460201588,-0.4460904535118868,1.5699006906397102,2.4003384500050413,1.0823460437760386,2.042113138993279,44337,83.9,0
-1.1846846436623242,0.6849980727668268,-0.20637242832903097,-0.026643686793205047,-0.7586401780205851,-0.994391139305733,-0.20726668827278216,-0.7341137290144423,-1.452290329775858,0.5667682535563039,167441,25.52,0
-1.1536749163997606,0.3621249759426975,1.7923918784038924,0.5348921118028795,0.46881841649041733,0.2495259006308594,0.7440884803062111,1.4021679437229746,1.0959878489119954,-0.7546879031104419,150590,9.77,0
2.0487556508632867,-1.4294982383634685,-0.6986441958730818,-0.32744062756170583,0.4626087683051862,1.6882648344406712,-0.06395233187832489,-0.3557469160338299,-0.4547776361186857,-0.4416641014902345,101036,29.65,0
-0.3118913122553999,-0.030427164902642686,1.0301853986015017,0.7932264815558977,-0.38214639100558345,-0.463313534650632,2.1382365117749007,1.1614812410201583,1.3203985251958321,0.036114493683547515,148075,24.17,0
0.9101014949397712,1.3190393359152313,0.20217249698807344,-0.04688669929889871,-1.0674231909764418,-0.5709836240975095,0.3483261508794795,0.8718422024518231,-0.01127395289242224,0.7248057340572811,107978,69.11,0
-0.583886939092219,-0.8761188316991384,1.0827458252894175,-0.47162366999478544,-1.302267368971505,0.05981178619117832,-0.2890917105371513,-0.04807739341491185,-2.1370644240880483,0.20945839889921805,67822,97.08,0
-1.2198757448415216,-1.9959075861197932,0.7319613383850628,-0.7375551452208102,-1.223121399852933,0.9598380054009069,-1.1247698544713458,-0.8098101480985058,2.0874784284157815,1.7489810214783075,156249,71.55,0
0.7777919354289483,0.2564589108585328,-1.6965686955756079,0.2947588620553034,-0.4273725318120172,-1.2777424256543939,1.6592154099740235,-0.49097810052633667,-1.1992125030001204,-0.5768239164238894,15364,108.02,0
0.819343097059747,0.033246516344661574,-0.7914462587281675,0.49966448895423055,1.3380090522100816,1.6015454843855395,-0.6182740847024535,1.6399288161803287,0.9340154367253002,1.7227002636522848,36627,19.89,0
-1.110430684414478,-0.4103407314516127,0.7244754501652129,-2.1131504474535348,-1.4548028335982468,-0.908055425577215,-0.5035689313836249,-0.47125341873854854,0.49820215869957285,1.2384094868990556,70675,117.24,0
-1.0719625522902192,-2.119103940217333,0.9047291501563995,1.8706392568459225,0.23761386093645073,1.5345340940933647,-1.18117260593125,-0.30285767252022616,0.8060120260493259,-1.3140006406959845,32578,123.05,0
1.007510770986559,0.5113989961743719,-1.9654257515356857,1.1713036321164139,-2.0666392628540713,-0.4156742669459145,-1.1420483770836505,0.2618702884906011,0.5172510845602049,-1.0557048438814094,67546,104.47,0
-0.664626000063131,-0.0057675461827832435,-0.09968952988746987,1.4959659598217314,-0.3047211809924265,0.28167087002955826,0.5955433074182512,-0.792411484420032,1.2511133018190026,-0.8433710744413829,75560,137.13,0
-0.09886311596228586,0.11434910982059632,0.6652177440849291,-0.8947268556281281,0.0501993454265921,-0.005638692741311581,0.3284270253978692,-0.3531620683824602,1.3984357105243324,1.158659460822628,82615,41.44,0
0.30111316710069364,-1.3768110009404684,-0.29643600674803083,1.5412904718161682,1.8867033904376027,-0.9720927464033672,2.6693860717567706,-0.14746812595435196,-2.053187253257946,0.8546024273636127,69479,34.13,0
2.45824360573656,-0.593895328955735,-1.312109530858121,-0.22749117975350636,0.8322626374355127,0.5238280106479776,0.20090410119253402,-1.2116851319489936,-0.2500336689000821,0.16540926076194035,88247,8.07,0
-0.686937621665846,-0.40288595717563497,-0.8473481143478149,-0.5147120225832186,1.788583018787357,0.4414509838846031,-0.8220603584395897,0.6501908890002116,-0.25467852225435184,-1.4433833874543964,129299,123.68,0
0.7297156737837084,-0.12433282084890122,0.6355059681529976,0.1478705914601392,-0.35141449517792245,-1.7736666252424869,-0.3202434978198473,-0.7195209810452088,0.2715624167258087,0.6895033113749636,138230,49.26,0
-0.5768484731483126,-1.1336916855468007,0.11408741457432525,-0.7426453395192898,-1.9205240224540956,-0.02980946266093038,-1.2776323551684412,-0.6223645085746021,0.1554288913834488,0.1339287622590592,156218,37.18,0
-0.2351506466144354,1.0080502628605923,-1.4645795100501657,-0.08221679411995671,0.45661634953689034,-0.9925633320235557,-0.6740235729710011,0.8589334714906841,-0.18201551706102778,-0.24788988998016132,31902,50.19,0
-0.04179722787551253,1.5086849078039715,1.0248792328266414,0.5252772064978907,-1.4277501429825845,1.789605595793079,1.4291862820848478,0.9995068453141214,-2.1170498067464747,-1.406041335927347,150859,30.37,0
0.24794756085187486,1.371067390768662,-2.043658086173129,1.1987290052766018,1.298501656194275,0.8038280951636176,0.8192995137226473,2.0233936825385697,0.14169434259591693,-0.44551105310858874,170592,35.71,0
-0.48975018290120914,-0.20118976349475026,0.4629490097437198,1.0344293862270395,1.5848856877275204,0.6562531748955085,-0.12630630896851133,-0.7020119858700076,-0.6932540536516085,-0.16855724063751104,144911,83.27,0
0.43765567353430623,-0.7743519008881833,1.6409065054943148,-1.3393665762925462,-0.5378612066696534,0.17464582428037445,-2.202519212380457,0.49593542958198783,1.544333810390488,-1.3145038690412594,104158,67.36,0
1.0493396105434072,-0.0902897461068142,1.2693253180378326,-0.09703024235522073,0.9770957188917753,0.23217128684659583,-0.3552655083432789,-1.2416362327671189,-0.3323368527468313,-0.4517101386046697,427,35.45,0
-1.8314060842151236,-0.47852849475776627,0.9846414883332621,-0.44783466209495515,0.1697784627130989,0.14451109141550142,0.601155244995063,-1.2595661414528563,0.280926679769639,-0.2881349319462584,80379,55.78,0
-0.4932218455059107,2.097510614044568,0.7947170323066438,-0.9840238027038185,-0.9918248570333047,0.6832381559814402,-1.7634088358940716,1.2534344767925931,0.4141914638273636,-0.22869026811987167,98162,142.19,0
-2.4363756632473224,-1.1838678626399737,0.27230173055175044,-0.2664947122195833,-1.3381007846778628,-0.5152082497318609,-1.9203374682892587,-0.14494702596077724,0.7227780524617469,-0.3779336647440183,117694,39.46,0
-1.2165601493811278,-0.8549847809083815,-0.08454835823364099,-1.352164057051073,-1.0905468078463483,1.352400051381753,-0.39338007358947663,-0.7449330371514816,-0.10512621867139585,0.711901547932619,98459,23.35,0
0.07539954314606226,-0.10350864842972622,-0.7076374310992968,-0.9098214252395551,1.8678960782240706,-1.422934257014142,1.230993376626293,-0.6678134869487954,-0.616519021959377,1.7792785282381622,107648,53.24,0
-0.9053652126818322,-0.6352340311223299,-0.7280239948197764,-0.4553994808406475,1.216148940980018,0.24268850851261617,-1.31543073288451,2.4214552379339294,-0.5686435677259153,0.7943132383862512,75902,74.24,0
0.34464522623605237,0.954627793652306,-1.902901562093312,0.8117644468277492,-1.1597562152110958,-1.3781524372396443,0.2635134908112687,0.4490114461762098,-0.8890852363740881,0.22990672636600173,137125,4.16,0
0.9159303022795986,0.5042075185344578,-0.2781766216660757,-0.7916597063820323,1.4248456208147904,-2.2640097424955847,-0.053225417873054126,1.255916858580378,0.3638616780788255,0.8032549548609039,54220,126.32,0
-1.021045160678322,-0.41924065667327093,-0.199586921163838,-0.42791829790943103,-1.4980501435140348,-0.14476838375915804,-0.3441010076529328,-0.6980257148488417,1.8418669098004679,-1.0058276191328872,109661,33.66,0
-1.4624573848541527,-0.5401535540724726,-0.9144475665885586,0.4091101991300401,1.8133418258699916,1.3971904900745638,-3.1501115504989277,-0.3058189095149944,-0.8775712366878774,1.0056411971371948,71467,64.48,0
0.18334221399842102,-1.0362612880687683,1.528266367208985,0.0954476866095655,-2.5607419565035765,-0.44414417420693725,2.89050879973298,-0.8031499758497503,-0.4962530338282818,-0.8717279825787878,82852,76.21,0
-0.23105967989949022,-0.5213358322020036,0.31883088437087354,0.6434030426793305,-0.06253744217872143,0.537545717462374,0.5481351272544526,-1.8557635806144948,1.6869375044595738,1.55758504430475,126247,26.81,0
-1.3760433315731482,-0.390205294166531,0.15504625630497473,0.2618499545895443,0.8667284028007121,-0.9931541964265714,-0.0743893300025954,-1.841703083068959,-0.5114507984719445,0.3834372743169733,153357,104.46,0
-0.5829938836640675,-0.8573457525541744,1.3077206919698647,-0.5240512271183657,0.5152025136039032,0.5137279937950102,1.4456019485393545,-1.807734043306458,0.5466889786946403,-1.017983290142718,79123,26.27,0
-0.04473293418786798,-0.4741866158547388,1.152292491749911,0.24779955785298277,2.2640885613139448,0.8865855612174934,-0.1736103893915679,0.2047407577514541,0.9403329357065909,-0.7213062759411829,13535,78.73,0
-0.237259719097402,-0.16565581262414916,0.5026443487530131,-0.5445868205930625,0.3141291221325301,-0.05093239991444067,0.9302092066231201,0.910473691849177,0.9466085823357876,0.2912745430214136,133749,132.39,0
2.691540865831281,2.0361264309961826,-0.06649749520355241,1.6862494714727858,2.193798151616039,3.9246661602452977,0.7794002849341308,3.876988360024675,1.514214841116877,0.7808136853724972,1391,159.73,1
0.09543903848773612,-1.5374429491266413,-0.2112432796112795,-0.7937954650871212,-0.4533232643137902,-0.29224704370223725,1.2939993393891067,0.3486134189176889,1.7778058111147945,1.7743523009152888,154669,96.06,0
0.4693606596207741,-1.2424584874574092,0.6709932954470896,0.884933261964115,1.1684979754327052,1.1595746815122325,0.5826442968590089,1.0996168722418445,-0.2841554340299909,-0.09220855085008207,41884,96.4,0
1.2128836917231558,1.7690833257701195,0.16060498937944198,-0.3286476158895048,0.2650235741702826,0.3930367383442835,-0.20418974483697613,0.15203239474032787,-0.5456943336936861,-1.155043328198528,66881,62.77,0
-0.3421528907320472,-1.0838962896056503,0.7490299911165732,2.076181189760748,-0.20136363555463252,-0.12449018617308494,-0.19402813945088113,1.6569418741662927,-0.9576270690748248,-1.0796934338013904,117195,11.64,0
0.23440089269869593,0.8439390708915561,-2.1843466823279227,0.15514812822643081,-0.36741288910217135,-0.628559633958922,2.285676153749928,0.5599719713724903,-0.08953499262384396,0.3425440231720274,159329,99.89,0
0.40174891931974643,0.7122313061320464,1.5412966494140283,-0.6214854147181051,0.17707927926181868,0.2727310670848132,-1.2739583357131983,-0.793645362637077,0.018739095318541118,-0.5003771203539952,30760,82.78,0
0.2839060011754735,1.3877212696709238,0.7021418523041564,1.3571960642519787,1.0975215056449055,1.3838117488556092,-2.304227740774793,1.1949514857672319,0.2516623160953699,-0.9768180658204948,143776,0.66,0
-0.6751139521434614,0.4919302013563091,-1.0203288676440678,-1.1749400893061266,0.29092189832191895,0.7381489163330344,-2.0229535439078057,0.8716093293922589,1.0135887655432392,0.12824692781436978,52112,47.98,0
1.0845151609299661,-2.3499712152446164,-0.0031942828910650643,1.9285426539668302,0.6349998362559559,0.5200200307053304,-0.7400699350164758,-0.44291250973272467,1.184881064793476,0.04785639769902546,7520,37.53,0
0.385037937656101,0.9949555975666642,0.20685731727579246,-0.7370094638846911,0.01686349928871105,-0.7641485569213184,0.5077270963387507,-0.8330311640382132,-1.2648542345545668,1.3068188994639613,92900,119.77,0
1.123094630441539,-0.5367380603433028,0.16201275198811943,-1.3902850599421557,0.6556448097835503,0.74597183899408,-0.14122684089428747,0.06407743931271655,1.3395568507042883,-2.4224292978123305,62035,56.86,0
-0.2800686268808754,-0.24761303312442595,0.9674404601379066,1.1376619516033566,0.03814851084082152,0.3940625733847306,0.5107003086963713,-1.4375433705443506,-0.8747206949648333,-0.7140021389643413,155644,130.25,0
1.782293792704712,0.7528018229417711,1.3494526149153527,-1.0277052036965477,-1.3056175719102803,1.1312191725302414,1.3654364094947014,2.312669539607887,-0.666097360391682,0.03280999988743505,65563,76.11,0
0.7893665556697054,-1.1469627282664296,-0.2690271603115207,-0.5560474508341664,0.883975575631944,-0.4066018713159627,0.7606205432518568,0.25363704858107305,0.8163297078582913,-1.4470965312133457,106397,138.48,0
1.950943482686692,-0.19110620977990994,0.06931575094112594,-0.5758910170299324,0.6095856814126602,-0.059167013733695435,-2.144694777955665,-0.3044590057879007,-1.8145392911364588,-1.0727366842614467,117328,12.27,0
-0.5766472922336929,-0.2753092123620546,-0.8173117024578972,1.0073697528936145,1.138223060052627,-1.415156939485918,0.4614712645145952,1.244532180664468,-0.048429792201083,-1.2228850241462492,115654,106.89,0
-1.3460613278449878,0.23965869655895883,0.14639216906455813,0.01708000020317875,1.2912026106494416,0.8641097529128563,-0.3473597601468103,0.6098122805781236,0.06128630753386176,-0.6151007646224879,75291,66.94,0
-0.3157894861550056,0.026793443119438404,0.42988157316148295,0.09964576686199166,-0.6610775318194285,-0.09878302044073389,-0.32869290626158026,-1.1514693017239295,-0.15021158483774114,0.8460653132421146,70752,1.28,0
2.242920312402985,-2.1250101249030164,1.0379892900207761,-0.178881409766725,0.5531651475959057,-1.3512271818895092,-1.110775422918861,0.5997668408069873,-1.2406310883307852,-1.0804963268821994,157935,75.52,0
1.7060917581276394,1.110390972357463,0.5212759304540885,1.0977278110469655,0.1330189956836701,1.6595271734693562,1.2925941038890745,-0.2682522122632316,-0.23554334562797236,0.4592899421577536,69015,77.06,0
-0.33216852983900536,0.3553762106700964,0.8320751882917314,0.3873227209918976,0.347666389547727,0.5453472016290055,-2.118916682331886,0.8278939044212705,-2.0592376505028547,0.93049367452071,16872,36.87,0
0.7562481636298061,-0.8152864287945346,-2.5336583304946583,0.7133233324049665,1.6132716292888492,1.482452562252055,1.7860874333652892,0.4920357635327086,0.2408987161575721,-2.4385853486139144,9189,87.44,0
-0.8241307213394766,-0.36013806357701345,-0.5039951083635509,0.43027536843071573,-1.1119319414875295,-0.4150787044366666,-0.5943948962587207,-0.6391774699553207,1.1480919392975795,-1.3268879977019146,156370,6.83,0
0.7949322529156275,-1.3402083850310482,1.0761736552845853,1.0454849255123724,1.7790602078563824,1.1585005794051257,-0.6481516452942438,-1.097676504579131,1.425047596675779,-0.8135786510885235,60280,52.09,0
1.2269408764359389,-0.18932032256789785,-1.1565188004995823,0.7175584126276655,-0.20019344351984655,0.10338320580064071,1.5211773784790579,0.3874439872982207,0.9576152586862193,0.9549761523232944,143605,95.74,0
-0.6214619675777742,0.14749065443293866,0.7081525581239733,1.6783288504619516,0.08326172397551379,0.858082738094596,0.5541976125097952,-1.5113104631361634,0.2734096546271006,-1.179807264287407,26012,105.19,0
1.0195109176646295,0.5250720408620666,-0.33688092339515835,1.797699837794804,0.4198838471634218,0.4850993084323594,-0.5748924185543153,-1.4592481110440385,-0.8899022128871268,-1.4368413021111095,70136,63.14,0
-1.183759097060195,-1.0242252710980422,0.1599315767258961,1.2255715227151365,-0.8248960980066457,-1.015491780518226,1.1770978124248346,-0.2507755447630036,0.686018714448087,0.6169252932645729,57685,20.4,0
0.7668228717842437,-0.34325576183686607,-1.6417983335510877,-0.6097199233466377,0.4224287792679962,-0.03073279311087399,-0.4246083998615804,-0.2631335972034264,-0.4281199966542142,0.11960607714667976,76862,40.94,0
-0.28060044683806395,0.8496702524484937,1.3696258690346048,-0.16551372896983654,0.5502387706232047,-0.8167349242507829,1.6976136654713927,1.0068032855870497,0.7845273453834963,-0.19321638082632733,83292,34.98,0
-0.4863079090733309,-0.8388561095125178,1.097186074156234,-0.48518868116714137,1.212410431064439,1.3576491329094167,1.5189129832353838,1.863694797206862,-0.047544005809299295,-2.450656002766061,63339,105.58,0
-0.11391639305308393,0.5664013526592448,0.10309603250980404,-0.635280249865139,-0.047038659255799566,1.7632030849927454,-1.3156378093961274,-0.5149530947818145,1.6781643812833407,1.713979472966592,93687,1.49,0
0.37510816375419076,0.26761750903111453,1.3320807259278715,1.3926606484755626,0.7094991234582252,-0.7514238271449489,-0.3066977796326571,1.424255057632078,1.9028106771572895,0.32982112092438365,150566,70.48,0
-1.1991171261452302,0.05285130986894881,-0.16512256333928968,-0.7318929559461467,-0.7158598754603867,-0.6022657234915083,0.22251866973722093,-0.15161897565363683,-0.6707499404270815,0.8464424734250557,46891,33.81,0
0.2306723023806257,-0.5197719507535998,0.790011098611832,-0.3950606135118676,0.7160544516995808,0.29876728497083155,-0.9821814763409528,0.6870869281943682,0.18394124338949466,0.7863785744906806,69320,135.7,0
-2.409921965799875,-0.35309633141780583,-1.8059075691788211,-0.19662769837255958,-0.7634737077106796,-0.32003268854583433,0.6547156739355009,0.034402720811446956,-1.8758175566131423,0.8317737632977102,99727,46.19,0
0.10948535944708751,-0.2971447372301422,0.65365674558564,0.12745550483907234,-1.7034668826002697,-0.18919441984225716,0.8664289846936486,2.1820982252712184,-0.5627657915113431,-0.48309689868364913,21854,112.68,0
-0.056954541213528984,0.26835898801852265,1.2023781165777556,0.24365272501416324,1.13862358284633,0.9435793567386618,-0.9687266466130996,-0.406924614225695,-0.33061468593115223,-0.7864775896991474,10283,79.95,0
-0.18595667718604886,-0.5494270197753985,0.8635455077311673,0.8607864698492321,-0.19994013798826385,-0.27441268115708217,-2.080979715777251,-0.8125678257952536,0.13377604795241613,1.4834020056591668,6489,22.93,0
0.78212823909474,0.05236632319013622,0.09988225428788719,0.025297886566117544,0.0384080843685186,-1.5245809383957594,-1.1283237055365942,0.9986817568981882,-1.0841081396307675,-0.23482282654038775,75567,80.8,0
-0.6760173056813688,0.6146440480818223,0.890044503010141,0.4132328230039233,0.45449618290731764,-0.7842425390277837,0.4370076306516379,1.2991131036370316,0.437873148922222,1.6078935495965618,154583,55.41,0
-1.0089659775882531,-0.7304662589089517,-1.1032267648895286,-0.10110593350525482,0.8834424010104657,-0.9945853921309115,-0.029474363926308835,-0.016660476090602703,0.376448591917038,0.43072310203712344,125581,57.33,0
0.4303013589575532,-1.050419943348547,-0.3501367739746331,-1.2590325406532241,0.9496352908530433,0.020608706785452846,1.0598149960620862,-0.2573501994680813,-1.9977138424801,-1.291603133880825,2653,3.54,0
-0.8887973132309185,-1.256983675369349,-0.4933854685332102,-0.6595578936427701,0.10900398957959404,-1.2487378160638052,0.563756431645642,0.7626928754138702,0.8697991505599149,-1.4095256597993822,136173,28.68,0
-2.3196107267512183,-2.8696200248549566,0.9641314234886486,1.7907960886110448,1.0810576700504966,-0.023530623537210665,-0.16559413535318643,-1.6818928239965436,0.18518810934529917,-0.037449682763966076,144039,43.53,0
-0.9886271494346061,0.6539862322351151,-0.8215464394934352,-1.2801805057504232,-0.704435479401664,-1.0575447143026382,0.83396052778057,0.6126691669014626,-1.7114711213697023,-0.1648907316998893,155227,11.91,0
0.9759840502940518,1.272422160284049,1.282761852835352,-0.0029304258252604446,0.5736700329760898,-0.6355968038704153,-0.3809959915768428,-0.984081271321006,0.5784603620133554,-0.32275088722740014,62680,69.39,0
0.09947747301573849,1.2722388617720979,-0.3209530007163442,-0.864853980137977,0.27659260180744516,0.07860395283669008,1.0231836685269604,1.6357868749820632,-0.3171929192133447,0.1545234308673437,116474,45.22,0
-1.9368380406201853,-1.177789767700871,1.04785110454799,2.1184285111939776,-0.5068480548353258,-0.628053263194818,-0.5958843054724052,1.088398066702977,0.6622381922875238,-0.8704958051834639,44134,13.5,0
0.16152465215384673,0.23048964342985517,0.3779655755235219,0.8710605841147306,-0.7957262027088433,-1.2110296301510723,0.2548950756738367,0.8744775262070155,-1.1552068644082596,-0.3064887219139186,50778,95.09,0
1.1913896402914144,1.002031993310248,-0.5471099631476519,1.0192158319755993,-1.153142810471234,0.3981713886581,0.07154474615866481,2.2561977750354685,0.3451722938679508,-0.9884658546681356,135487,64.04,0
-0.5007447437569161,-1.411537254576185,-0.3708348816865122,-1.329515663151485,1.0088508402701262,-0.6293500948742695,-0.030683177364783768,0.035168481860796116,2.5869827518543587,1.3042391777173399,5163,77.2,0
-0.4035921185193341,-0.6920861566283695,0.6447649695729887,0.7612487463468598,0.48788201965280414,0.23221850583119408,-1.261767984799521,0.5376014754894227,-0.07038220379575202,1.9278125513531286,102453,116.79,0
1.1697461809855167,-0.038060123442009,-1.399067540706529,0.06960670874413896,0.7175304970758656,1.3317651703373652,-1.0611831395036775,-1.4886289465782725,0.37128177495757586,0.8473992290492892,66196,98.36,0
0.18405783127156553,1.627231141663572,0.09580751115589878,-0.184473785072716,-0.5123502170389053,1.1157157017983719,-0.2910983119073438,0.6882949141323649,0.8506205514933302,-1.0616803858235562,171910,87.31,0
1.196339485370247,1.38313513986212,0.4229807383568256,-0.9212978161298966,-0.5420656175080836,0.508135391469566,0.06633379283157867,-0.4922760331906505,-1.6395501500141019,0.451937540326352,48753,40.19,0
-0.5268531959871771,-0.9755281790147413,0.32345849510937236,1.8489228372414315,-0.03129480985833017,0.8524338757212402,-0.25977696344605955,-2.3622947224310478,1.3462120651714684,0.7359146663170893,26565,84.63,0
0.23267621135470395,1.1269431432122987,0.5420546505486971,-1.7134734418523,-0.16080585933565836,-0.4990453460587155,1.027172958576314,2.3852003725157993,1.9793674165883217,0.6902451506944685,51403,67.45,0
1.0017453976515072,-0.27067375534369414,0.4321836246602423,-1.566186770920477,1.7495488287840217,-0.20402205410241547,0.10147733577392529,-0.15402950812642802,1.9733475092539887,-0.2807933030136654,137302,76.21,0
1.2993469305535403,-1.169664396093517,-1.1140785952000543,-0.4874157776371357,-0.3451965488596724,2.4349342581630844,0.4240562762269059,0.5818412626718295,-2.5862031088558277,0.4832027342094587,168138,40.76,0
-1.340356208021204,1.3045920856783244,-0.1482060863928482,0.39847982214002087,-0.08852900193567041,-0.03423681724311631,0.4693961552299692,-0.9359278844863137,0.25116658599345254,-0.012251567193944162,100489,78.8,0
-0.15124764674637586,-0.6385761903770217,-0.2710047848883935,-0.26914044923801717,1.0964942157586206,0.5149027751537264,0.07590815548632852,0.22418181965839756,0.3152772011655719,-1.237225759877272,67050,15.77,0
-1.9528155300482481,1.892168830399606,-0.6723938446940241,-0.48674069666583025,0.8008534306178624,-1.2786691779251602,0.1024059648661051,-0.8210577534987169,0.47486844266209993,-0.2601742765672633,32474,29.75,0
0.3959338744308236,-1.3156635552744327,-1.6740624632615668,-1.870457149062288,0.24803820190132506,-0.7128688863945637,-2.0019624004109335,-0.30223104909258514,-1.457966866755926,0.07796969221562229,153145,38.46,0
-0.23935562747302427,-0.7335763435010406,0.755269157570397,0.2879997554738113,-1.5558486868222012,-2.366433358148267,0.19378184708038068,-0.4711862625069426,-0.5009472082492787,-0.6115588608365392,63474,33.08,0
-0.8690472478647824,-0.8675909372632739,-1.129428000690979,0.6767727947859766,-0.03590275159667653,-0.28635419988434907,-0.8782679627400033,-0.5455277095673737,0.3837523845411151,-1.8663618845659335,98946,87.86,0
0.5969458973088833,-1.1624660853252764,-0.6626905609498676,-0.2177401567664898,-1.3335486135636627,-1.2803215696356756,1.1579684910659946,-0.528964058859165,-0.5894618684646402,-1.7081908331295412,597,102.99,0
0.3479344771827106,-0.5494871775609635,0.2631227265805943,0.13591440230756358,0.13108854718723997,-0.7764614116942247,-1.1192426609830441,1.2646305789604582,-0.8301180600376799,1.4079513112224356,85255,78.44,0
-0.8059177786176916,0.3580024341941265,-0.39954511291701506,0.46903066155617457,0.8935570213583215,-0.40042791157802077,0.9896114302111616,0.22967334663220246,0.05791193552104871,0.610067227635928,47781,52.25,0
-0.2862229498406692,-1.1994018258240353,0.22532867148920316,-0.4332277719202573,-0.49389079973810796,0.5043869514626891,-0.1950744073381489,0.12617047757028158,0.880200751152149,0.2473655471056102,59824,30.45,0
0.8443851904853201,0.7361442622610551,-0.9768881363874414,0.7446013762128753,1.5253976688745898,-0.3766433530549067,0.47501965340792485,-1.8518550486073069,-0.213011294501139,0.13400081178914525,94458,99.88,0
0.053155347577867364,1.1579690525655495,-0.3421523355004201,1.0141732622482986,-1.7042688720332984,2.1713830601352306,0.14284194253197507,-0.1058348469422402,0.07921106051409219,2.1678049680878106,59442,66.4,0
1.186142502118831,1.6154302731785954,0.9944279697365547,-0.02015525502783204,-0.7752347063340846,1.2978909549642772,0.8604020506847176,0.4397597982588924,1.1958814776189812,1.0830106566325353,71274,118.03,0
0.25928764153490796,-1.2220043869597932,-0.9641180390183223,1.1248180263058407,-0.8053893208917831,0.13841173339032659,-2.0199375483674173,1.0950130576362413,-0.8224836304887156,-2.172293204983374,8283,125.69,0
-1.8435474174587096,-0.1044110411356732,-0.524967347899258,-1.9091373162826824,0.09758224092846901,-0.9446745099315496,0.468199056023288,-0.2834590721501699,-2.0684669299972414,2.163723858461015,78058,127.64,0
0.357364972155674,-1.629636090484295,1.1262162317783488,0.3313906685180812,0.5894594986230834,-1.4488297727144503,0.09985243078313219,1.501765070677553,-0.5153926345739941,-0.31008186552267647,155186,17.46,0
0.8714287779481898,-0.1652679700224367,-2.896994725657275,-0.18016704792934102,-0.3865596168759948,-0.05264523083831041,0.4321184212180277,0.3654662865553487,-1.921349910133805,0.543872601264414,116887,46.29,0
-0.11533499480733611,-0.1492330851799887,-0.8460246155328025,-0.9930909993087541,0.3667634630103227,0.13787192149519203,-1.0071238646023546,-0.958236346882068,-1.3667971325945092,1.3837247684324343,23319,22.69,0
-0.43946351334689027,1.2292275806261819,-0.22049840763135672,-1.3857529789405525,0.3532927685282417,0.9863634917197626,1.950298638778356,0.7864879091783632,0.22022916236361437,-1.5430901138883517,90939,56.6,0
1.47927451067423,-0.06582878867392292,-2.716736588395318,1.5148232815609894,1.3223236746761615,-1.4750269514389793,0.3191955904215626,-0.05601583916568041,1.8151622353009023,-1.1780903155044335,82767,1.51,0
-0.012319292929311235,0.9369689955892015,0.2617460947171974,-0.8525918433924603,0.3896248678890111,1.1290581695243005,1.0335204355964815,0.5532188219439343,-1.705198083267657,-0.22349733496054844,131614,4.39,0
1.3506251209526567,0.6539478209229405,-1.4965072277938996,1.470924452505308,0.2085559149049571,1.1420111027447535,0.5806095077529472,-0.5502258104040577,-1.3216882533545906,0.3894037132661064,7236,2.62,0
1.3249556793816308,0.6015500023439195,-0.5037010971138146,-0.30525345756735606,-0.3131326443167842,0.2326574060481035,0.3044063596328327,0.5450850422541684,-0.1578745739921189,-2.370009570230428,94889,3.0,0
1.7713412422676835,0.47983903690221674,-0.5570225950680406,0.1462669194998613,-0.15556118109919748,0.2680200381594347,0.028314296010229462,-1.3088961662116188,1.52761021378965,0.5143359391356752,59479,50.22,0
-1.9510351886538364,1.4297874524704182,0.1940174494939909,0.18229778233798544,0.2835351047026308,-0.2508175117603908,-0.12540444123452998,0.10425808618534001,-1.6187188579692824,0.02735798989342643,161430,27.75,0
-0.9342390641479599,1.7608811400323037,-0.5623210719886914,-0.8547045026395605,-0.43952529781711375,-0.5013018785505434,-0.7264896727006454,-0.2632126798285532,-0.32379364221008405,0.1272065132046298,136586,53.43,0
0.4525384189795919,0.3202916840072248,-0.08278409969766753,0.11358498241807989,0.9995550728085342,-0.5844737333806651,-0.11523234112154675,2.176335392057385,-1.2085240770798997,0.8399593687415166,106640,110.73,0
0.24264427132386202,-0.05650894739029124,0.05320543244889753,-1.2414519625523257,-0.44057481613307603,0.7421226826035108,0.39709535711018784,0.46640098562108734,-0.2938880728617744,-1.1419100801797715,23279,19.71,0
0.27924155393356226,1.2214722002075706,-0.6540450349795964,-1.247509486060624,1.1471379815788132,-1.6022364078382039,-0.8651246302201088,1.1958422843464558,0.02816694024997434,-0.4346792744227058,86058,123.26,0
1.259705852880406,0.12724144897325032,-1.058890193115289,0.8584344557964826,2.689606059597463,0.4045176882347607,0.9720495825584275,-0.03070886265467124,-0.4480507247390829,-0.665705447935257,18371,48.74,0
-1.5223142306080597,1.0821973305993051,2.326192136314278,-0.7021617030922251,0.33278488807662393,0.39967176175606267,-0.12893182094156955,-0.7940676205909327,-0.591759355751036,1.8214167906965157,1908,113.32,0
-0.7017669462667825,-0.419784377516816,0.045010775491347736,1.6595325997585602,0.14138057222559625,0.8045980620611511,-0.7276467392713127,2.143289188570422,-0.6848001077437467,-0.22457660024275225,142185,35.51,0
0.9958587243723608,0.5190707129218126,-1.4026966286297105,-0.0724748761340012,0.38003140719429374,0.777407068442516,1.6770541941065122,0.37139083412097873,0.30931277291933157,0.6394235908172924,110365,66.45,0
2.809210861229503,0.0699585894113745,-0.5215471197314033,-0.29290638571547967,1.1124478632661783,0.6128081808259253,-0.5849122775679194,0.3907014994680098,-1.3743256775535242,0.1707977272405843,146536,62.47,0
1.4274852836845047,-1.0179887237676812,-0.4137029800208229,0.0031577227385055856,0.08301092827375707,0.4088994504790421,0.6519096326043807,-1.8980992533346577,-0.9767835663759016,0.9971568707997205,33272,75.12,0
0.6250852012481537,0.10090153514706786,0.6958557560267777,-0.3745169729694738,0.49561383521924485,-0.09197242303418851,0.1913194369304747,-0.7483242387199245,1.0132845537675756,0.43263000264519086,101857,38.87,0
0.12659671027769356,-0.241369454701366,0.8393967170999113,-0.493612984111077,0.8031828201810357,-0.9166943638774402,-1.6159614169244219,-0.48626468279115204,-0.29621392384607675,-0.8903696639460954,73178,45.73,0
-0.037249252552126945,2.0703986089106223,-1.7213625463476863,0.8119985127851743,-0.8493371621515893,-0.47495579905351665,0.5088093660501498,-0.4359879351051745,-0.35617726352057455,0.63489912041046,75874,152.14,0
-0.35806266957117455,0.9236541553689125,-0.874499952508782,-0.9911924739914997,0.1820970961865688,-1.4019360474791251,-0.4036353116092762,-0.7202107280616544,0.25299192199787934,2.711220838938044,68695,169.85,0
0.9303778576228922,-0.032391276781437675,-0.9233463924596346,1.3508186670419104,1.4184654583097516,0.106652042269184,-0.5953737188875555,0.3794993916148364,-1.2204538847903803,-0.26720380342845235,80382,114.23,0
-0.9980235932938778,1.8464398509114404,-0.8013927592391555,-0.7240795618748207,-1.3444903615265256,-0.10455565186810466,1.6485027085389008,-0.2668364545786087,-1.9284888225408328,0.603814825952058,30335,61.02,0
0.014072082873504806,0.5541614850821731,-0.587964036746098,0.40261867936908985,-0.7734657928192906,-1.560880356713502,-0.7741194443393375,0.9979467126202256,-0.5104832738658133,2.2289658575890217,118732,166.64,0
1.0190436932417624,0.002149080427685861,0.08097807934998928,-0.6132049398993309,-0.17841293036013312,0.4187894090690363,1.0815088953291279,-0.4472324120161307,-0.5378875899243727,-0.6668017754593244,132485,64.27,0
-1.0921823270869582,1.1831054085480694,0.26485950905612243,-0.5656723572000585,-0.7845842361821985,0.5168749468199618,-0.7927718559371189,0.2744250454022813,-0.8328738365224929,0.8126442124059178,149299,160.65,0
0.189843392837443,1.0444918940505687,-1.862941547832321,-0.25326432551269457,0.9331430304011468,-0.17307485833177585,0.18757157769779925,0.6067328653834715,-0.6274050333718487,-0.16574267824610864,146116,114.89,0
0.28911939868998415,0.8894134565245253,0.37431822737010023,-1.2761722883885986,-0.26707863873279747,0.043675415418173304,-0.14310547792725536,-0.2740080175939509,-2.09488084782995,-0.45715754039035617,74460,129.61,0
0.031085587771152785,-1.7620002370036125,-0.525307003628415,0.5076334245066914,-0.0762526538201018,-0.22541606691735783,1.7032642890538652,0.1350176434660388,-0.5513851282655449,-1.27012974232107,6554,104.49,0
0.03104720048855424,-0.20659926056749658,-0.9696576133676534,0.25862965689766904,-0.5368185250808366,0.7756816410154472,0.4160050476537533,1.483409223031859,-0.11914973407098493,1.2557191335756837,83231,76.94,0
-0.4275643645921248,-1.1677519175984197,0.16395699344238868,-0.39574824605886477,1.7502336828022196,0.6218985488643262,2.399361487599008,0.31970954242284844,-2.4215042311863146,0.7811975990887728,20483,79.28,0
0.64455841198398,-0.20426948780729892,0.08892687043804186,1.4873006727311908,0.32154936102601617,0.4968715773924243,0.8999083491440373,-0.9087810089069499,-0.25378546587342266,-1.4693073770744172,78519,50.51,0
-0.3798065117898951,-0.8116000511921072,1.4312465792900149,0.6913069300927593,0.5968468261195791,0.8195952584351628,-0.5807768951997203,-0.8619592869284723,1.5136908062512304,-1.8686780403216106,43145,29.24,0
0.3752574781667358,-1.4463073545301137,0.48778464575221486,-0.7592317545099526,-0.10798068167831221,0.43888063492369617,0.38795517328216517,0.7119838208411419,0.6187184168872344,0.01682294995813319,156100,45.09,0
0.07898871634000969,0.585486232246082,-0.8730627763102515,1.2926224103393442,-1.316569171641841,-0.9865828118518803,-1.151818329056963,0.369301907928723,-0.3717907439956959,0.6110285802972044,43942,12.73,0
2.457424092075892,-1.8893975878739204,-0.8772724411405676,-0.2606931921224477,1.1650111872681763,-1.7538268445886498,-0.21408044070346283,1.1714550487726032,-0.7720566813438735,-0.4330694608558538,163503,0.37,0
0.555240074279424,0.4144233294786382,-1.1817815776524143,-1.194393792542571,-0.4344474874361166,1.2025942307621749,1.782866332424791,0.10314821838983423,1.1328701170718791,0.2696268996073019,32251,84.69,0
0.03237010072703053,0.05261207591138063,-0.058369245268373136,-0.03423504108354112,-1.7806539771146803,1.8210499948476817,-0.43932318167408735,0.09542788731785279,0.1079817237974044,0.3391673628099658,147626,92.87,0
-0.10618193062257626,-1.4135085982481852,-1.3307324368607656,-1.1772665604142774,0.5137668280901231,-0.706794808628176,-0.4751545729944498,-0.764322814214814,-0.12876000322986444,0.3910500067843521,32487,65.5,0
-1.112044254359201,1.735022999773876,-0.9592009001760748,0.5499739566271756,1.1459495013935026,-0.9443677893577699,0.2900737034003025,-0.46480102654614863,-1.170130028359831,0.9649725056450548,31598,65.34,0
-0.7046732628698824,-1.2665962697308424,0.7705022138557944,0.08996041154820894,-0.7251413588441443,-0.09980963319362054,0.40310993985133214,-0.31707188676775244,0.6990150078055858,1.5051533841796465,64505,48.37,0
1.490124342296572,-0.16576491665387216,-1.5499248391153742,-1.6051781472090552,1.693155089267136,-0.0843172440141746,-0.3986322912947266,-1.2135428365081897,-1.2047863626172994,-1.424419505067002,96063,141.59,0
-0.8831996311551246,-0.942118821850772,1.5927137337827775,-0.06602170513374042,0.7151394039899267,0.47233949125698094,0.38412371373769705,-0.33047831476545886,2.5178282365823086,1.6108198940356806,156391,0.3,0
-0.049925910986252896,0.005186448659020086,-0.7728387071397649,-1.1222640872140315,0.9566179767534554,-0.2823519888948579,0.04994230650739764,0.4581119082588428,0.7788439236332544,-0.47507524025116815,92828,90.96,0
-0.4354074729439623,-0.6491231216382576,2.280416311923196,1.2962584129368084,0.28171302442411916,-1.031848844224768,-0.6523881861231408,-1.4076000556493073,0.265446262965217,0.10627256018903411,153165,87.47,0
1.1289722927208916,0.1616623863795536,-1.6272078065504278,1.5892986945378342,0.019254453676536366,-0.06717780069472265,-0.9259820257583495,0.37552446873604833,0.6113468865296362,0.4196437421739483,20763,100.01,0
-1.169676001024419,1.7098992559273836,0.8458283238165741,0.6890568169738107,0.6362150880843536,-0.8838418217670303,-0.34953175858877167,0.6222224861501321,-0.5153640820084743,-0.1757051978724264,98292,120.93,0
-0.09398543278462142,0.5766802341299105,-1.1087492664026029,-1.2843337441271854,-1.6843747928095578,0.08774870839959223,-0.8988813192448499,0.4208174027614977,-1.0981643987954721,-0.13050619872819275,80301,45.81,0
-2.2428276216104335,0.7597569730181432,-0.35947968951563886,-0.6214990354223122,0.23752674683135086,-0.01365111991846189,0.2402357871197975,-0.6416524415197875,-1.1908039433415503,-1.3702286173257703,63190,59.92,0
1.403821392066557,1.0392536096340605,1.5510714046556944,-0.2721839946689551,-0.07035558260462091,0.3034550841895363,1.5300146554109126,1.2675025614026643,-0.3605881499777932,1.138234719102886,24982,147.23,0
0.08959276736843465,-0.6643381795729958,-0.5124002186018363,1.8103293797647417,0.24208908854634123,-0.07148283664910232,-1.4553828874107317,-1.539843865151051,-1.1788379456268878,1.2603717922886162,70443,57.33,0
-0.31790654862846257,-0.3374764031266163,0.5648914068846425,-0.656843222137597,-0.020829401155849088,-1.7798423404806971,-0.002748090682042315,-0.7073927356328455,0.2576380085049186,-1.3099038823623144,42844,28.96,0
0.010985513527525621,-0.2795911535175272,-0.2521762639813468,0.18524878603607414,-2.5871362308958417,0.07225755152647977,0.6861976838601302,-0.8186971393412404,1.2232082433674987,-1.8993786083087356,65894,21.6,0
1.0245126754266898,0.8287114061289749,0.013193655981440497,-0.30122219372631365,-1.0410231230551354,0.8926060522578717,0.22863355598492077,-1.1108786066458753,0.8202532507980613,1.9248910419544663,150275,88.33,0
1.1478126607335635,0.30071454181772833,2.028645837424592,0.18123415437984366,-0.9460301878398408,0.4665521154873495,0.6724751789690911,-0.08170728783595751,-1.0122219255450415,0.23594624544430137,105449,148.62,0
1.7261323746695099,1.091906435761852,-0.25872954256520014,-1.1902210941542422,-1.3710056062811726,1.3603929215566573,0.8902153500676769,-0.24525565837136334,0.0030982282731083525,1.158258779050844,170983,38.32,0
1.9029074622741677,0.22687301801273724,0.26126438752919223,2.104632598612974,0.2685214784607662,0.617822810255927,0.48291410268804397,0.39677308543097434,-0.16711580335032947,0.45958755985843824,122393,143.35,0
-0.25563970504779554,0.2138097046373318,1.5201228168513279,0.22700020116483485,-1.3228556138923926,-0.1988673323428531,-0.12721660087012307,-0.9262750430983222,-0.6099204076991136,-0.34944620241548835,95414,48.36,0
0.23511994315166507,-0.9819723056156512,0.8801603840675414,-2.5365453589852063,-0.22883617650444932,0.5121065819050965,1.0288575343335444,-0.7965580293734599,1.292946259703771,0.15463193381978224,78616,79.11,0
-1.3498674122957162,0.42694961078918464,-1.2330510401091301,0.8922514769745777,-0.48516531169621985,0.9774280623608238,0.8936977332084088,-1.7823589544627456,0.37586021588823976,-0.13410291004356692,46366,29.43,0
-1.287422581274031,-0.026955836435207322,-0.4116684124769942,1.231928324207872,-0.5125851305276068,1.3303217188263794,0.26767920364045866,-1.2514085262635708,0.4451247756450302,-0.26137899435549206,84510,31.59,0
0.4914525899395903,0.12016093337904353,-1.783115686893549,-1.9293537213766583,0.6561282493076209,0.3936700938523471,0.944638316369788,0.028927294116091875,2.139993050827792,-2.0350849372272903,113059,86.22,0
-1.761289404642545,1.3860443203860797,-0.7484143416743837,-0.10172052314883664,-0.003610607487661706,0.6651006952212376,-0.15549808664786932,0.8981236583877154,-0.6769940989315164,1.5853539385435733,126642,8.7,0
0.011445439091466015,0.06796997116362523,-0.3236252408484902,-1.6072006316992977,0.6479551493306358,0.6496119701393801,0.04310327611924365,1.4093147681412,0.279907724349316,1.1804735401659667,105563,105.02,0
0.513199811077181,0.5054960442082751,-1.529803490494998,0.8226740610419853,-2.116514252462715,-0.8616720257369026,0.5636927677972634,-3.047435994744432,-0.27523666302767474,-0.7518809181361928,49523,67.59,0
-1.6219251268302093,-1.1412152455608227,-0.15920093562703552,0.7104351789845953,-1.261517175608922,1.0011000918459154,0.19245236471668217,-0.010287538169105666,0.41412120764061877,-0.9222659074139598,156994,144.78,0
-0.05378255081832049,-0.685242807179024,0.34973281661383504,-1.8566902431883854,1.639562565230618,0.1671606504868463,0.4018477503100204,0.586399238175763,0.40923512447303334,-0.10176735488983292,30345,44.77,0
0.7396312049865622,-0.17565280413985668,0.31353958160566875,-0.7902471459442385,1.4406073691102246,0.4826009029320935,1.0897212100605953,0.7259715713431093,-0.6562038594828798,-0.6064129366555505,119701,68.44,0
-0.5383162028615798,1.5326278923931278,0.3229552929000445,0.24894301426065893,0.9285761165630954,0.32225995534920887,-1.740437149108308,-0.29518898935210347,0.1454896468335524,-1.0981813360627504,22193,99.55,0
-1.4065006270122327,1.3573375839998063,0.8880509358132697,-1.1509899087369713,1.0095237198595437,-1.636370344363338,-0.20539044333749268,1.733260621288509,0.8816918893199777,1.5665905915093143,24025,44.9,0
0.1656121502326517,0.6714848950092839,-1.9704332038034176,-1.1659677208798944,-0.10779913535364292,0.28379521182197043,-0.10309903074234036,1.0183100587941716,0.9203871220431893,-0.361802936424025,155848,15.55,0
-0.5334523471647244,0.38855168127921547,0.7673423426961045,0.08998846910883278,-0.5502704310217322,-2.246245871648214,0.3852338916401919,-0.09738022946249458,1.6823361481439734,1.0843822821233247,6699,152.0,0
-0.46233970552128695,-1.3698434652121445,2.3202303751428555,1.6526782162184324,1.495078023782975,0.5946308881352735,-0.16244980472660855,1.2034180293342038,-0.4561441372485651,-0.9382855649436498,167824,62.3,0
-1.0478402188698202,-1.4106101007109266,-1.7952731233518255,-0.12131196039145109,0.3168244859600677,1.386110434739763,1.3491381119962318,-0.16200724515043924,-0.6417719539603909,-0.2946450956513255,149706,48.94,0
0.3268434703880229,-1.1864479781925572,-0.7678365125632122,1.1987459361544675,-0.8478400707777279,0.48741100902423373,0.2526300425032956,1.0835102294387722,-0.00019207136786494498,-2.581609445553327,68483,43.49,0
0.18797358748610446,0.4459283483384537,-0.7159739247255754,-0.2707104210377764,-0.487610705816899,-0.7004283812905476,-0.340778952724859,0.9682533204657595,0.8880195830034511,0.08040078763871984,22199,28.76,0
-0.6220075239016879,0.14628954610851758,-0.26083011224162383,-0.32537251416514174,-0.9787767576860877,0.29814981435980276,-0.535242419226939,-0.5730717934939863,1.004302877532888,0.935539509891251,45361,46.31,0
-1.0307170319323398,0.32179136904849476,2.0221950569255713,-0.03486325408548587,-1.1010063385093518,1.128446306725966,0.15629406836755708,0.7690849056507968,0.23132572889787426,-0.12209885745049728,103160,130.19,0
0.6643536742399312,0.2725526229714672,0.6026268148797509,-1.136363756465487,1.124295273688533,-1.410192363849219,-0.1494433871668439,0.018441257477795216,0.6153371413761288,-1.263906314282394,6095,18.21,0
-0.17287108244343635,0.35375047837249485,0.6890624790152835,1.1897100026496046,0.47716212639733585,-0.7430814416659134,0.05163349006142644,0.03001898816790852,1.3800660171988146,2.168094037272958,112487,52.51,0
-1.188763054322851,-0.30431016948979245,1.3205047074823832,0.142031029001139,1.2450049537983614,2.1952449089594404,-0.23497801449341696,0.18997020227305722,-0.573898318988514,-0.9636160126179222,51083,158.73,0
0.5837865452929482,-1.3423543374662013,0.2255996505581735,1.957128115638086,-0.10957720028334725,1.1467941621098956,-0.4922066283104829,-0.002179692721366467,0.2597862527484236,-0.3999068234744877,108461,67.55,0
0.06413680237815363,-0.452868685379135,-0.5106215889393767,1.051286865174467,-2.0920258724950047,-1.5896907764606103,-0.25608095363553407,0.06770014671797596,1.0648759628732933,1.8031026717173082,13444,2.55,0
1.4427055627524552,2.189918227685234,-0.22419330584325747,6.513131735194779,4.513216250265827,3.559062739030093,-0.46776233009755597,2.8766997699166637,1.9838459555818737,1.4453905985177793,126942,746.82,1
-0.09419457535083331,-1.0034794095040838,1.4673338120774801,-0.6579218009832918,0.09701776762285522,-0.323297700598883,0.8625802830476876,0.7269076023699246,-0.377885233806479,-0.13200865064890271,128222,114.07,0
0.31799869441404743,-1.8670601808949647,1.0383480042493285,-0.3551456948450711,-0.7838033932533778,-1.3554150299549546,-0.16113202552486916,-0.1511620159446582,-1.5582106480966516,-0.18718666446385138,8856,3.35,0
0.4633698060326869,0.5865823373334818,0.4612121187043472,0.20015575508852576,2.020902000460979,-0.4643127375394367,0.04511121026353519,0.8566972370046712,1.2274306854183537,-0.4618180632401623,47662,73.9,0
-0.15192762677301896,2.9262930087705827,2.395039919356857,1.4054030351295865,5.092701536307184,0.9088519111781235,1.4450437826841667,0.2720030661077608,5.864720730289299,6.335636375093975,11832,338.32,1
1.723665720783297,1.0032058696177506,0.60081054902977,1.3052445334100689,-0.6667967571213573,1.0118211762355755,0.18782164911935137,-0.9731877335722324,0.6754182278013282,0.8848023691041429,22170,11.49,0
0.0037962516214591325,0.46886960254188487,-1.8519443522121117,0.49693151567986343,0.17035025992471434,0.37837202825484684,-1.32014105055276,-0.5383172919112993,0.07367231540710718,1.256612797568279,70889,33.14,0
1.794370054600359,-0.5638746765524585,-0.4483564600726221,0.14496937030782736,0.9548448860788854,-1.7415229570683606,0.07586388909341678,-1.1328195908580831,0.616780264118091,-0.36674353143220395,81845,6.32,0
-0.20110465451883033,0.007989308907942713,-1.3639970859770458,-0.3706499204837301,-0.04122245219632214,-0.41185791603157335,0.37932094961350066,-0.29646005816804816,1.097341825582322,-0.7110822327098397,80850,310.36,0
-0.14203960823294015,-0.5635812371039258,0.5645841133165913,1.1941438925395924,0.3173988824803113,0.6985230154358657,0.5053181939331423,-0.6441215770132318,-0.36053528216138137,-0.6056807947387823,117911,44.74,0
0.7629264823369366,-1.0578762645308748,1.8047021962559437,0.2759822074149982,0.8998913262140824,-0.5112951396395816,0.23047516227954284,0.09679906180272144,-0.44104832538868594,0.9587274813350937,89139,50.23,0
1.3060017417068248,1.2045075516061559,0.2322465927238575,-1.9323059563591691,-1.7248172378408049,-0.06693689798839145,-1.504269080256179,-0.625654659955958,-1.0767909978244041,0.4504617431920696,146650,70.85,0
-1.5338614049161376,1.0961423663553396,-0.5985507347603333,2.1920039442964314,0.9896960479049417,-0.39973399038889545,0.2628672732028384,-0.4630095862817586,-0.366212600271336,-0.07882967515242752,110593,56.13,0
-0.04555812675454088,-0.43345532977786516,-0.2150937113866431,0.47946880419088844,-0.5275408500780284,1.3126890914346314,2.2183284347698473,-1.0265246760087674,0.4888052393254582,1.5034352160895237,61594,76.08,0
-0.1988316029788718,0.5253209680530518,0.44107568017116194,-0.8803313728333623,0.4372345438651721,-0.0324143969042345,0.11382686731475589,-0.3862727111762711,0.12062635039185997,-1.1553034756585407,14571,107.2,0
-1.3438989116913336,-0.5404584760287566,1.0551187315982191,-2.5254072805223835,-0.09059774888897759,0.4577039580481548,-1.4060311971642363,0.39835736960423607,0.8052697599389995,0.5425103651578039,100681,60.54,0
-0.15368510436201774,-1.0484276425345258,0.8920548937698285,-0.8686145408535492,0.595390294724766,-0.17152964723869607,-0.026187070724264534,-0.16802838244570406,-1.3592050450386828,0.17614656734255268,123134,148.26,0
-0.7747719955783602,0.5526011803546168,-0.1006137626651282,-0.7343367747777377,-0.256178656840482,0.0102048521056588,-1.5743858076256896,-0.12217484961797923,1.5615861927429908,-1.2662047590408092,166450,101.63,0
-1.4966604767228804,-2.5364300049480053,-0.25629360906922505,1.2268384471093907,1.070822215083761,0.31852657489195974,0.773044812290992,0.20873120229371606,-0.39882292166447175,0.4149074822080257,106670,97.93,0
-0.9415376022298011,0.5910534756424747,-0.559391659643186,1.1805279151289065,-0.09657946291085408,-0.6127847688760355,-1.628627687756003,0.7725397054754485,0.834202324830207,-0.4245991807682679,60287,62.82,0
3.734283218619557,1.0667902178651176,4.016941947300265,1.3647875069707451,1.2526955314985373,-0.18912994273644523,3.6180369667949686,-1.6833955607509692,1.9893022914190408,1.2658114644375411,105881,409.67,1
-0.07735617982085408,1.2199632947770542,-0.9071831156010672,0.9188190667850462,0.939715686803244,1.34413536491873,-1.9143759925009314,1.0823036890287159,-0.35814811559361204,2.388931859469875,72573,107.04,0
1.8930488854225436,0.20967930909148969,0.45828121329014887,-0.10864217404514981,0.7393808840390141,-0.22667083879635339,-1.0308080469242775,0.455764748006171,-0.6152012964148782,1.6797731173948764,83783,117.48,0
-0.2943477235272498,-1.6306576222494007,-0.8020953230626062,0.6759519609490408,-0.5923008129301166,-0.38260722864699254,0.511813290920396,-0.18177499533404423,0.6586352504440592,-0.6895951417801752,151640,43.65,0
-0.5309765045557148,0.8222293155603565,0.7768264386493173,0.013428415432051012,-1.4344208990075602,-1.0258367617196469,0.13048869973405622,-1.065438732231649,-0.7865365995011847,0.4859925801616994,74743,58.31,0
0.2582461869972269,-2.3416930408564456,-0.2949501950727061,0.6225464025490614,0.37571265391317665,-1.1830299592352236,-1.165775163536079,1.334174626298203,-0.05189198002209356,1.0296643433246326,162533,59.82,0
0.36875078408249884,1.5087196233225784,0.587917945913622,0.36472913729270456,-0.20359401254422652,-1.0610352718663285,-0.05246096412630516,-0.726852868180137,1.0543739597357351,0.6188318467947811,105163,20.87,0
-0.06166531920654083,-1.7866188201296775,1.7527084424166142,-0.7057855857107213,0.8725686809157047,-0.43899036986451573,-0.43958386918914477,-0.5469140164585738,1.3762250856794112,0.646179944756533,20156,24.64,0
0.33354901163620493,0.607292224986444,-0.8996799100976025,-0.143026269782909,-0.7341009002301818,0.9898574318794453,1.5302762220608312,-0.7833852750993312,-1.5795615705197108,0.6090859832236866,8746,74.96,0
0.5644185113854316,3.0924917178973756,1.85783534079891,1.358792628447812,2.299851466696349,5.176322672458237,1.737210048896154,1.5605096471783568,1.937797374591693,3.0822876110625006,53413,407.04,1
0.20338824061994343,-2.694002617692488,-0.48358830942315717,-0.8232802208322978,1.8757640278327723,0.5820558248452637,1.7956302827980526,-0.3991391554780734,-0.5177117838209477,-0.5761398246545762,86759,69.99,0
0.20320693339390494,-0.9725328332404135,-0.7925286732930206,1.1100078341089648,1.382710252661615,2.1455426264063693,-0.8298475205193363,-0.22141048802024532,-0.10937728020825538,0.061707976704487764,171535,57.53,0
1.2125188368316004,-0.6210117548073745,0.6355359909340106,-0.948987838193326,0.34256985170420967,0.7101624782657501,-0.9642940179416516,-0.25455809923105915,-0.6508940041009349,-0.06829605254346013,82166,39.08,0
0.5266980421045764,1.2338424608654335,0.8146285136163173,-0.7743885356827591,2.4622187450424615,-0.324689849220666,-1.4064312553701206,0.015097261886100012,0.8197733102918805,1.525050602717732,66401,61.34,0
0.43525395717106363,-2.1640768714730703,-0.9607441131575513,-0.27059971157366486,0.875839780302813,-0.9425285579472741,0.6777200424378053,0.0015239890852201355,1.560926512724463,1.4631154471752725,22941,73.86,0
-0.781790229733328,-0.7230075427232033,0.49900089729694386,0.05035553033830387,1.1042754777161876,1.2992634419885658,0.6641455686574609,-0.1481007453983979,0.800703114590455,-0.5343915705411673,160334,23.88,0
-0.21173380254439425,0.07416617660602177,-0.01031465928015141,-0.1381106867631423,-1.9261318364495255,-0.3929966050421272,1.282252262014753,-0.8255551810876076,0.900983980792572,-0.22798749042010016,156856,31.3,0
0.4080361768812668,-0.9040891661490803,-1.2851820924548754,0.6924641202766653,1.85318916616818,0.03596092032975573,-0.4803008188967742,1.440434442289613,-0.2643166020683257,1.2705000213309554,75344,118.06,0
0.8007191216696554,-1.3486756563739577,0.3406161246754489,-1.7355375133587927,0.08563770765617514,0.9710045037340956,-0.24926147473847923,0.3699883039639026,-0.9631690423484875,1.085649902597302,168410,57.7,0
-1.5525074733000543,0.1646876198197184,0.5404641840280625,0.7026681849450789,-1.0079610220638864,0.8742402628292937,-0.01046177906983961,-0.18155923056207843,-1.3879229054102005,-1.1809671900160463,34841,60.46,0
1.0592237388963208,0.8461734630278627,1.158044696656121,-1.4587306253027874,0.4166547317919907,0.759193508538641,-0.5616176254009604,-0.6000082265405076,1.5637717926116745,-0.4209737552583279,141138,50.3,0
0.539304552942874,0.5324013062378574,0.5371941459816314,-1.1470590368724591,0.6087343593944147,0.7672767400869959,-0.14343496875031553,-0.6783069929496,0.7701602246820013,-1.400557694889368,145473,117.3,0
0.22822833013890514,0.4187978282005477,-0.420844846005274,-2.050632770356539,-0.4204464374074576,0.18673040970062812,-0.6050183532365482,-1.2727444417427711,0.34102544618931246,0.3376639936432341,44801,6.26,0
0.05649669199323269,0.07949606309144953,-1.1223403707525563,-0.94767413830335,0.3619896795318375,1.1070509123387753,-0.6067238436196867,-0.12372128983951212,-0.5194906923144303,-0.7350725726160291,93685,164.16,0
-0.345156867242898,0.20070685816160114,-1.1546806635049305,-0.7609134798075177,0.15197633384740697,1.4418440302656836,0.2545485048140262,-0.6762764561108433,-1.3460044771175332,0.6881807346861675,26555,59.56,0
-0.4430121532414673,0.4103687026715378,-1.2455952695612857,-1.7581025876447136,0.567899527128155,-2.495553501651347,0.8151655602984684,0.1400916980509004,1.6614678366691877,-0.9864129290567714,100365,53.62,0
-0.11432216800474763,-0.5603007768981497,1.7284653888049368,-0.9294750220625191,0.1611816461351563,-0.6922636288411202,-0.36896606491027684,-0.0682361134186767,-0.5334803415648466,0.019032170925843136,65380,60.19,0
3.6166208373923867,1.6412035535923726,0.9026822431659229,3.9317251730018143,3.294925979825763,0.8368749504006439,5.8745902484147905,1.7381272100409413,2.314840405371703,3.2624304378673,31326,708.59,1
-0.6513742900675522,1.078834914259941,0.5076127650330521,-0.17316620233244048,-2.6777726821641856,0.3360395309800264,-0.9647707537626938,1.0259419236757006,0.5436090217321041,0.07550517220322307,32698,96.59,0
1.8861891585560817,1.645332668197962,-0.7387191368544488,0.2786397603138164,-0.9563337029945921,-0.10601816131897332,0.8275241487147456,2.0541477947773124,-0.522733291850397,-0.7430788994747307,63037,52.39,0
0.7770729589908982,-1.3725142171743974,-1.7580706600036133,-0.2985672123210707,-1.6841115089840064,0.9832428819980648,-0.056342903774416295,1.922099067766753,-2.1744646468998057,-0.09078690184200924,111054,126.12,0
-0.5318774939427574,1.437259080436076,2.410334488783408,-0.10937050760109031,-0.12479785765439863,0.3531964184012357,0.023844997277525003,-0.022667769335268304,0.5136211758744642,1.1393199040219957,142375,59.84,0
-0.25752119890979147,0.38442943761965875,-0.9283557908236156,0.07047161648847906,0.3356581594872362,-0.2425167693359833,1.4545225610004544,-0.41891725186811296,1.085419614359834,0.5773616654772867,26460,59.83,0
-0.85920601857557,1.372387434143576,-0.18636600469571402,-0.7834268880407628,-0.5444608900142378,0.8610039569234726,-0.05262150847295787,0.2975575069885842,2.0680100365888623,0.1025859437517769,72497,23.51,0
-0.4213372746456993,0.21111074362112997,0.7064526567796688,-1.1075086045688078,1.4866200392743552,1.0909113006525608,1.1482247026050325,1.3399922849525734,-0.05781596334284114,-0.03017532139254109,4476,39.06,0
-0.9620911163416273,-0.8170086507420794,0.5610327970194089,0.6793541783663201,0.8416781361027316,0.5445995487216492,0.03869671755062007,0.39064278406520636,0.6320671795072249,-1.221121778169956,136157,101.66,0
-0.7121020418789388,1.123102110260895,0.5090419685934918,-0.7998235715161989,1.0953827012400599,-1.4141978093849739,0.5083391184188641,-0.6227991789061939,-1.5033332461910087,1.864096026699627,127007,33.05,0
4.403036612317116,3.7823928684722987,3.863463398650433,3.518268169218181,0.5112832971596197,3.245672464035744,4.478395423620925,4.546950663206304,0.887429828340899,4.318090059914045,70437,189.47,1
-0.4027829411062397,0.6761373847768578,-0.9782314121229713,-0.7976136583668579,2.0222392184013476,-0.060375846110576135,-1.4195311411824185,-1.791511380311797,0.25669205791420835,-0.3478548245944118,5017,65.97,0
-0.31636542316144384,-0.672325600147821,-0.41106947288681817,0.7188068057478623,0.5587738421619017,1.623921503612242,1.0255506603109674,0.3232700057853409,-1.7114652695867176,-1.5264079945620113,115739,84.58,0
0.5245073752860862,-0.6054494878719654,-0.7391845378218174,-0.4152444690587874,-0.5347507773916986,2.1136927212020042,-0.600878056905611,0.727289689835213,0.858700150317221,-0.20133858777335667,142422,74.06,0
1.0904719911385654,-0.09203379239464947,-0.8460211282923613,-0.8615370126355533,0.9403546196152047,0.4849305536184757,-0.8365848119285502,1.188616945055597,1.2256599081264363,0.9589434500042479,74037,39.14,0
-1.1953589742981028,0.8841877387127871,0.1498276985356943,-0.09746084596827183,0.42865121568327524,1.0007110486348894,-2.4588209778245154,0.6690144728379844,1.3520392481720336,0.6755192083461314,127021,94.54,0
-2.4508721285400865,-0.62412105506294,-0.6243787845733961,0.08480837284981095,-0.48883911034428434,0.8908564470181395,-0.500686754217494,1.4604428034247465,-0.7651186994914063,-1.4205925855750932,48233,64.44,0
-0.8521588059655938,-1.6432469698554668,-1.001633803159574,-0.7764870520041143,1.3874291641726018,1.3643850146676004,-1.9503496903927064,0.3578256868236919,0.8291876204060151,0.6208480909071092,54576,141.04,0
-0.4482897736442336,-1.8643731977553857,0.06228620849061246,1.9385255423403462,0.014633305665380455,-0.3486702280501167,0.26545231461751306,-1.5476736689047896,-1.0015129473660378,0.42983984395077846,91648,11.15,0
-0.1703884233561112,0.2169618236145243,-0.5042264181236554,1.7079631934107387,-0.9140293563468315,0.5768139749961225,1.1219857966304019,1.0183634651575122,0.542093483002689,-1.2442497922270581,100744,79.38,0
-1.563705118543149,0.07572835806841098,0.23203707568070275,-1.0907683526783607,0.28315055665068595,0.7418764419591726,-0.043351350721190444,-0.3263489471352493,0.8014988955026504,-0.12979674852667047,120286,142.71,0
0.05348162682190022,-0.7663886801111608,-0.11387055239528114,2.958334669358155,3.157756183825162,-0.5226876847115626,-0.39843089784548363,-0.21113638434942208,-0.7037657333489795,-0.9884807367935398,78284,11.78,0
0.6274938966718445,1.6503691678190437,-0.8479018057748036,-0.954502561261438,1.0526771608870498,1.2842705959639074,1.1715533474537865,1.3479534858457805,0.6819558713617342,1.5536310314147947,64120,52.02,0
0.7861992686529143,-3.0628681231743076,0.20290333107320993,-0.35787811124420843,-0.03968143828660047,-0.49557749381354266,1.4824718871365876,0.31373652056004475,1.4196211687327562,-0.4993740441922947,137080,8.33,0
-1.4217636493445729,0.3784669392929856,0.10821760163053258,0.9745366094600776,1.015900202780414,1.9798030556016668,-0.35316631535689413,-0.21282818004713097,0.14815405057191233,-1.2695343173570126,85949,47.91,0
-0.9651167622323719,-1.3316447600574832,-0.5744669503553378,-1.298431969096525,0.08019921646972153,-0.11908383760119232,1.2548781099293775,0.0040777751627133875,-0.7458789697133866,-0.4590172842805163,148745,33.38,0
0.23682611678802748,-0.9949344438163292,0.5424423378599244,-0.49956219165317295,0.21471539705531278,-0.7843864858351237,-1.643113095658402,-0.9899384601871197,1.747751084585307,0.5747070145813314,76446,46.85,0
-0.48403013157267616,0.0800826246230855,-2.067013828801687,1.1317448106059955,0.743359288058152,-2.5145092240681874,-1.2867329123808553,-0.2248712870908689,-1.1287427642723622,-0.40847582221513734,111812,65.32,0
-0.4847307615489939,0.3809349468485706,-0.36416437033440724,0.15201384511591828,-1.3602490209065226,-0.09146115561532206,-0.3249946422365835,-0.5631658532600368,-0.19011161719258576,0.18590999493926896,53687,110.42,0
0.5722424201872743,1.087087189252434,-1.8701546165417549,0.6664387251521058,-0.692425551419969,-0.21073317578293682,0.004736807893943307,-0.06453476245946102,-0.5388825134025421,-1.604448193120534,18740,71.33,0
-0.6289453549327747,0.6762254464025941,2.862263577284521,0.6099794463730516,-1.9806131592389713,0.30989780224032437,0.24136640275113433,-0.40658025335750725,-0.4948742552984696,0.35283004678607455,97586,92.12,0
-0.2209673177863541,0.5783981980168391,-1.3495967909863944,1.2781549273627004,-0.07957012936778779,-0.4944531840666109,-0.708748432659443,0.9770818959932174,-0.2587863915599332,-1.7632252815297518,25716,51.69,0
-1.466185982469542,-0.29415243484556425,1.8383123796867857,-0.5441519127185926,-0.6331968637615819,-0.9895243764115682,-1.8110347572590906,-0.3494705830363547,0.9139246288999384,-2.643065205448611,61140,135.45,0
-0.027433354183723595,1.7230898947725095,-0.18550639818972076,-0.0675110409850576,-0.08623455466860809,-0.6164915006077158,0.199165656466386,0.6100286049755275,-1.224065981151921,1.0622966130390592,62571,12.23,0
-2.0078930508046704,0.7825181806723981,0.4733398908330222,0.20669070047974605,-1.967349886964284,1.6744249425267141,0.981186954304018,0.7949627498227136,-0.09539967040592622,-0.09446206911744269,161100,30.03,0
-0.53953518192114,1.4904416141005241,-1.1444038120498916,-0.7788038284757912,-1.543732080566156,1.4822209657932635,0.7167407013381414,-1.3306516183688983,1.3679247297344348,0.13510613073857286,113779,1.52,0
0.3997742267234366,0.43627945323286405,-0.01607783452684818,0.9582704040053237,-0.42670189170281425,0.6902555612776734,0.8079895798716566,0.160167211913082,-0.34586450026767396,0.1485346852625671,121850,11.94,0
-1.3677538987970592,-0.8531921762768451,0.10045927083289502,0.31696440148470517,-0.33517976958241175,0.31773328833032305,-1.8260044103730286,0.26927168382693023,0.6987813754763945,-0.5124225992444014,148858,16.64,0
0.8395680907742521,-0.23626644503100197,-0.553448513451164,1.8709027954472213,0.6621079965161335,0.29448688080660185,-0.7783332723543573,0.6783487601327756,1.1273362877247886,1.4616305026859986,91010,80.15,0
0.5649172812729122,0.2522642640034325,-0.2971175736980916,0.4408693464480327,-0.8715136696348803,1.3578583118756624,0.03614728702465186,-0.4816624236407643,0.15371046811195918,-2.1916414361542764,125118,79.87,0
-0.4413823123659498,0.0489383927081116,-1.3759351506606998,-2.2146962552847524,-0.25723642582813205,1.3330290237912121,-0.5380629380081609,0.3572277083999915,0.16728303949626683,0.5553968366426009,5495,121.35,0
-0.9868570784282374,-1.8365102023750728,1.3116699768168338,0.3516259990233494,0.22016659571216307,-0.10949230243290681,-0.12390237404233932,0.5224321416055442,0.5272768454157639,0.333323732102234,45161,14.06,0
0.7375155684670865,1.8504123223750257,1.337367642902413,0.1684987947656227,-0.9318115310981023,-0.7496256332619503,1.3631908911233672,-1.4043551953462545,-1.468158118026261,0.2756994075799737,62493,40.43,0
0.2900403964835352,-0.7077387794799367,0.5305631231316476,0.9150707541680891,-0.42436986434765633,-0.23882383414896743,-2.6451713950087816,1.44531561930242,1.0274516845381663,1.1593947955347668,72672,100.05,0
1.4387054823592311,-0.05295866366302793,-1.2784099400396236,1.1479675541882248,-0.10130636734269396,1.0936568078962312,-0.26587374672151765,-1.768929084065334,-1.1857202394120994,-0.5011935221151809,147711,114.32,0
-0.17865516901389017,-1.5929754512801433,-1.3751332384885957,-1.513139351549754,-0.0043495993440132,-0.6160067020367657,1.3622242477345088,-1.2266583460791631,-0.39655808805843296,1.6115891539161233,32576,90.7,0
-1.176614719429302,0.5058850645353592,0.5996588742203581,-0.6152831127643412,-0.7123424766969014,-0.419848194895952,1.3755001385101429,-1.3521054383210958,2.1481941152303663,-0.3273999357041254,19486,108.02,0
1.362642639803341,0.7870844420982043,-1.1846974681300548,1.3345249030919577,-0.04241687980051322,-0.27939082757020917,0.5000495643384668,-0.7016010806000792,0.3289705244148871,-0.2870936395541087,116115,31.73,0
-0.4657681648580778,0.24872226031901956,-0.43812047121265035,-0.02406179366006721,1.0490820361682638,0.5210704145812396,-0.15214417290010884,-1.7272601812410788,-0.4407886913295328,0.5275957230510953,150105,130.69,0
-0.8218352964075539,-1.0720517723736782,-0.6036781736616855,-0.04063158995848167,0.3902514636605695,0.41047730157856044,-0.5055368318568499,-0.34854401672172486,-0.21704800117704912,0.9643959335174122,102357,75.9,0
-1.7144858954961215,-0.7085114868189184,-1.0263005500957576,0.3904746433122149,-0.026626751955402317,0.4127536765402529,-0.07486116385663526,1.6791810577968311,0.7025750118764507,-0.7028960793799832,138671,127.97,0
-0.8133904123466764,0.13669920332721244,-0.8952797698908733,0.48760572364888405,-0.03596955365251699,0.12956804083503448,-0.6756550120598299,-1.9935403978529294,-1.0306697654625794,0.7794272225200699,125129,26.29,0
-0.3937411722245721,1.5470894861316096,0.6319096665579241,0.6080154356128565,0.12597721650783666,0.7990523628666528,-0.7920706567597425,0.4192556916251278,0.2050438255409446,1.1193560419486799,78352,25.72,0
0.6978168390000047,0.6614783946454811,0.47085449441352384,0.8047493301705665,0.22900740104477266,0.8216401840551621,-0.2694472246786843,1.376260389828088,-0.7061843540614817,-0.2385952590279089,128110,48.77,0
-1.1824505722064373,0.9265600692170585,0.38077693464440415,-1.425863287831288,1.8465211448947823,0.9600772983713738,1.3703126493055207,-0.16992405991785067,0.10586492498506153,-0.6662629924560961,152319,39.71,0
3.0595312289968235,0.07630681084904649,1.1893246485533984,-0.05636110121892039,-1.191976825952955,-0.19715867264288506,-0.2994023926691449,-1.2707089219342524,-1.4951690036101248,-2.540422912310924,70449,32.66,0
-0.5378113463571395,-0.3797359478496331,0.02378465943385564,-1.6922416015284223,0.392211669327814,0.7735667681014465,0.042430994583139106,0.36438716921505027,0.2163994324924687,-0.9374064624288937,94647,82.18,0
1.0642094888580087,-0.14189099857114323,1.0920570251263066,-1.6176153488358151,-0.8562045521961766,-0.3362622421041108,-0.26246731680706514,-1.0407726192025808,0.8851067978114843,-0.6365328586484738,89153,91.5,0
-0.7320079329057144,-2.7501484920051484,-0.06763053927601673,-0.8959808529107114,-0.6259516222759774,0.15112773198667018,-1.5596407016407507,0.07346429936477916,-0.7359816687244047,-0.9528807302191838,21475,46.35,0
-0.4928597688955594,-0.5368691328707993,-0.8302258796410609,1.6380655204921528,0.07757660711568605,0.35544586284517415,-0.07161511986624255,0.02344640246961203,-0.8963940276830782,-0.6692514572056414,62556,106.73,0
2.4718090760554694,0.6257445430895879,3.0298383888721423,-0.9075366970199139,-0.17597415806947792,-1.6692955816604753,0.470730537746453,-0.6761820213704531,0.1322607760062905,-0.23272382991040877,32283,30.81,0
-1.0925542703834126,-0.048571488799270555,-0.20194863160551413,1.6586115688783254,2.0038058955091795,0.8014664254145345,0.1826001596286622,1.549943200851714,-1.3761358821506766,0.6158208705911463,12312,80.83,0
-1.2935048593383758,0.5823526073671226,0.7868622398422616,0.7011617181594295,0.031295874881145595,0.36953563342035745,-0.38766963811889976,-0.40056353819993185,0.5207358588973382,-0.254350147491116,26650,20.84,0
1.9510125601262995,-1.3442363970167315,-1.0296250723574096,-0.18074680811489283,-1.7422979909283682,-1.029639443148255,0.29345382006287296,0.24734219550672992,0.3457701855753221,-0.0588650409816173,104832,29.7,0
-0.890020749763603,-0.7175004222282269,1.2589774955721018,1.9397001510276282,-0.10786405129862556,-1.1760650889160043,0.11782813527828451,-0.9416195290399083,0.8093003091991557,0.8861908707293251,152030,21.15,0
-1.588897564178725,-0.8142875530732823,0.35654237829544994,-0.6581867295875414,-0.13882609852598576,0.010867845440044674,-0.3699563167016862,-0.11310103618975793,0.790120439288332,-1.2105332702890896,154778,28.86,0
-0.13210121281312523,0.13625830625349225,-1.4148321576237166,-1.0797939055288595,0.9653873307262931,0.28707162240678163,0.23667172545886705,-0.08658164540371352,-0.5505412837906661,-0.6920037006287194,3254,69.67,0
-1.12295704910713,-0.15829917344972547,0.5201122324227964,0.36742584586781474,-0.8300578794980854,-0.6832366692929935,-0.7715039092018586,0.9482447316226585,1.0507908188324662,-0.48055327963284356,99845,64.82,0
0.22555983951018072,-0.5413143554356487,-0.4997912641559985,-0.30308043552315356,0.4526942328743526,0.39078529027585124,0.01652160372657919,0.831115949968102,-0.5262714917707586,-0.08175878958966287,70238,64.85,0
-0.6474102057016173,-0.8236959765713334,-2.8748159331220426,0.87457602968039,0.05539434765770002,1.352383099229667,1.032977571469751,1.1943572273624976,-0.6605660416165414,-0.3981049084569683,138236,85.47,0
-0.23947106511632352,1.4270494582392084,-0.7913520670754193,-1.1005276614934647,0.36583329266431464,0.15108185737972077,-1.3120125750186744,0.891912232023792,-1.9203214388640786,1.0536529637808747,27009,90.58,0
-0.6196659341286136,0.8461252459056059,0.8162290816739554,-1.6906124030760061,0.5125586934746691,0.7653441719145009,1.239437052540271,2.5788151225514846,0.0632864986796283,-1.1168254005786553,39141,8.27,0
0.3087992768481657,-0.010016895116299348,-0.7006388678465361,0.519184581186122,-0.4832279281295279,0.6018363421336642,-0.22855125697241352,1.0979354877243896,0.1362838540355168,2.5554767707398236,165892,105.91,0
1.1487423498227427,-0.6293446105643965,0.19409162950317882,-0.4847773969199881,0.9151359035853165,0.40155227583535014,-1.017933588012447,-0.8319195011895616,1.827355162170418,-0.5602695832528914,48011,41.74,0
-1.5920130022414554,-0.9120785101897938,0.19723387740704562,0.270063811582624,0.28559603733279876,-0.09309427016570114,-0.853730187241431,-0.08829990904194783,0.15917202644307984,0.27799173030366864,143758,62.58,0
0.23216988962625595,-0.4667891880435197,-0.04576206494313917,0.024057703063180228,-0.7987762185630215,-1.7540702517567133,-0.7581103986134754,0.9182082516043633,1.3187813251601583,0.2827557530232623,109613,43.75,0
0.2830685880099896,-0.008648626012240201,0.5294156432277516,-0.4582278387416802,2.191707947151051,-1.352172714324218,-0.6487728346729158,-1.7978434432742112,-1.2874213363278968,-1.7510793841466312,109947,110.43,0
0.12469727765134685,0.6478608174865064,-1.1903661362376,-0.2415491748556903,2.0095116311902,-1.8388189334627523,-0.5732656944067765,0.25270415334845436,-0.018246859485475896,-1.1272870149228036,93000,5.38,0
-1.247317469694169,0.32319759685870747,0.9928388786962945,0.3634624864647865,2.1723468524636127,0.9798397814479904,-0.29538241549180705,0.002686302509253261,-0.3817124302875526,-1.0114605137279529,131602,45.06,0
-0.21514916577112894,-0.7486823085286762,-0.054701815218532915,0.5941875540922819,-0.8097970024973209,0.7699491493714125,-2.901082432318823,0.8537617494964594,-0.48950522152066184,-1.8038184933086452,88221,112.53,0
0.796544030519997,1.5263031999864394,1.037134938675286,-2.560906817931806,-0.3721432195338748,0.5841371010552137,1.3595335585507669,-0.18496496523487244,0.36026174033743336,-0.47732778346649357,103845,54.92,0
-0.2152444565761547,1.065279371699199,0.15221814929641217,2.1552875982895463,0.25552065940950486,1.4632253043424857,-2.030119190350568,0.21947169201356195,-1.2454429292746068,-0.3741657237078719,80881,111.38,0
-0.3044267628566672,0.7010360268721068,0.38685793437140087,0.5042324298803218,0.8164877843441061,-0.7243825807659221,0.029795302245296897,-1.0592649994288519,0.2613058276417852,-0.5703633272627798,91996,82.74,0
-1.4944056198193065,1.5195246793091843,0.8803069520925639,-0.2629272438556117,-0.21316852493030483,0.9561240499355512,1.8345790887114215,-0.7461719532761537,-1.4457841555753526,0.8542881698918481,95425,80.62,0
3.158365101462444,3.4770786664384423,2.0234802632069036,3.000596356813917,0.21690732391696343,3.973401820526777,5.206982380433642,5.239541046076029,2.918894486983228,2.3862402147464064,150149,223.55,1
-0.6140847753443682,2.0744513948094574,-0.6741990181979842,-0.09024558548958914,-0.660825909089311,-0.18858505354499697,-0.11321436091221729,2.174454318542742,0.20780819833574302,0.15532955151206632,143152,75.4,0
-1.913779734828926,-1.0080249578028904,0.44304117425590805,0.38448433333011733,-0.9868295693832174,0.8026377088302911,-1.5180541993858732,-1.065159023714911,-0.5920777676410975,1.4447359381061253,22057,14.81,0
2.739504133108306,0.39545864879914155,-1.4438161822304212,-2.8631999125690673,0.5337601830766953,0.08254517025209614,0.4514299130036546,-0.42264039655070523,-0.11068803719720217,-0.6196701629034994,137465,56.04,0
-0.5860516399755586,1.2416372628987402,-1.7634506056489103,-0.1777910112738275,0.2948393612153504,1.1577890988306425,-1.7666077121560222,0.3746462320152086,-0.33185407037291953,1.3853401972482386,134652,3.62,0
-0.7842585089151799,0.5604577749588049,1.2015196772347811,0.2928437599380678,0.24024014199562185,2.5919226108406765,0.6118392476737115,-1.126364513015555,0.9141389719288129,-1.0309008729892375,78444,69.63,0
-0.8515371891857679,0.427636218879745,-0.6691829830386058,-1.0709502386249343,1.1110905443863612,1.1837569213272254,0.40733146408660365,-2.062704053186245,1.106959380828232,-1.0043085707552755,24357,47.08,0
-1.4973731700945367,0.4797325155225118,0.5397345172563511,-1.3101296547235624,-0.26360369314061427,-0.049932896349257086,-0.7675530544296392,-1.0904272938877675,-1.494912666460992,-1.0813352850086795,31146,81.64,0
-0.5165107421608328,-0.3361246026263436,-0.13374782175867694,0.07805821426242007,0.3404353217035865,-0.9909055079538115,-0.6351851627682736,-0.1365044153256686,-0.10097141090448586,-0.8378074990483966,94197,54.01,0
1.8879239715294662,-0.5929040143292734,0.371592416145303,-0.7912408182580523,-0.25165304156640084,-1.186512736919757,-1.6706088260128131,-1.7704477912488932,0.2329491681403389,0.39189471226228395,136934,45.24,0
1.0018339695494078,-0.8753008101623161,-0.7273208126785566,1.7769508428381933,-0.5360428189522269,-0.09616194147966557,-1.0303908723720157,-1.2094600013396528,0.4557215176998056,-1.428617498269617,91125,53.81,0
-0.6120967990598081,0.09432015638109745,-0.038982768227529795,-0.05736661964721288,-1.8733042973073608,-0.49093674763787193,-1.5304736620270185,-0.6197140042441402,0.736451614579722,0.9732542917672854,155670,49.73,0
2.008755386185139,0.3571419244288725,-0.17511695267150065,-0.5174179565194872,1.412261872647156,1.4519363006285246,-0.9812659050146119,-1.3304701931955158,0.26789390057952633,-0.4869453324258589,168821,52.12,0
0.19838116062643954,-0.16135270436911373,0.7948482049153512,-0.24292458161321462,-1.4529394669303801,-1.7298993027940788,-0.8136297116354009,-0.09531744233535974,0.8697915135420266,0.05948718029498504,71604,28.57,0
0.9595905257500736,1.7818962258649262,1.2789496696354639,-2.1776876180953386,-1.274830694135968,-1.1423153918732756,0.20041559409823037,-0.5318855929429549,-1.5599949840012008,-2.117820469365225,56153,67.57,0
-0.535087153376712,0.8004183579152141,-0.018759959423630203,0.13459172945237918,-0.2207117679497613,-1.52548014592645,-0.8315124124259453,-0.26501960457467,0.34321648869338045,0.2400081467305067,86322,145.14,0
-0.30492217093916213,2.6568094914699993,0.7896476747891843,-0.8208690112974731,0.5301579094915613,-0.4178292318442006,-1.032660109450773,-1.290060472396908,0.6083481134868849,1.4762569291374277,163816,32.39,0
1.9661274713755903,-0.7191868959629409,0.27081415688101457,0.7499129183216177,1.5796678268932107,-1.33698055041447,-0.0923880998009071,0.5398835383246735,0.11836816805876298,-0.3432857233398056,67692,112.31,0
-0.3644284180642414,-0.46199300235426094,-0.5566472142917076,-0.642415413891724,0.27136228487213593,0.0030229454989701434,-0.2116879494792853,-0.15628382964222606,1.4080434109284783,1.145925988574339,141002,131.69,0
-0.3237917042866007,-0.9449338356200992,0.6844984028686446,-0.25125496329368063,1.6111939354362215,0.5416691510701301,-1.0285960942212329,-0.7076649815087286,-1.0093163028762562,-1.9670674892776667,102346,115.96,0
-1.8521618554012016,-0.9933271267246865,-0.07605874530144384,0.5511743815941278,-2.0116722395428694,-2.347977938328866,-1.1378991273207208,1.0470190432620197,-0.3983513446261958,-0.6627996734468465,94745,74.46,0
0.007994029548813363,0.2143134859215077,0.553858196350319,1.9730945361387187,0.5778512233281415,-0.8009203358967713,-0.29705107824287064,0.049150477812034264,0.9773682878571948,-2.502196349727548,115848,92.31,0
1.7067676404189733,-0.6869284998617177,0.4944415492128766,-0.7618113825596522,-0.9811661714165741,0.07302422561501296,-0.7251785334997313,-0.20786046860077745,-0.06390313605294856,-0.7167796313070348,131757,58.14,0
-0.2602286305631211,0.9075955693089953,-0.4905225030926728,-0.21451047665013417,-1.197598257754914,0.5434634806613748,0.6003276593155121,-0.1063661116689398,0.4597676950576793,-0.035795480266264265,15283,67.35,0
0.18323443722190613,0.3995247560451345,1.7580546953134628,0.2994655238539981,-1.761778622872557,-0.44159329258107544,0.7883522370337428,0.5130475370809681,1.2929815391113106,0.23985002251716167,168511,69.59,0
-0.3842459128805702,-0.7606129530104807,-0.9434963697507577,2.2613648247920697,0.9081822231716602,0.4379610210029292,-0.3920665271741145,-1.6391779105491462,-0.7794881892809884,1.1602179499742074,89442,15.28,0
-0.17747748709358746,-1.4609766073551405,-0.677361835706193,1.8835612633699454,-0.25804732657090645,0.397852473006747,-0.9046427148475279,-1.8616195334544845,0.0923698465970088,-0.4319559879654731,47771,98.95,0
-1.6855973173848082,-1.1401847271486785,-0.3453646112047366,-1.0313293540861481,0.9262058630906704,-1.5096648567279527,-1.7739493594180071,0.6511399521851853,-1.3403878309313835,-0.4947074911803534,50126,3.28,0
-0.9310734879421032,0.8549597531646885,2.695751782798915,1.256157493731777,-1.744592831825581,0.496944580460768,1.2926695957872654,-0.022224872626710527,-0.8558130926686129,-1.0784988589646467,107759,88.13,0
-0.643561124950648,1.5201061224168706,1.1274027270645783,-1.0753486236168277,1.2327190860531176,-0.9890342848495,0.5776322912009042,-1.0353344182808668,0.4399089228084279,0.08386387582861295,146217,115.38,0
0.07845013077791134,0.667045547583653,-1.649221838258731,-0.32176135988999893,2.342883558076062,2.107815578330291,-0.4397123894369799,-0.6849644184819287,-1.092510334774032,-0.27759091375314227,21198,52.38,0
-1.7191611338760466,0.5289355469578989,-1.5378334517771435,0.4941068237272433,0.43140019768001936,-0.3191116598853623,-0.8181610704751626,0.310502220215464,-1.316228954621749,0.8851128738587222,34709,67.47,0
0.27295575486338886,0.5066059096794557,1.4782845893844914,0.20457164970032737,-0.2955712065231284,-0.042367930144399005,0.781048855455472,0.14592376448049135,-0.8445164060426749,0.23763018074675876,92140,111.99,0
-0.3946051228595896,-1.6393899054645689,-1.2930836080157901,-0.4318293196910016,-2.3004109720079366,0.6474211672292706,0.4002646550603094,0.8172154514091747,-1.0851269562418255,2.4148731647140864,68541,95.63,0
0.5615411546196448,0.5322326862649144,-0.04485618881531375,-0.29234167320751325,0.3614754480885518,1.3936106839924256,-1.0552320500108352,-0.42894891219097825,0.027721465758650133,1.0421382628785718,141914,23.0,0
0.869675756694491,0.8130357368876219,0.7343402884719342,1.6293751728026327,0.2805822783966414,-1.2011000968440921,1.359172938665253,1.0937911771589663,0.435232781334747,0.7955940975530901,83916,15.87,0
1.469937230941231,-0.43540562742738964,-0.35793525419764505,-0.701300224181893,-1.0585421940333906,1.8695146613125098,0.9249098283594475,0.16472834528712296,0.7423578594679768,-1.7251498170059119,163672,2.0,0
-2.5666584409312976,1.2813338564645194,0.17861184089478324,-0.012696802619522461,-0.4771988697727153,-0.16863938402966697,-0.04806318738830325,1.0273955995010517,0.7883599282305649,-1.1137182923384024,24558,16.77,0
0.08362107741055723,-0.9891957716306787,0.43478762621465866,0.45743901612307103,-0.9311839508980528,-0.819963599901102,-0.4400735023061775,0.4216786341233615,1.6435929314017126,-0.4615930517369341,5152,37.08,0
-0.17961141383145854,-0.04848390047065598,-0.4783373884913608,1.2397229643551753,0.8038364226253637,-0.03810595784881155,1.100766890439406,-1.1701539389205355,-0.8563005742273532,0.3767996927467253,120814,195.37,0
0.21999668397176517,-0.9999847808103971,-0.5325930009214418,0.40452747484571083,0.46215781970892605,-1.352847250479958,-1.5667489906436347,-1.2802621910464476,-0.9893992155103973,1.3576241436733134,122746,28.5,0
0.3420034574210212,-0.30601012309680875,0.3961435843407805,0.21174940158281658,-1.5430863698582877,0.29629952624595357,1.6461451009193007,0.33706916839785284,-0.5331206920323547,-0.01991639808459389,160347,42.41,0
0.09058490690174555,0.5406095029470755,0.49728736800066425,1.7989977768447483,-0.9856473374232908,-0.23356027201029736,-1.216279262964473,0.10466440630646483,-0.1696929436914264,0.4546968991951034,85813,128.98,0
0.5107079492135139,0.9700585902076034,0.3078658347309799,-0.33178485559997944,0.31755901349310944,0.4391679997601336,0.10100956837474133,-1.361260295329189,-0.40125304138482504,-1.0945911994597182,43347,80.47,0
-0.8943460460775288,-0.734147746614669,-1.6501898919653826,-0.05303244441196505,0.4897669256391285,0.8429299247720777,-1.2206963213967281,-0.6258215727793017,0.06818692475934822,-0.3660685221748789,90127,34.12,0
1.1649444451881277,-1.1452279708867228,0.1752058564044724,0.13867128325076328,1.401693950685968,0.08697811014293372,-1.5700806109387178,0.30607773178738834,-0.014394770900357534,-0.6302757256539152,158123,161.38,0
1.1208406514031668,0.4837013936085136,0.2148761736103992,0.5755288519133087,-0.43905434141246313,-2.012620611623128,0.11567814790527779,0.046156513549677744,-0.8041738102065689,-0.4023668652200795,168888,91.75,0
-1.4419787356400129,0.042381228696125636,0.041610348696014196,1.251905211835959,-0.443510371177488,0.22630443877937667,1.3321502719800584,2.0547110355810014,-0.09455103044353139,-1.3486509136927096,83625,20.29,0
0.4102120156795513,2.2011031387545934,0.3981316770083233,-1.712043393749747,0.40690077169990907,-0.12885939144057856,-1.288540489132401,-0.4306080549201393,-1.372037579743053,1.1627032295532143,86487,58.26,0
0.7443335887496761,0.76409603935171,-1.7865279583848457,-0.30547974323760496,0.6536616875430717,-1.6254229161113314,-0.14369393808048683,-0.02986104290864268,2.1207479040656207,1.2491689289131704,124272,167.17,0
0.2598078568055095,0.4307192564699845,-0.2068710730943909,0.34239959795092606,2.001228053509907,0.7527167787721363,-0.05122614554671452,0.8644879032961217,-0.30512390288126845,0.025886676758790243,66107,107.71,0
-0.7598679253449151,-0.1396098984657797,0.16296212132498594,0.6223950317035366,-0.1976065518151338,0.7209047124406752,-0.5782112759799829,-1.460181103683431,-0.9648663187289667,-0.6606433298194699,29711,105.5,0
-0.5614830267828836,1.3543004655056223,0.4226882913088517,0.01883637854669994,0.4043099616641605,-0.31870326839747254,0.07428314426190351,1.1980488610539375,-0.37419896751268694,-0.9007866586936327,139222,116.16,0
-1.1001355537243058,0.24424174323057224,0.13174386033759755,1.1150296243807063,1.496682496209152,0.5942534326678129,-0.6339512921642927,-0.15845717287825958,1.0035383197894865,0.5258514263370587,149903,94.24,0
-1.3090950523879856,1.2243964799287768,0.5092553637989424,-1.6389847867125071,-1.4541194953032948,-0.3968151460461825,-1.3576102011117257,0.47011218062826243,-0.023539990157896894,0.5760746326577137,77412,99.78,0
-1.0183155323612583,-0.2027693556638182,1.0205219737563338,1.4089169351214348,0.7072041942696847,-0.41900050977106246,-0.3862930759141056,0.9848712287398383,1.349038581357365,-2.4132404918120067,172093,49.52,0
-0.3290536720482161,-1.0621071087571061,-0.2777973059182766,0.463067961075939,-2.1455184718620557,0.8833786920007626,0.36431628358529916,0.46298847238455476,2.192803090152836,0.912034489025421,111313,147.37,0
0.07041912732728889,-3.4087120764716907,0.5126565323637751,0.6097796339726784,-1.0904336546709064,-0.21111171475251073,-0.054990009399879664,0.31656414600726424,-0.38531099728614243,0.020142784872507553,69526,100.85,0
0.2785759145118061,-0.23467681592226086,1.9338143987456746,0.4036291727979042,0.44204768433531105,-0.10667560405200974,0.91527637724555,-0.13308634544967549,-0.08167249487458153,-0.4561653103304621,149704,77.1,0
-0.4555278450034305,-0.9925328074971896,0.5092649929249059,-0.8161004747655494,0.794926987725014,-0.25054225782708167,0.9280900847818052,0.1272857978038916,-0.7915417048611971,-0.47021738578216793,40902,139.21,0
-0.21427494255446522,1.13138676195831,0.4417402145809067,-1.4587105963075782,0.5548905834302266,-1.6559409143215462,-0.6317187011989623,0.18808791652050877,-1.3201728363818164,0.35441884877426216,12089,111.27,0
0.6991967316948878,-0.6135425592891501,1.7316565943253943,-1.0744136491124197,-0.31039010360624836,0.15685302829435002,-0.18976566161240316,0.8257475221560421,0.31779600729766155,0.6281901115403958,7409,102.67,0
-1.0399841062404955,0.8952184022261802,1.2363431626109402,0.060236172935012884,1.389147096559379,0.8912069925461823,0.9695493139349181,-0.5619532803775938,-0.017856049507386267,0.586929348856534,166975,60.51,0
-0.5215386447863833,0.2865935472939267,-0.9041253065597437,-0.21499177018933932,-0.8063430794948594,-0.6919692758983038,0.3832449697850237,-0.09451773704258477,0.8366963320180734,0.9732115461255493,33234,56.59,0
-0.9151561158459262,1.079123779324209,1.202527567647902,-1.8857973544835709,-2.122187214511493,-1.1161274229091975,0.29123304459846505,-0.5850352893508552,0.6737372492316451,0.7322607900288675,81815,13.02,0
-0.6903295791777758,-1.4093332454653158,-0.41756097311103335,1.1864409721198046,-0.7365492855629082,-0.8534381724935188,-2.1553546790284246,0.24941262463463132,0.9417267430778059,0.9323504899918633,42904,94.38,0
-0.33412073338030845,0.47064958610407176,0.6731736721563578,-0.6524169243963687,0.8154365012788337,-0.0810626927646424,0.2423070655947365,0.8202563633840034,-1.7010861672915907,0.37447750508844985,3660,115.68,0
-0.6992520981640467,-0.6083486000324562,0.6688109004773214,-0.3010913218376905,-0.6388192209670263,-1.826265391894275,-1.191488403007921,-0.28147289114659385,-1.121171539818927,0.0003678961163022432,103340,164.13,0
-1.7652203153028492,0.4461378272397865,-0.7823574680173606,0.6643778929464983,-0.6449569299273671,1.5005211088612125,-0.6824892331777428,0.6107903529668718,-0.3052054327824676,1.371292602793466,4482,81.01,0
0.6900914151753954,0.20422092562163552,-0.27403226282571846,-2.25606887428627,-1.1245373223498343,1.8371514863220448,0.9432105654472299,-1.3407856674764764,-0.8172437602800985,0.25983730149377904,49619,22.02,0
-0.22776554558134285,-0.6434877090831294,0.5794940879355368,0.45595790628661287,1.2552977728008514,-0.1155295471981899,-1.1371801487971294,-0.0943797467110778,0.5214246170628167,-0.15406415991369463,64193,131.88,0
-0.9431599243693896,-0.5750196964544141,1.413474017195351,-0.5823407284001934,-0.06333021839482893,0.02719735427631316,1.772742625058744,0.0056563382108346496,1.9225835705521892,1.0969214900495057,163621,76.81,0
2.054545094620777,0.9399058658456572,0.43858942553963837,1.4269020717397416,0.389700890390535,0.6623794679114026,-0.36610443863030323,0.0682161214440391,-0.5118199551739154,-0.5302797827752344,125309,88.59,0
-0.43905391010493766,-0.8974207207714328,0.19982469665158892,-1.23434557049746,-0.844726182323417,-0.19497351749050496,-0.6575263913405929,-0.353413327556478,-0.2978119807061279,-0.4489091303264969,167854,7.99,0
0.29638302011675466,0.7590505655222095,0.041230965258877435,-2.1408833706362818,0.5414111108379199,-1.0156940951837152,-1.1653868291639466,-0.29788952836601873,0.37381438820197854,0.4503597933031838,158994,127.61,0
-0.0022502445041573905,-0.7691302177438546,-0.4108469300992142,1.5638593138512664,0.2743423252276499,0.21144208103522996,0.884976437154022,1.3922089505320616,-1.6695931816366265,-0.2793601339649349,7779,84.53,0
-1.268013916843997,0.6784028752966336,-0.5752178401327828,-0.16422380393503327,0.6582759386044987,0.5655111216544726,-1.2769392173225684,0.634221784795587,-1.9019763921186892,-1.0072939711693887,47081,23.12,0
0.6721143150964368,-1.454627597036103,0.5635322106974137,-0.2745895930667648,-0.8385317051352245,-0.09089899732260745,-0.2867132351963696,-1.2270525159847638,0.5719701683391512,1.0376311549021258,155220,74.65,0
0.061704634050368024,0.41347954405572146,-0.38588409836147486,-1.4440245698797334,-1.9719036438509936,2.4156419264140396,-1.2134460217710636,0.10427735387154044,-1.4535069851478462,-0.6110850062701285,18157,23.64,0
0.5903205729863903,0.47912421796308585,-0.9886867300638188,0.7461652334929074,-0.9620616975696591,0.27650006823869727,1.7146072923216251,1.080958721709788,0.5708866345099449,-0.4312449760490883,34029,38.74,0
3.0885121948602836,-0.04475764123579518,-1.2445829326814521,-0.007775528574346402,-0.7208883568080272,-1.2018758779241003,-0.8773241951342412,-0.07442908252874762,-0.45992039051491723,-0.03622526621068995,47956,109.37,0
0.4697273397350485,0.3448317094770465,0.8733353127122913,-0.07942995763220768,-0.722834623995237,-1.224923590526553,0.17887346432260792,1.7535900415141208,0.9629339358538905,-0.8870527942320646,6924,82.63,0
-0.8307698816053357,1.5193876756455122,1.6848830225825389,1.140901118408613,0.8179306627322034,1.3134918538469562,0.7320818474768084,-1.394494323059943,-0.5393509724646938,-2.76557977156428,33448,13.16,0
0.6318046992119288,0.43970738841463686,0.3503410344514679,0.4071120685406081,-0.2697156362748927,0.3422895539486438,1.3572472122756287,0.413905698467481,0.09891042483573448,0.8919161401439232,159321,102.5,0
-0.32891987033337716,1.0891371839133615,0.8824611500658068,-0.6918315750668192,-1.3477759816305928,-0.15108327733834576,-0.032858811003856736,-1.3284878042771482,0.5954985478719902,1.1720356542050796,147567,119.95,0
-0.5308218281296473,0.2031664767410382,1.1247441989017355,-0.1125664463436816,-1.7105410768085565,1.02124973587419,-0.1694567435728138,0.3812957056282018,-0.5254573854862161,0.47508827650346686,110574,192.16,0
-0.3423409386638824,-0.6946593533788596,0.6024193859690855,1.5441380012066468,1.6457800627539385,-1.1315928661217227,-1.4331094235599389,0.41745641041314674,0.6731127837738594,-0.4117343005133051,7342,59.07,0
-0.5213229186372847,-0.6213944935471182,-0.026269429671968363,0.027728679388091582,0.45427945385451823,1.1605593280564532,0.14699691728869863,-0.8593869585340628,0.6524608705524366,-0.4337456078850981,54908,8.69,0
-0.03853826184341251,-1.2414023780529977,0.8077076027014347,-0.890874140186396,-0.1928779598900932,-0.5759476893411938,-1.6192913819294215,-0.186849870925554,0.8833438920034106,1.3342235360036605,167951,109.54,0
0.3210460091648358,2.0387736888178853,-0.8040275211280911,0.15539929665139038,2.822111783859559,-1.561931067677742,-2.352842502905765,-0.4267761378016514,-0.3008787436676403,-1.5547890481799143,105403,7.21,0
-0.7269249589301569,-1.298410478961941,0.19287868902522484,0.5431052223735305,0.7114888270604257,-0.839441394536978,0.8851616681096938,-0.5845673580369569,-0.7120622337148926,-1.251735213376949,142200,17.27,0
-0.6974238233002769,-0.542080797194501,-2.4341792984085067,-0.1858593688241927,-0.18877085512658376,-0.35472025149075065,-0.2767055603522557,-0.7065968437816478,-0.7271638606713509,-0.3767660854872189,109255,86.3,0
0.16439070297730224,0.1700243142545705,-0.4563924298255985,-0.7009750880875777,0.3854459156110882,-0.16143465850198208,-0.5956558996330859,0.5362844211702531,-0.0038442529863135454,-0.40795271179954445,109138,8.12,0
0.23694861154594976,-0.938544547309233,0.6955524212942098,0.4081904694201736,-0.745869303672393,0.9637988025594604,-1.2784224115816676,-0.9830219390269316,0.01962404934305713,-0.40433284890516535,126970,91.84,0
1.7058526805445642,-0.9856561689666805,0.7779331641104418,-0.5945689436497724,0.9656204275522084,2.9178508419178057,0.27531784141058785,1.047858138386872,-0.11146939757098899,-0.35579104488085384,104723,45.84,0
0.6474846907094743,0.5517282690437805,-0.5334169579165013,-0.6801823715353422,0.7222251549233616,-0.31867763338080446,0.7789836199251122,1.139353529381504,-0.8348047785078178,-1.469888281330458,117292,22.62,0
-1.6050559790039236,-0.7194355565168952,-1.8395954925862088,-0.5747692185828881,1.8005059834424213,-0.014446086735217058,0.1399501550901769,-0.531061385603832,-1.0353676289264606,-0.24872557392558012,74412,20.96,0
-2.0141025948652898,-0.9948072371447515,0.527457309146987,-1.1552674431897259,-1.409047731094599,-1.4088751352015636,-1.3822687367164619,0.8602209602802174,0.1427276172802682,0.33686943620519444,10117,41.1,0
-0.9177535374175142,-0.10498470630588037,0.41299284017275345,1.0216877869354895,0.522454861209501,0.8591201678208314,-1.4090993731116148,1.401022939883155,-0.5831639163282977,-1.3764204480655182,7086,90.1,0
0.22312201840616613,0.9890646213755394,-0.070534216845166,-0.03686390297702623,1.913139872135604,0.05425961329983219,-0.29637993643437244,0.04024734789643347,-0.15926923639068205,0.49210095140153687,62546,36.85,0
0.3654873450385047,-0.6424266797084363,-1.9664664708945478,-1.6787244146786302,1.1752691693064463,-0.2741999521494339,-0.8009698165942107,0.32297813093680433,-0.008713679372551113,0.06294159484500879,31171,139.35,0
1.2328637433090093,0.5799338417292843,-0.3726711627863816,-1.0638948997728754,0.14312608379091765,0.36406418946306923,-0.2314182525053551,0.7182675355621152,-0.8145647475681062,0.021140094053043595,165822,29.33,0
-0.9964186260023896,0.13461943632259646,-0.129530385937392,0.7713805265504663,0.09214748803451132,-0.3358669348454299,-1.1438662573569283,0.5540345798013352,-1.048442278629491,0.6215463882556745,125507,40.74,0
1.1825307417526572,-0.3120953200462915,-0.8472169576313617,-1.7715823589485722,1.9280025530595188,0.24541789986735613,0.8480754359790462,-0.011321970470049783,-0.5129606384632788,2.4687056719474993,2743,65.36,0
-0.008794689485571452,-1.085235291142143,1.5182689127654503,-0.05208726530650062,0.437442622061247,-0.5909935914277588,-0.10688187032426212,-2.1102569754710068,0.6228867196642872,-0.2740701312520291,130005,97.46,0
0.44222206203659953,-0.2249202875059923,-0.2438292505215718,-0.9622625738088963,-0.6880514951942374,-0.08623782470029304,0.08198619351439503,0.7226430604933176,0.45464251213034335,0.8315279898787544,95714,122.54,0
-0.09019241337738836,-1.3166414286580101,1.2070728876004806,-0.32898229175200283,-0.4032365371678026,1.628295386951797,0.6267091325392532,-0.9378514183480544,-1.1508590123142952,-0.10037256970617454,166565,136.48,0
0.939420421798181,-0.5551717243497534,0.39681812698112423,0.4765745842662499,-1.1486320110301287,0.32571716918682486,0.6824984315967533,-1.4262280038595097,0.6776727344639489,-1.5449255541180635,95139,108.33,0
0.3227974640932481,-0.600696627769337,-0.24871432925059608,0.5271825406319262,0.4995200652477213,0.6854379817631263,-0.7223488099829608,-0.3327634284194248,0.7507584630260073,0.2850163929201232,161051,82.59,0
1.2283943683343845,-1.2637503194065218,1.5783630689034966,1.1757860250752543,-1.9292847289782253,0.2973042459594577,0.8306460660253165,-1.53586894730235,-2.964566384816968,0.7599173660578951,46305,113.88,0
-0.9936978771064832,-0.8072438054594162,-0.9743269366169109,-0.22254921684682955,-0.3042360687320763,-1.097440494941047,0.1722121508513046,1.0641633064952398,-0.12815099403535957,-1.2732045260145066,87225,58.82,0
0.6172815804922585,-0.03745308498329951,-1.3593864184938602,-0.515323228537844,-0.018561320261247658,-0.00791773490932441,-0.02113077801126493,-0.31060144971177517,-0.04972834927295644,-0.15143851305101017,14916,34.67,0
1.7982877009230627,0.2861949425543167,-0.5225109588080608,0.09352928394320842,1.5629495167407226,-1.5356362430171133,1.2824159757662317,-1.8990713631272962,-0.48901358558357566,-0.5905050414579991,58135,44.08,0
1.9129548077317522,-0.0048283722766100075,-1.0268201367735081,-1.4391008111419654,-0.9672394642109537,-2.0526450047951466,-0.8495035720708591,0.2252166150695458,-2.6848596418094988,-0.1828179618906628,145800,18.81,0
-0.6683383683547026,1.5787927398498625,0.05641486202585029,-0.005990856213556338,0.43065898532838315,-0.5352212038343268,0.11485545277709149,0.5730046944931119,-1.2798845949072164,0.11076108876665554,135604,60.78,0
2.7491465758147564,4.316022035937818,2.7729961770061133,3.827435743306529,0.02686597230290033,0.1315321195699748,1.7037722413480472,4.0548128991053805,2.372757606711965,1.854298706250142,171049,6.46,1
-0.9260780403504922,-1.6869662386085398,-0.22508566935421595,0.053345786299150315,-0.6556821299075588,-0.8038259082123238,0.05225083287273446,-0.34953944720247626,-0.4054427870947975,-0.8660949613412983,92796,30.14,0
0.6483940112387127,1.7497539194462957,0.5050563461996265,-0.48949441125702076,0.06135161950295221,0.01621622289545257,0.5426555822812499,0.15280179391747475,-1.79463751485493,1.4663435370563422,35990,111.89,0
-0.20406858443884895,0.1482230961834784,-0.3252539135856056,0.05264582126913909,-0.784435509674762,-0.67191436622018,0.2276195637495864,-0.6882221687476503,0.059583532758031944,-0.746891465807848,109028,80.3,0
-0.12268463749512722,-0.8807179207114415,1.3806311003494742,0.3394383853174832,-0.2523879277059673,-1.5985307257659223,1.4159925153188726,-0.9745966366664115,0.6052323264315527,-0.7271182245934816,119446,51.67,0
-0.36571678564620924,0.6236763264791144,1.5172651820570402,1.8820797322157303,-0.29056846938195874,0.24077489314101702,1.4587864497461098,0.055904815270450145,-1.4226614390378378,-0.32560770401468025,28948,94.82,0
1.178450850318331,1.0610902576025796,-1.0752641014608617,-0.9114315628634524,-1.6883937561515834,-0.7121216280448002,-1.3674080700396074,0.7755936926674768,-2.405327852769715,0.39663882365940567,160095,18.38,0
0.2386007909284437,-0.7162191151112647,-0.4430184067398925,0.4399715621511794,0.9209464430715432,1.178691774666408,1.05189274007967,-1.4462760641144343,0.4813943874533876,0.8393923282152678,128200,36.03,0
1.1789545785916484,0.7198279809313747,-0.09863504393536142,0.7612165501815288,0.7453876530851291,0.9061228385462992,1.0475419663029002,0.04842075734077664,-0.8396591909943495,-2.357092120158113,48004,84.98,0
-1.2644303611772136,-1.7269654855764658,-1.1297200343150513,1.4764774059167223,1.3384857033495736,1.263523242297267,-1.2502569641322268,-0.3574591945904208,-0.04770271341704165,-0.7065452535959063,46159,24.51,0
-0.15513313118059344,-0.11445501031830795,1.6342838436718925,0.9836535952108916,0.3656094634335926,-1.0340745976463839,-0.39054061880285773,-0.398586931296895,0.40154348299305437,-0.23491480657485214,132363,2.82,0
-0.26082845840458313,0.3416908859581642,-1.0730693270623144,-0.8649594940834129,0.5519246267564701,1.0508583969153988,-0.4764585559310958,0.04179232896190782,0.960889685306482,-0.5199762424297129,7713,93.78,0
-0.2634772501790354,0.25148653101781787,-0.4256484999298592,-0.43461619498026516,-1.4177684830656132,0.3489708595380674,-0.22138194922990814,0.13129588857716865,1.4831398464138708,-1.7674462112685954,95295,10.95,0
1.0874546201484645,-0.48323070796546075,-1.337764926196481,0.13300658198809953,1.0072423105847592,2.2461778302399584,-0.9129763671373499,0.880898468553479,0.1788444618839156,-0.10108365938541042,76113,10.51,0
-0.6627014083552638,0.0167507090717422,-2.0490411301901967,1.2623113126282814,-0.6278024350706654,1.8092884435515908,1.081417902930697,1.2180443521824065,-1.0903071397086832,0.5198006759887073,164377,177.35,0
0.6328579146073064,2.996239095398143,1.570197720589671,1.3277203931809305,-0.06283074212131123,0.5101942052992025,-0.25267110378547325,-1.4637116954458396,0.6224313498578122,0.38612821092473276,97718,77.84,0
1.4734130814417563,1.4874905779224952,-0.3735239487726898,0.4225175362979251,-0.6681017595762561,0.49116308520945146,0.7338134110719444,0.4174031220790015,-1.563927717861229,2.270859449724435,112711,37.08,0
0.444726818195233,0.03440749598552754,0.6391626658898175,0.37068434299115627,2.3807095273537615,0.10010250398435848,0.6903750200685745,-0.8807051930677161,-0.6813425538325805,0.2526493245174021,135926,11.68,0
-1.686468151234102,1.0578347681289066,0.8558297981059901,0.4128565179975563,-0.9726611976947006,0.09469814704959638,0.28123970380651714,-0.6658153197258457,0.08538747551620776,-0.35870210099753347,67844,32.63,0
0.2595417655715384,0.4202005068632542,0.06253341283377067,-0.24639439520896178,-1.5125731076779303,0.44088213894866324,0.05659944996717629,-1.822234714460711,2.0547313530083935,-1.8921013202389827,165412,50.92,0
-0.7260150977009768,0.2315468252783205,-1.3683882407328614,0.10020803731607193,0.10103332252425415,0.24557542360516618,0.7017323106510913,0.41184795661957,-0.8754117793489951,-0.852970680248009,30961,3.08,0
0.5603291782322569,-0.3484860780268965,-0.38153931645012157,-2.3600385186630297,-0.9291152623830385,0.12759923276725563,1.0299178842136276,-0.36118234934605215,0.7315199186974262,-1.1500333849284563,59224,106.13,0
0.8883575248346502,-1.5977217178742416,2.421047036286818,-0.7725255877786001,0.2912471253656829,-0.7330558454252128,-0.9110771526510753,-0.3749546050976894,0.2224607417674181,-0.4778813413956605,126620,59.35,0
1.1379567694000488,-2.3737760535354258,0.12258856559924342,0.3838858044073592,-2.50731501116164,0.6396065150354724,1.2059695883311012,-0.20263846935834745,1.1299935517730775,0.5549358310683983,171944,95.45,0
0.24468192548734993,1.1526828774815703,1.7246011064932987,1.3310439667883345,-2.2713770884004867,2.235484231528939,-0.41060936368170925,-1.0025197867431639,1.4126136229994521,-0.9487289631374559,154565,60.76,0
2.2676442038992546,-0.18824703835356665,1.737542432987094,0.21211719306996976,-0.15789901769657472,-0.4031403022455935,-0.7382047388744234,0.6347642959326398,-1.6677576623589092,-0.563127356952415,9576,1.08,0
1.1289911009620173,-1.2043669485340438,0.5693690867420935,1.410417968616338,-0.1550167029115077,1.8514838475629,-2.0078398230193537,-0.6360026343977543,-0.04980252449101679,0.20231866941631382,120630,45.19,0
-1.4471124724230873,-1.7646160523842684,-0.6374814493171534,1.3905462536893474,-2.0374365056904526,-1.101430049521758,0.9488973047432036,1.4814465003283863,2.561581364177257,-0.9590779258828945,117900,29.67,0
0.3398753611927038,-0.7767511536063209,0.4118801175338736,-0.8201816393588409,0.6943130277801547,-1.8892767748471897,-1.1297810190811273,0.1379941429960421,0.4244525997860564,2.702369806214907,70983,20.91,0
-0.765535277429713,-0.22746762760733732,0.2123665279879456,0.06741026951525797,0.27162292087889706,-0.22294483627911554,-0.12131033024875619,0.3081305950577901,-0.2741485001225741,-0.9176238932997199,21950,23.25,0
-0.17417456222119868,0.01886184672495171,-0.6336022487850572,-0.7164813901205392,0.31025372726349426,-0.3264806735752573,-0.24588476817030216,0.5286684468694359,-1.4486697343335218,0.6421946463154204,13028,37.06,0
1.479590373650935,0.7444087336977152,0.7628662007735552,-0.23226375803886393,0.026724335847262387,-0.11115166119347974,-0.7106552430052673,0.7510421004504363,-0.42017450476212354,0.21761457698546222,86517,52.83,0
0.08398100331445427,0.5083753250179477,-1.1457748358995155,-1.5492627578287104,0.4438926070113228,-0.8406091249871873,0.41698694824768573,0.9200807810436091,-0.49108277521316973,-1.4862395459357383,83320,30.58,0
1.4230951495116198,-2.201968596139199,0.026925901748040507,0.6282093964264505,-0.8522276007105466,2.1454182876260046,1.3963614851779933,-0.6105182458144561,-0.3708785171891615,-0.40163229333842637,81396,158.62,0
0.3030482829327168,-0.5783426248615452,-0.5455581905748454,2.23417468082605,-0.8558783527822338,-0.6083641757329005,1.4853729567873464,-0.4876135478765502,-2.39122753255542,-0.09981558610382546,140171,87.28,0
0.777609530278536,0.8074872340229485,-0.4190697071457578,1.294160323917153,0.537667171989379,1.2481450514496444,-0.6150711922044216,-0.4044617272992199,-0.1984308619237716,0.3819082424215687,165051,72.06,0
-0.7507246182651125,-0.09096489479132862,1.982597035486309,-2.6167496049557637,-0.6211131942038228,-0.15274921384582316,-1.0221235077722362,1.7103090860835093,0.338035893715528,-0.0335241934647463,48583,85.86,0
2.0221089508534758,0.004505065509350931,-1.0441890268698575,0.23876613885355588,0.6143956225060794,-1.4098843665573089,-0.19227527591383456,0.054326499719752126,0.8102163756896525,0.34087238222580424,65426,33.74,0
1.4221063499235564,-0.36219113405498116,0.23459046823044263,0.5797854538561881,-1.1147905717021243,-1.1027491919103805,0.47821166166892426,1.7009266667958205,0.975653798152263,-0.5014753634698689,101264,35.03,0
0.8056786392425009,-1.6514018324229363,-0.9912443119995229,-0.2559500046039573,-0.1970532768892231,-0.5649061111480014,-0.4470043209160218,-0.31667037334641124,-1.304266389353159,-0.2777172908513844,41770,148.65,0
-0.8432302702928711,0.00884530669694572,-1.1236222695499858,-0.24177149579875631,0.003304434083773343,0.37898225857006895,0.7396263665961038,0.24569963129567643,-0.8445559706661119,-1.0747551176356496,124778,8.38,0
-0.47177603363833576,-1.0754197566188184,-0.22572319301963548,-0.7718335526467314,0.8024483547808251,1.3957809586872068,-0.7165832297446689,2.781304470368258,0.3211150185109105,-0.35470979854213036,32494,116.28,0
0.5803959648586033,0.7428273399555535,1.485956554475849,-1.6023552669411647,0.8318207440280142,0.5092147968178518,0.7375913685167031,0.411916545934652,0.7936357029271537,0.47604402483313923,94990,57.78,0
0.2788642846472388,-1.1875265759871734,1.4463148979339198,0.004668895576048859,-1.0856844286977492,1.0675342501078458,0.335505352303248,-0.04513559866774261,-0.30397205950998235,-0.40331554781072704,74850,39.47,0
0.22921137411506842,-0.4644118192311805,0.4986584096210017,-0.43430326342030356,0.7030654937943431,-0.008361855838356781,0.7908139842403512,-0.9829743379975451,0.2858984965866287,-0.15005212306100058,102991,106.14,0
0.007207060376370152,0.24755698468879414,2.1204332586021373,0.6887184136124077,-0.34732387401956655,-0.6819956245505742,-1.7411932180918586,0.6257703518803093,-0.5615651013913756,-2.2814713441834695,6492,29.8,0
-2.236925498726021,-1.0981023530893264,0.2435959920446723,-0.24412011848328874,-0.1827327437617704,0.6868290562490282,-0.24159124774404647,0.48996505725481737,-0.23963855216129976,0.5202328991301616,161191,5.31,0
-1.0285042409412697,1.0512259737259262,-1.6292828029141895,1.2067851072343152,1.4252334072981876,0.3759233588492973,-0.6078710607145791,-0.3274800670079895,-0.5242429033716477,-0.6198614528995615,16772,81.2,0
-0.00463297222434532,0.8247427465479676,0.3954532632965579,-0.409151649718454,1.108627197461166,0.23751605302686585,0.20909630777006488,-1.5971014647005801,-0.3085143332586823,-1.1695295102809187,170902,3.62,0
-1.3827381702986268,0.011123302881161038,0.15626443153821068,-1.2197527530405574,-0.2932677378278677,1.06291938139334,0.008188077950072935,-1.1513060438778926,-0.34295865827872946,-0.24106016660276533,165894,118.7,0
-1.2794967959138979,-0.24825353263217734,1.250470040231071,-1.2220919877597505,-0.08495340070791313,0.07565796369986828,-0.7895980898743715,-0.7077976530963542,0.38478964733287285,0.591552971104144,132173,79.51,0
-0.8094863188927663,0.7958719880221928,0.5300591957711293,0.9444123064770379,-0.013632565929807697,-0.3534938100632818,2.9234580778155426,-1.5145072239932615,-0.11837721280315727,0.3185049295990975,106167,87.63,0
-1.008308886274262,1.966868642912667,0.24038882250459914,0.44925937402602345,1.2011356152362465,0.5101692578797279,0.21232448190251538,-1.1755072610484,-0.690805049922266,1.1516517147535377,74226,29.73,0
0.26754028612655384,0.4715848078458876,2.552709054150154,-0.3165277851406263,-1.0216699640620317,0.4695464104865435,-1.3574344493576964,-0.2614655360124208,0.33156663435735856,0.5490883791317415,97431,12.29,0
1.6168743984986076,-0.66334944166446,-0.20817192870876858,-0.6675867008461763,-0.8286409249020154,-0.37644182538827886,0.2514526455534996,0.9894290622144151,0.14177542594442974,-1.578638469662753,42966,135.15,0
0.02512871121603335,0.8645784512858746,0.9225082394980657,0.17267397698410603,1.243341502973608,-0.7313738994719998,0.619756337197627,-0.20269840655254676,-0.005239820706521647,0.7197465791446734,158029,65.22,0
-0.16376410412220166,-0.2640044922677962,-0.03405069946277105,-1.0697967998066982,0.3754920484318922,0.02239967301675527,-0.6068217857125126,-0.9978122506627974,-0.30002521267974863,0.11867877877278837,15352,104.58,0
-0.5815939342816051,-0.21669325405592046,1.9614518237636474,-1.2674769231061138,-0.4930144957171996,-1.9341785743912234,-2.643494534849144,0.44275939628455846,0.4501141156399172,0.3693003168050253,163188,57.44,0
-1.3019345701635046,-0.10050883681419848,-3.1194749238680104,0.3806909685166615,1.075404068932498,1.7629458205356219,0.4497865694317432,-0.8006255588079294,2.742977553073927,0.1156328942774108,16142,22.72,0
-0.9426799145313405,-0.5145988392841486,-0.19642892200617093,0.16036366568980487,-0.11563907346182578,1.1904539741519027,2.484577932085967,-2.0942046318412886,-0.1976531741309885,-0.7400584007265429,84995,100.77,0
1.2873311116050654,-0.46193518926703,1.1333132695582098,-0.8153627923831708,-1.2749321552938981,-0.3083883695545716,0.2625093986304683,0.188285751680048,1.7783688301033314,0.14143595882415852,139212,100.69,0
-0.6189465525913632,0.32468165322885006,1.5190836767328817,-0.09642752991228078,1.1883422048081194,0.310375849035939,0.30817963019867817,-0.23212440532931392,-1.9309075208054114,0.8839211784580087,77576,77.01,0
-1.477307754317332,1.225756448723621,0.4860450682678211,2.0998295097624324,1.2831591063542616,0.2753320022611613,0.4103595532910384,2.005205483251406,-1.2058799833791798,-0.5569339097495979,21043,79.72,0
-0.4105339880150149,-0.02170845988770261,-0.24101324378546057,-0.0785430241741799,-0.8528666463566422,-0.11818030510973446,1.6773224210376476,0.03554576417197056,1.1781366384763714,1.329252087140757,124245,70.86,0
-0.7194802332847904,-1.3076668983849393,-0.7535073194282543,1.0905077608224298,1.0867076220654937,-0.6177701275301731,0.23309673869128375,-0.7166439130884359,0.5980040116430776,0.7373133529430761,55520,42.38,0
-1.2487426107077115,-1.4093693875585418,0.24328546530539388,-1.4728250984696853,0.9185261996981124,0.48549504515946496,-1.0639827021268937,-0.5796933154921361,-1.3283964828831105,-0.4131627107204668,67108,98.29,0
-0.07071559172446261,-0.18637706395678272,0.585578769772898,-0.8186003714017367,0.9375745293875763,0.9270306621375525,-0.6599202672573723,0.1191287224448039,1.0147407760676095,-0.15631134747223388,134764,51.21,0
-0.1250444158598842,0.5321761598451539,0.05293407405354185,-0.7822669220236698,-0.04431243542208476,-1.4065380666233038,0.8298812724939856,-0.9825399825450981,0.5811211685129576,0.13398952728774666,29117,34.31,0
-1.3026521168344645,0.031565667289914785,0.13657451749141328,1.11300020604651,0.13881936640571377,-0.19447131132890075,1.5311585220681867,1.3155359455935842,-0.5470082766076154,-1.1170296108229059,34262,92.51,0
1.024098839841025,0.4826354994557758,0.5145325253744555,0.8913325662630432,1.8598926148183101,0.24066408805704353,0.6428977298217547,1.0754528031418928,0.5007849747974745,-1.5719144929691675,100847,27.62,0
0.33757454879893356,-0.8090992671949081,0.3680867085808721,-0.0005295135058651056,0.5882229273129349,1.2584715640140411,-0.29830860316704866,0.48480449122961533,-0.49164237640851,-0.920014703952937,87986,88.37,0
-1.862484752624795,-1.9413141205973408,1.0700736103704593,0.27077561026533337,-0.9376615093472555,0.3484139492093068,-0.9049422178170959,-0.0588600833327441,1.8020688082671856,0.051702832735125236,111275,25.63,0
0.5913207288524843,0.3797428756279606,1.512483446664403,0.29380356075951225,-0.7403230891118471,-0.8693837484552895,0.27608012996203884,0.45186808154588454,-0.09377925534826013,-1.2590084715029133,122234,55.78,0
-0.6293444843345044,1.8120338910787854,-1.7567338533628292,1.2039092620566303,0.5680706632702146,0.8466872985764928,-0.8846774805415694,-1.2560402955443224,0.741723203612461,-2.6093983913982823,170785,45.84,0
0.004132882654866092,0.43866816741700937,0.4077890059579054,1.1529893053423892,-0.8710996998684417,1.2938278435243813,-0.8003177287009094,1.1063299275807599,0.029815353586607966,0.22872337877012022,50883,167.58,0
-0.546537793028378,0.974967844434135,-2.9209953146969334,-1.4313389482324363,-0.029414454951575738,-0.6455390463595895,-0.25191772205116547,0.2513319138308109,0.1273865511139109,-0.07227861112943036,144527,129.89,0
0.1133705380252234,-0.6095578522636356,0.8531761582840144,-1.350918476971927,-0.23178748714611774,0.6820856548099489,-0.6665226608788296,-0.9635285278168325,-0.2130339531881631,0.6132432848452005,29536,53.18,0
-0.327305430255024,2.2726589908933312,0.5798098440482081,0.9970678869312632,-0.1555034692598096,0.6365220467082366,1.5703729906345216,2.1452084222595666,0.7036034903528453,1.7966405570623356,77658,136.81,0
1.604254361517141,-0.4724402120724247,0.027688621076072818,0.8487096739402934,-0.8202943023252682,0.3574992319479522,-1.0023789065963726,-0.4969115415060088,0.47279367170040976,0.6926163908889328,164398,115.66,0
2.76743589203226,0.37933916628423964,-0.7080352829584932,0.2878210083188878,1.0901556348870205,0.9907718409092912,1.3560343047847265,1.0460314463831493,-0.2768362907667664,-1.1493186275028708,55095,33.82,0
-0.06913793472613955,0.36705352668088814,1.0234097774482882,-0.038604095876893015,-0.6747043162638402,-0.32998298442134943,-0.08592927443770275,-0.2507605008574842,1.3824586434633244,-0.47548701263058757,126026,90.45,0
-1.737714595137132,-0.6118048834597958,-0.06157487605049596,0.28773547176431985,0.435149189885271,-0.16100189158719877,1.2561682512433545,0.08039625575967736,-0.1704176306859405,-1.2401883873865986,34855,117.53,0
0.054353585390382264,1.2809442087804244,-0.7405254112502966,0.7146278895895543,0.5808783142645458,0.7378903512166558,0.2148429760558284,1.6736947625658618,-1.3228843122713427,2.0738937864068006,112389,25.97,0
0.5886401517374027,0.5527285008997627,0.24818528409215787,1.7642410769011654,-2.0617763024430626,0.01946069441244697,-0.9546303234392286,0.3778357904622937,-0.011038461280374919,2.4031897473231467,83605,43.61,0
-0.23412553728291255,-0.8060674729515649,0.46316087112727944,-0.024256419543219193,0.40352291152933,-0.27218052729658815,0.1360746265233924,0.5824648248852188,-0.6958944918246353,0.4019419013719998,15068,22.8,0
-0.2546081697660301,1.616281753563726,1.2333675500805437,-0.2191602397777503,0.8018925201094736,1.6134686895722739,0.07699715037160444,-0.011109877976911833,-0.1676562575188339,-1.0190239866515836,34688,6.88,0
-0.5265066965161149,-0.3514032680054818,-0.3477218951762459,1.385928944472723,1.0525610872560116,1.7564835388897118,-0.031751166065503426,0.32440344194095855,-0.30327332245536753,-1.559417290931163,42203,101.96,0
-1.1039886353716615,0.35241937901004006,0.6933620096556613,-2.0258267591613834,-0.18181820795666936,1.5078944209782768,-0.35680784072305405,0.8276594188783944,-1.2490613850883783,0.7406178896042006,97237,108.15,0
0.9543483290916974,-1.0872353215883535,0.99376710505628,-0.7957578149464997,-0.3813869921897419,1.0895088640288708,-1.3736312777948312,0.37107637035834673,1.9550583253336882,-2.036535830578685,137706,44.39,0
-2.601888315051689,-0.6437556138323068,-1.5914976359196236,0.7630703801537592,-0.8293168941568618,-0.3552325339828173,1.197784489490969,-0.3775079652475363,-0.07029139998800298,-0.08640474872365009,164567,41.15,0
0.2726452634321288,0.04662684279401815,-1.0826517241227573,-0.734868506826516,0.6266778824519463,-0.8749817066683421,1.8312541997787293,-2.2016072522358923,0.18904329953614543,1.4837420784005404,141312,15.78,0
1.328631066849436,1.814675348928969,1.3364526916831299,0.09649148255783252,-0.866760249357017,-1.5703800384229065,0.8195104557188427,-1.3693775580968974,-0.17223959547805534,0.4802849657098612,47176,72.68,0
-1.8096169689172292,-0.37138664118742654,-1.1690628800144518,-0.8932100051977196,0.29300054797393704,-1.3460427924374614,0.07873414321421825,0.14366348244046814,0.01434874146602494,0.013769908051642207,26157,54.68,0
1.3525939097565454,0.5953868539788023,-1.5923174605498118,1.287672835425793,0.5158827721264073,-0.5574737989485313,-1.1808777586515176,-0.5305652617159707,-2.8632766476701437,0.5180084888703427,113183,76.76,0
-1.4342222074576032,-1.9542713867545856,-0.4223931092077327,-0.4255071941976285,0.6054010330667036,0.0971141462215439,-1.3646198968979242,0.9316378584493584,1.1402046547118185,-0.08032278318554371,110774,90.41,0
0.711226579792855,0.18143139795036198,0.32858434152364246,-0.9350242741115493,-0.6939911511543736,-0.48038789405427934,-0.7887212177934305,0.8143839145812499,-0.028908841851069383,-0.057288546480717586,74074,150.24,0
-0.7556467164251925,-1.154067726254209,1.2809876791726227,-0.0035151248568269806,0.4057987538214289,-0.2188784490764859,-1.3419037430658496,-0.8801076076425519,-0.02017531169288903,-0.4826054320399318,133204,8.83,0
0.272862518025773,0.1554642443691435,-2.210759421982058,1.2963637973110222,-1.7151660028286206,-0.16906601631274953,-0.983409039776744,0.8575230264849487,-0.3637611723073049,-1.108845395940412,147082,38.58,0
-1.3204889841570373,-0.6690451241738223,-1.6677323955829848,-0.784896639006487,-0.9474081622389258,1.0344156365938488,0.4841379770942782,0.4005503944605798,-0.0784191075724209,1.1619589916409847,4525,83.18,0
1.6159824241620477,1.1667831621902383,-0.8338486925060067,0.3354626264296404,-0.42702666442117354,-1.0692291724792182,1.8951036482459014,-2.423801502546067,-1.9250775383648886,0.2254098694948774,77108,177.56,0
-0.28624873355569186,-0.7352632617603321,0.4582354772858612,0.49527399958549556,0.24004496603076966,0.14045048733324203,0.7734513004707533,-0.9138560748347798,0.8354642766908565,-0.7400272658414223,1961,81.59,0
-0.45769943095682564,-1.3243822080768883,1.923330679206459,-0.2315792789380564,1.3456122864142581,0.4452886103989797,0.8262384372443394,-0.48719226644026625,0.5620441400344359,-1.43606992285352,666,15.98,0
-1.043944071468642,-0.23768363840527992,-0.8144914878614082,0.5372760119561523,-0.49624111842674784,-0.22648308602302578,-0.42368221140226997,-0.2882542455432438,-0.11258026651574136,1.5522090862331501,36119,52.12,0
0.6369062833722101,1.6063611506307183,-0.685248893384687,-0.005720180171957454,0.7373419355929418,-1.0335577439006578,0.6073914267983219,0.5736027980413265,1.599591543315416,-0.2184358044286197,51417,13.03,0
0.47761072975677044,0.051554563324959245,0.4285861657115819,1.0926587556380132,0.5498699844908967,1.3975436186143861,0.8567086809982697,-1.0682271563811259,-1.2609878448747835,1.3665899398934265,24471,5.47,0
-1.2503155389231464,-3.1104880651193376,1.519885075110083,-0.7870958609492948,0.3043010746416213,1.9658926249643698,0.09283395235246969,-0.4448095467994355,0.06199529186129578,0.22662482980354054,142936,84.63,0
1.3190131977413961,0.4154188302934896,-1.0741373472399038,-1.0492605845287863,1.873621782697747,-0.31527987833788707,0.5501743213841611,-1.2549104997078515,0.7912410658652969,0.058071522162224457,101045,63.3,0
-0.1034201135746335,0.5229953282473283,-0.4664553546461,1.6317204361087592,1.0546956273055468,0.586159571074838,0.9444987595770209,1.033436269602704,0.6359957309604819,1.488271550034755,112029,9.41,0
0.31200947155124387,-0.4709214106448598,-0.09617649827612768,-0.18407788074731715,1.5516847117455415,0.7375785328332071,1.1265048512429316,0.5439845313447714,-0.571418946486769,0.46430089705121336,100625,14.67,0
0.9588066560109609,0.016762457261947625,-0.47355532130838146,0.018150527945465157,0.4951121791708695,1.504928317812964,0.5869392101559114,-0.43507041893084797,0.2365356939214955,-0.3808358636875507,11345,53.1,0
1.752647554550939,-0.04767768161387231,0.9199888455514643,-0.5312731819524812,-1.0068279759903038,-2.150330825608929,-0.4057906609732177,-1.7175344472405853,-0.1966741140864094,0.5887331075604854,94638,3.99,0
-1.6595968383264046,-0.577147177554855,1.2767971896944754,-0.9218700543634186,-0.7172891963202355,0.2724670758911905,-0.4936900395528034,-0.7508509731166786,-0.3218731121595244,-1.3786397951752116,80229,99.97,0
-0.1885861330060098,-0.8044978195424114,-1.402989985154711,0.40842168623857145,1.1904072931656806,1.1513222997781045,-1.6980117737290348,3.1105921390630384,0.19288637434335565,-1.9584655477237611,48992,19.97,0
0.5460892308314287,1.0588144671327948,-0.5752161076508515,-0.7558936533922377,0.015403994491450964,0.7194976186060447,-1.3869919154945942,-0.47299413021175146,0.33157372590498746,0.09655426429620946,16889,15.79,0
0.05217331865753347,-0.9339404526462636,-0.4046668696660347,0.03976095927629845,-2.4925126168403273,-1.2635640576318425,-0.9156238305808202,-0.7634087185772561,-1.0719246028891884,0.04425204060768515,159877,56.31,0
0.023355316114555456,-1.845878874626824,1.1036648707547636,-0.2884084509598372,-0.7783132737845555,-0.23651865183432527,-0.4741389473059162,1.1262578483760128,0.137134474221502,1.56229887274847,101617,31.2,0
0.8392013551522634,1.4425303940118088,-0.305646882846368,0.5239119687496643,-0.4827645646031226,-0.21756757984707753,-2.0685465661757,2.0720634139637366,-1.0248440807732424,-1.5040641467392895,144679,34.39,0
0.3519307708186574,1.552367006662473,0.580084167568543,-1.888704629155429,-1.5635539288146632,0.5044441222590262,-1.1065094563007638,-0.374457890340829,-0.7847700706099305,0.8161822767533626,159733,61.56,0
0.1601905933170753,2.469196036692818,0.3299953539989592,-0.9769578331357881,-1.0390452044290517,-0.3131916920406554,-0.6935338688735108,0.6259840786266159,-0.5633133491657225,1.265324501481836,38043,11.73,0
1.6875530394866385,-0.19662837024902155,-1.3721520481199794,-1.4277871679797909,-0.28780229194835394,-0.6357067255381511,0.1685602520220776,1.464085132591689,-0.620537215993961,-0.357282262863917,20438,152.39,0
0.31145283430343956,-2.357487458987316,-0.44906162524459003,0.390930551844131,-0.8806291647519228,-0.6610133379972355,2.214467601644522,0.209723226734405,-0.7186476080491133,1.2107551739581237,2887,105.06,0
0.3964868174109183,1.090166033690662,-0.9849435158485111,-0.17314296900920387,1.347625501313754,2.7876700558590697,-1.0048589731708821,0.17349316845299767,-1.450375509683919,0.1864865540815549,64611,138.43,0
0.4049823189246768,-0.5323778492992332,0.07577482801885757,1.3309814440476846,-0.5751206682186601,-0.41222760273766684,0.8503672831454239,0.5490303260169846,0.5796718921693692,-1.4544834339149273,171526,107.28,0
0.35272016302634307,1.0774785427196831,0.8963168161764239,1.0843533746678506,-0.11541372471114908,0.2036890210023668,1.181071668209721,1.4793717228981438,-1.358122130023882,0.07930155967907426,49116,1.38,0
-0.5604494688030756,1.498420275650323,1.222691482570892,1.2792619949831199,-1.5189802022429764,-0.3585516533841505,-1.513050325187356,-0.04091537369126111,-0.2640398002767215,-0.3534831388037694,137759,161.61,0
1.4074818613137168,-1.9891675712972732,-1.7023906226910304,0.04357732983061141,1.218033351825204,0.25975638693745856,-0.875477230056716,2.7242068606991174,-0.7209955706588379,2.3940528474663028,47224,107.53,0
-0.7252260645357532,-1.3279325139934413,1.5846001898035293,0.13398730185796676,0.22962869384744733,-0.1306110812312659,-0.8075088474292291,-0.8423672260951439,0.3626109034316211,-0.6644099638900682,118474,44.88,0
0.34572657980157995,1.0264256805472187,1.335080835300719,-0.9144892701354301,2.019935268799492,0.8958156474952942,-0.7139095811963408,0.8028114894682905,0.660516076359069,2.0916567580639165,118922,66.07,0
-0.46380044135143456,-0.09480855938998854,-1.3352674726779856,0.9585940807773453,-0.5966063267153192,0.12427727154152424,-0.11890762008249302,-0.7638661928562537,-0.29861391310590335,0.02065094963603341,111248,82.52,0
0.8191041689121383,1.4631735002084985,0.9563902663419689,-0.11944077154349764,-0.16725734426292688,-0.2702055204125217,-1.1084364648718115,0.5646325899934531,-0.2361437378448574,-0.35903699079791596,123312,125.89,0
-1.0308137202711538,-1.8125883665686418,0.00921169263208945,-0.08692193702714356,-0.42537943159186536,-0.5727375829079747,-0.843164852728583,1.8079515186334765,-1.7601745085050793,0.6123166915810221,140177,47.52,0
-0.5662949155810063,-0.49302425538241845,-2.0207398638414173,-0.34766421115600926,-0.5252032515953069,0.33412221072252435,1.2793273227198214,1.15113641358281,0.09344959438660917,-0.3196110649372888,126618,10.71,0
-1.0563464635034578,-0.5972376643263394,1.1736860507455957,1.9719318519694005,-0.6054869852169364,-1.3124626456240454,0.4223438766432864,0.07588770761192223,0.6761937693795765,0.10213966316718393,82017,108.53,0
1.8504632338437539,-0.7530467391932236,1.4515873718459888,1.798311422930518,0.4194865854634887,-1.5836577210372849,0.36185471300712013,0.5597102353329494,1.2161776145585785,-1.252499948033362,136713,53.42,0
-2.0974509576101417,0.08138783642507771,0.952797023115313,-0.017055823890483924,-0.06285662436427385,1.434359857468895,-0.2476394967589437,-0.45817900368179626,-0.2754930546469391,0.8524140035400841,136781,76.3,0
-0.3922260129202831,0.06388422550333159,-0.32189841378567,-0.9443151340074528,-0.040573372837559296,-0.5060081939264898,-0.7358749733242059,0.6016009906454414,0.8753666259329187,-1.35088976893569,142309,74.15,0
-1.4126410226012216,-0.15424682739609405,1.1581699648799733,1.4314626509552495,0.8239926513336804,-0.15028887801898694,-0.07189483464498958,-1.9045611449334656,0.5731057724539809,1.4185917999469149,110366,49.95,0
0.31604787064428624,1.093534588216267,0.18529151783448639,0.5679744588243308,1.9273099356659136,0.27065823385222715,0.6122124354521776,0.21694130225125904,-2.3364817754238345,1.1898588516049462,50771,6.49,0
0.7706987820947633,0.04878710503463059,1.5424818668441505,0.14377566826372068,-0.3382457837825317,0.19392545652802495,0.5940329275619539,-0.6874464477480405,0.13522092503440442,1.081463166115787,88118,50.88,0
0.7722114773525048,-0.05244576649550049,-0.9192902417102595,-1.360784095352687,1.2218050071407864,-0.8499381408195584,-1.2440933197324036,0.8413238958682041,0.789269217889976,-0.4308535476670062,120281,124.97,0
0.7030254590454112,0.20056913856684971,-0.09714559500321131,1.311872217428813,-0.34859948840839855,-0.7483540204397984,-0.5019502550100186,2.3454988004422903,0.507962283902583,-0.19233015064553705,33638,56.12,0
-1.6209135183081516,0.15793334883469554,0.10131319372132609,-1.4745381307271594,0.23516883399180646,-0.5312127717698095,-2.7260386833447767,-0.5391754559945072,0.48917411431567326,0.8007168725158266,2595,95.19,0
-1.0245289129130064,0.1297823224618433,1.7335230384421108,0.009302923320473023,1.905493019098306,2.1927131639471136,0.03921219438036423,-1.8082218548670042,-0.7457893330731347,-0.11455231605054238,69287,63.58,0
0.4184990745503845,1.2092153926844607,-0.5083963873668058,0.6154512479574837,-1.8572185076279,-0.7981741257542534,0.9281478084170255,-0.5768159252954013,-0.17804814604817612,-0.17706760533595317,38556,113.08,0
-2.3812673401219207,-0.5714495709282644,1.0099736495390559,-1.1224265376972833,0.16621639453813414,0.09299475967869714,0.36609964108968995,-0.8932249552925694,0.44797140427006255,0.3898545207888775,76238,41.08,0
0.6159794225754956,-0.7245738281879079,0.8427838245063638,-2.0835571546060407,-0.2786458241497061,1.9213967562969676,-1.7814261137368408,-0.44238927928209215,0.6109879367304878,-1.629132816035183,51639,11.02,0
0.20279727689777938,0.7150058109935733,-1.7267181523204245,0.7219027838711753,0.9901543391106727,-0.4459409509452489,0.8584800242620702,-0.2867519125138717,-0.4662456513443391,-0.501354765598401,168040,38.13,0
-2.099206342561244,0.6281492777578134,0.918846488414499,-0.567279799488263,2.193343386074813,-1.0110399938149581,2.1855499694698497,-1.2642926226492786,0.7200946458000866,1.267178729445521,1282,79.75,0
0.5946902113701839,-1.7905510194518974,-0.020421779816222816,0.6937099524626579,0.820499205379741,-0.09151869511147871,0.6212488102038947,-0.6684124604359205,0.22576471250607377,0.5721746530843917,24614,72.34,0
-0.3906776025991957,0.8866900754060961,2.574023625273372,-0.8301805877989914,-0.585502603099387,1.5567541866680903,-1.3434714767356808,1.310220144184246,-0.15281519652678802,-1.2558038977351875,70597,49.06,0
-1.5478328327399113,-0.20782218872037653,0.671499528500248,0.4401107032656179,-0.17799428088000593,1.67782689138792,0.7480896443859137,1.4082148612625556,0.1483195709177671,0.44062168101670013,158888,87.47,0
-0.6719120236796768,1.6044099960353544,-0.3082559113450759,-0.15204508056084765,-0.3633567305764357,-0.20210388917957658,-0.34724398333708834,0.2977981679429343,0.9912221880494576,0.9922045257157448,77333,9.51,0
1.259114849334736,1.44771298327407,0.24811955917829656,-0.65274731108104,-1.159902437777533,0.6284648821942466,0.9875090698999317,0.7627633125741856,0.12040037833971319,0.12420583466471904,90138,59.11,0
0.862000050412134,-0.323922473928551,-0.6626151501740128,0.17400498904095704,0.6172095336452706,-1.395191843941112,0.8424012329796334,1.5722187369244698,-0.23902267684882603,-3.597630716698814,119764,110.34,0
0.22716279838746606,1.199554469825827,0.9968715702263206,-1.2111005902599319,-0.7805443703912978,0.5108450137694908,-0.7302779135251883,0.01741212405689858,-1.803256377518378,-0.5645114953638278,162858,76.08,0
-0.6029783125670037,-0.06104798571090735,1.3397350448986038,-1.0918446169281573,0.14285992734841,0.14487017183958753,-1.703687771136912,0.9538349160358454,-0.590322104009801,1.331036956389644,115885,131.73,0
0.9444158685402726,-0.7523348374668184,-0.8375320744394902,-1.0713295982937014,-0.8629510169238006,0.0697908211006055,0.8719988832946381,0.8660833971143772,0.03770444873504421,0.25191868978568627,122784,101.12,0
0.009173248182129144,0.2730941056315511,0.5204207493003932,-0.7284454121413682,0.14288520030245128,-1.0848782331087696,1.0508041652173317,-0.3621714008905693,-0.06824418160465164,1.5289240066603091,80198,11.19,0
0.6600374917903349,-0.061883235127395034,1.5396590729699147,-1.4708138128443196,1.6144221509724763,0.09146893532197314,0.13258537004847162,-0.3055803150502574,0.7920308379944858,0.7336482302261743,165622,80.32,0
-0.09426255425255699,-0.8485249753526413,-0.9989278511431876,1.3638865743540574,0.3763119700637755,0.6573599777724382,-1.1537542537397085,1.2915398311948387,1.10300454949771,-1.5069199576042707,106140,54.91,0
1.7223599419956492,-0.8705319727294154,-0.8005071005956687,0.045192754522654074,0.6020364999525094,-0.29745419301668297,1.0989970427941047,-2.119069926527292,0.17440166382805158,1.1571351514321546,24452,20.99,0
0.48033429588137955,0.034706067142122404,0.14572142752565,-0.5574887210435456,0.24227698886521123,0.6972561082456549,0.7093647068653336,1.0179887158739134,-0.552925193047493,-0.48381821273218484,81301,101.76,0
0.5154104029008109,0.7426049592352919,0.40174827980478217,1.7178035067971986,0.5791952359377902,-0.441450058433225,-1.0415088826118641,-0.14524399811826655,0.2758753129723287,-1.2544771139834048,15279,51.86,0
-0.9580116007012293,0.2056589208860058,-0.6711310717105081,-0.05098717927759595,0.382012540704588,0.5063016057687203,-1.671636531442145,1.2305355759830512,1.9721040788051036,1.197169480970366,4298,125.94,0
-0.661416892306816,-0.04208605163638678,1.0489792655557526,-1.954968544257803,0.4389811954670256,0.09300346417980701,-0.24487382549239659,1.3577546629356707,0.6797047502176703,1.0294362501509642,131480,0.17,0
-0.8664161386594389,0.7611505498063198,0.30552540821077256,-1.5339620122686228,0.27106358428850885,-0.9435250409089915,0.649675032992064,1.8804428180286301,-1.0008417358589414,-0.6435467664458439,6837,13.36,0
-0.3971943099170739,-0.03634612366690454,-0.6776217153899684,-0.9389087403832965,0.4938605738357284,-0.8254530875976114,2.208401698682708,-0.10150386771522495,0.5096832881963614,-1.1444146729620681,20784,1.14,0
0.5306939380247327,-1.1530153819326303,0.15317190725958432,-1.7061597653741696,-0.06084604937204112,0.30221974269364166,0.926549439829587,0.5229265678434162,0.7861709406314517,-1.5595745319854635,20579,40.12,0
0.6152567669685612,-0.058782651580767155,-0.13110285595529653,0.3551074733158469,-1.575796803919785,-0.3508719793653269,0.5238757415913377,-0.11306284040357688,-0.6559481525597863,1.3865235312807536,154983,26.72,0
-1.215502858845695,-0.004178793412658349,-0.35198811250705603,0.4410391033135405,0.41903894970582023,-0.5724532763040266,0.09987531674364122,0.08831533044439374,0.09837842336422456,-0.5767678599566204,82464,92.7,0
-0.21154660308052864,-0.22039449349611565,1.147719040105178,0.5604323437561043,0.058814816208904316,0.7702331738237351,0.2496224029853761,0.667761066701399,0.034005588082296576,-1.2314487107715224,77969,108.46,0
-0.30620207897154783,0.5375298281939437,-1.0101576737113087,-1.6410412944356836,-1.515602041862481,0.26109907196320514,-0.08628415920207531,-0.25355962542200916,2.128948641100596,0.8578078833155077,89620,84.0,0
-2.134693667476856,-0.22767762918582773,0.19841557490736433,0.534968305940418,-0.04262160660725638,1.0221282705262742,0.6481960831061858,0.9986896373046634,-0.5495430355684529,-0.08847375972032742,50285,94.37,0
0.3964085022070677,0.12122418368935654,-1.1772171132734226,-0.9328903964177435,-0.08330053089783662,-0.7798793085961542,1.7573474752102989,-0.005821454117078409,0.5507544194505164,0.910712300229399,26962,93.26,0
0.6620815345817527,-2.0033691294001956,-0.05891277949730691,0.5490233343978613,-0.29045040691489654,0.5884859534502324,0.49838150311211465,-1.1266187233390663,0.07044991143190037,1.2674903541379468,151853,21.74,0
0.237338103793847,-0.410222994189519,0.7157023406590477,2.014141590307422,0.44494214206569804,-0.15075437287525592,-0.8650578673074931,-0.8061671530227877,-0.43800264470503963,-1.5393386481092863,168580,60.47,0
-1.0757359586452324,0.4545318718688109,-0.5491658582980953,0.30379386764896504,0.4337245855664093,-1.2859444157038942,-0.5841458059437893,-3.070855988088598,-0.11493380375363482,-1.4815684336966684,78617,22.69,0
0.051142058552161786,0.3184780667965807,-0.4496420906721386,1.090292755100109,0.23314699633545147,-0.10720649630930866,2.0424256432884373,0.7427134077419892,0.4655456559886942,2.687749780293086,128986,114.39,0
2.991058818236084,1.8819876351347895,5.218638404762284,3.666749160515912,3.1303297878587717,2.3331317352100895,0.8619417933209408,2.552918122608673,1.356724117464685,2.7873494330466904,20291,157.8,1
-0.025639060347674214,0.5957479067117164,1.7967795237914266,1.678609244388215,-1.7411824245013092,0.07756172481588772,1.4065044745652089,1.6377096089940597,1.1835819268440433,-0.3078275602515103,47555,109.18,0
-0.46252138394282544,0.7070407250968996,-0.8811812094861174,0.27756044955483006,-0.7192333145470888,-0.7041022875327038,0.9666314574677333,0.9665810523369827,-1.0383616561440734,-1.579840895493819,56129,115.13,0
1.6509279322312496,2.1216749850659404,0.20005052906393525,-1.2757639547504669,2.475511123295525,-0.7951637696651995,0.7178621549455493,1.1676302353146817,2.7358655045915286,0.5250486664400338,134813,75.95,0
0.4770351272264581,-0.9615653911218296,-0.3835277932217955,-0.6939507634141234,-0.5913027716817708,0.18558032741011987,1.0785477884244095,0.4988145583812929,4.087923070821299,-1.1968016109975028,113897,82.22,0
-1.0415876326212719,-0.6201984545539159,1.6457226136182097,1.1890336088401876,-0.7986771352176636,0.7907293385893434,0.46907778201728206,-0.994561022044537,0.9657704013030172,0.4012697329644958,169214,101.9,0
-0.46986524921957273,0.6606729130022508,-1.3444970242571812,-1.0230240314925128,-1.4888285613450305,-0.11921447941736316,0.32362741265593636,1.2439935011926322,-0.29533844249082997,2.3475467897802926,132221,120.44,0
1.0489528663614422,-0.22547203470023827,0.7360154431432946,1.2155876005192052,2.1821106519534137,-0.5679422851873126,0.30986115653000323,1.1879702204550553,1.6641269295320105,0.7113399315271842,76725,4.04,0
0.4979229342693786,-0.5336342491593495,-1.8385943917490626,-0.7046533096343361,-1.8990334264381703,0.028983856536326152,0.3891496935302486,1.7745711471333594,0.07726194217350209,0.8459675069240863,47663,95.06,0
0.7577767609361872,-0.013223575848558187,-0.9041214070421014,1.5263233922477548,1.2951557698269225,0.4711661029025844,-0.5187886816093837,-0.5670839824261295,1.6457756087496425,-0.5319483359000863,153380,4.6,0
1.435006177988935,-0.45319473396873566,0.18654805585397857,-0.3076887654389624,-0.6924199211797911,-0.11737078075783812,0.38757049113403363,-1.719105849797076,-0.38225962591317914,1.606130812987251,10080,34.4,0
0.4325944517261522,0.09971037632409105,-0.28310431565612143,0.25704285296067375,0.9047672604499444,-0.24899594297956376,-1.1985349884451837,-0.23122115741675406,-1.0688757443004617,-0.5043236244292237,165259,26.09,0
0.6191711169753933,-0.6783498788411441,0.20514468730902757,0.2961970020330115,0.8711909141145365,0.60267529711283,1.5302634529129135,2.0278077419724765,1.2377566694943813,0.7839839966457599,147376,91.54,0
-0.6527962938457945,-0.38150601970371084,-1.441233333364019,1.5020162454502248,-1.2350089868939376,-0.20749938217683683,-0.5111111571670296,-0.8885971327967058,1.3031314848049185,-2.1365108486857305,5328,16.9,0
-0.4088990902087895,-0.8363014199559217,0.7087335516559325,-0.9302433850070968,-0.05686014709491926,0.5750709224246391,-0.45580240639850866,1.5337594472768745,-0.9324603242874541,0.5395367648034324,18257,119.11,0
0.516297572101451,-1.2302601475985768,0.3677032291797136,0.10782914744085476,1.2287080639742345,1.2887835128175609,0.3545856130767431,-1.1976248330409551,0.33967508372073396,0.8459466761719828,135789,30.2,0
-0.4902221500387753,1.5705436007190146,0.662207139220301,-0.8966325848654781,0.2529570482729631,0.28887127242257243,0.25598490263034507,0.966646236679964,-0.8018765658300158,-0.1446257559784987,66449,59.07,0
-0.6809295444039414,0.36181294460498287,-1.4655056561789015,-0.01940078569982506,-0.556958110173372,0.14313323762451868,-0.10065681931580951,-0.41296639541527236,-0.06396739133282653,-0.024906621602290034,84574,17.65,0
0.4261239468194264,-0.16162576402483733,-0.9424685769215646,1.2593384762119868,-0.06596288322979406,-0.6462393913883483,1.4037590002094607,-0.2241866909497255,-0.3431517544786357,0.03770970630903914,170568,59.65,0
-0.0258628479538564,0.21211370113122407,0.38581846787197815,-0.8962265481699585,-0.7107854714158094,0.2504328563942105,0.20554039284621972,0.2618097890549199,-0.8694022817836385,0.2908676630835595,25754,24.08,0
-0.010638676618193147,-1.0772278744747588,-0.7732957130059931,-0.00912599347262875,-1.5215317740789056,-0.0371225489057341,-0.0790748152628356,-0.4800524851715377,-1.0003557243905883,-0.0025419950034390125,105718,92.26,0
-2.3833887029573617,0.2798202650191239,1.0841883470160967,0.8190300900590537,-0.9738934216413759,0.2522666446600327,1.3302358991105523,0.4014063867732146,-1.082498577258642,-0.9793238364723472,102364,104.43,0
1.370540988614132,2.0650242577008555,-1.6712343852795908,-1.0968346860906002,-0.8915141803272791,0.49680656919057314,-0.7521557705789111,-0.011337004714896822,-0.8233383932521416,1.023644090450503,148907,130.1,0
-1.3780092768478662,-0.713995097234679,2.0934866537708046,1.0427161139326862,-0.72842279757699,-0.13324231699295894,-0.20113135674714627,0.11746129945236675,1.3156025847823287,-0.24343710456419648,69815,14.66,0
0.10247236710315673,1.5384653140285238,-0.6709996139763603,-0.7828977195866305,0.18349832460593565,0.293360944027211,1.7657364784913037,1.7278476314627838,0.9762954174859017,1.657028783667903,71494,28.74,0
0.24339891640053923,-1.2926348019978913,-0.26052956379620706,0.7042830203995033,1.5842069873778322,-0.3838946723710809,-1.8175617239089583,0.41128985722026773,0.12621027822443484,-0.1594873068269174,156799,101.07,0
1.0813747939371465,0.3382722238272125,-1.3751874171082699,0.7381042438762555,0.9126406596059781,2.014241793116171,1.0769743824250069,0.5486092496747569,-0.5957814121255338,1.2245846752131426,29346,94.93,0
0.21029129108614655,-0.4032953129206253,-2.829505302249035,-2.243245266102261,1.7560743221487412,0.8618776396898403,1.3900627257574272,-1.8624142765828193,-0.6464871219713128,1.299280990156092,60333,45.5,0
0.7059697466988162,-1.399405718282421,-0.19742191766463293,-0.595227670334469,1.2014360509954203,1.233423318370273,-0.2295792478101455,0.28786122683975823,0.2743402715875807,1.58169306131013,102944,39.55,0
1.681816619300824,1.600875123677092,-0.0016828104949717336,-1.9122426555188374,-1.9463315589664538,-0.22045621828109918,-1.7785135554433957,0.01644362820523452,1.7926309624748469,-0.44723739660245165,168935,5.91,0
0.22585983631655238,-0.06942636681888449,-0.8566620549615891,-0.16355299512608623,1.3348948234548708,1.466968497977134,-0.1133232907820763,-0.29606652713283477,0.02456939318613581,-0.3693823418993514,132225,100.53,0
0.6402136593287587,-1.7339224032296623,-1.7069700047844523,0.03710813602806655,0.7419329264902462,-0.8012679345779451,-0.23821976916259646,-0.41088094943324777,-1.3000204652691967,-0.4526494140360834,58041,81.28,0
-0.38980980315576796,1.0171773476202053,-0.8165238367253593,-0.2179085183162197,-0.1433240988488318,-1.1799539281165214,0.35067748793412307,-1.1997747119838766,-0.5164934303488141,-1.1220076235275476,135185,40.75,0
-0.4462052643472624,-0.9773606196929516,2.4730158039234746,-0.10182221728940127,1.484202721753623,0.6714899353631555,3.1110273218372373,1.6530104189253758,0.6953791603490053,-1.8285060612998922,160630,104.54,0
0.9121523959767788,-1.304232265593243,0.9652226289731026,1.3277848811331123,-0.10750399922962861,-0.05573729388854536,1.4470578616836998,0.14512227513246032,-0.14802080439187432,-0.7227023763462832,4798,176.11,0
0.6886117009788877,-0.08088645369513175,-0.5670989730027903,-0.9504279159303584,-0.07002672261360146,-0.14126848696349262,-0.17177800302987245,0.1817376592877189,-0.12346545376243015,1.2775692076301182,168908,60.03,0
1.1060062915027862,-0.10948090960706738,-1.2559458554352658,-1.5295382188097704,-1.5392106175145166,0.54284805083654,0.32884205246548087,-0.20291257252040443,0.0833934635158591,-1.025029219364485,44866,68.44,0
-0.35152473514329313,-0.020495562172830533,0.436637577686489,0.014600233547214906,-0.6479231851782796,0.4293319271863781,0.8360341739272907,1.1371769173210577,-1.4127980152448707,0.5365847973568653,123408,61.7,0
0.11458443702387822,0.016505176200309918,-0.04263339565643339,0.3204457647848381,0.6786409468817157,-0.9894092520207243,-1.6348944172679192,0.9892884835496215,-0.17333256361385957,0.46458017558006925,67809,82.49,0
1.5112284332767216,1.8368951698290128,-1.1883790394576719,0.6932718445921852,1.6461587487764429,2.174845957428076,0.48430327559887737,-1.105228583235357,-0.072197522411948,1.0348693780033964,71325,61.3,0
0.6181907146653008,-0.7362648901421949,-0.16499175013517703,1.5621376984528295,-0.5839000734890034,-0.8488243865620512,-0.735143352915445,0.7138941549981384,-1.163802195357527,-0.4887309781259798,157109,32.86,0
-0.2931915866487618,-0.012029919898946523,-0.7883579708732686,-0.6649754874879527,-0.9875761226287689,-0.7890184755006823,2.108054104007238,-0.390673901996621,-1.1872715972875525,1.8563109904124113,157344,90.08,0
-0.6161750841745238,2.083210959059034,-0.3436532764230419,-1.0471463662892824,-0.24610668615579886,-0.05436568889346326,0.3418042250996756,1.4889861572958767,1.5185957403834418,-2.505590171102192,155774,76.75,0
0.008281909957927018,0.36388700382157313,-1.1121529060761572,-1.0415869697134141,-0.2860773433964429,-1.527393562133019,-0.8250488581415144,0.07520552905547154,-0.24612898982219297,1.6762095206754468,154686,59.31,0
0.9373769669196479,0.8318314520963794,-0.06498098099047911,-0.7019363226322926,0.385981694087448,0.0855622642969829,0.15972524538850544,-0.5022461674314488,-0.20072079762591638,-0.6476959654742009,105197,40.6,0
0.42036212584262383,-0.24163761716237078,-0.6115918368044213,-0.34401364112330424,1.7356236356474142,-0.3432672162101475,-0.44567588006256387,0.1468130867345109,-0.45814459082740105,-0.10187144967998125,36279,85.36,0
1.2262929556489497,-0.252757690534425,-1.3668907093503484,0.5389039411148667,0.04510800121339664,0.7154956353164654,1.1835599230758214,1.4044883410529638,-0.6742514634587875,1.571727700859878,28066,107.51,0
-0.8942073519794773,-0.9365978176102492,0.09249241132060718,0.05209345123512439,0.27379913154503815,1.504764901997609,-0.21861693366010385,-0.7462283089811764,1.3430655723183085,-2.354909187959118,24085,27.76,0
0.2576404209211606,0.1024228107189117,-1.1201860853010783,1.8805297260677398,-0.26183696449230887,-0.12686877615202616,-0.806964686439436,0.7006680656398068,-1.2639845378749435,1.9519927956145247,26107,64.1,0
-0.9820194198303006,-1.5959571596062172,1.5279711787230157,-0.7601014410792472,-0.5999943867003046,0.494362983861405,1.723404398532815,-0.5359853162439544,1.0623031903444877,-0.10060279032217537,169976,150.23,0
0.44771503009506813,-0.8010932923354382,0.7884485502923761,-0.08874413663528145,-0.1973395335773042,-0.1424568759379192,0.27624896159387974,1.3674678506273976,0.5287754617581336,0.8764602309910005,162672,76.79,0
0.7768076988651466,1.544058048000524,-1.4832212088961831,0.8344192422751492,-0.7256184877506775,-0.4564604935924198,0.40213117381080843,0.7270978277516376,-0.10390785421813897,-1.3266585256122752,91475,90.08,0
