CustomerId,CreditScore,Geography,Gender,Age,Tenure,Balance,NumOfProducts,HasCrCard,IsActiveMember,EstimatedSalary,Exited
10000,459,Germany,Female,19,8,88551.33,4,1,1,25814.22,0
10001,805,Spain,Male,53,3,13951.49,1,0,0,72965.26,0
10002,645,Spain,Male,43,9,10253.51,1,0,0,110688.11,1
10003,359,France,Female,50,1,83741.07,1,0,1,38844.04,0
10004,426,France,Male,74,0,27523.62,4,0,0,106129.97,0
10005,652,Spain,Female,53,7,14610.54,2,1,0,53380.7,0
10006,615,France,Male,42,0,101693.49,1,1,1,85838.79,0
10007,612,Spain,Female,41,4,28025.62,1,0,1,121088.5,0
10008,830,Spain,Male,18,7,12015.92,4,0,0,77844.4,0
10009,377,France,Female,68,3,836.17,1,1,1,102163.97,0
10010,825,France,Male,59,3,72712.92,1,0,0,58632.36,1
10011,586,France,Male,58,2,42768.03,2,0,0,91509.61,0
10012,811,France,Male,37,0,72874.8,1,0,1,123828.36,0
10013,494,France,Female,42,10,53078.44,4,0,0,133400.8,0
10014,692,Germany,Female,58,7,172538.12,4,1,0,142957.03,1
10015,496,Germany,Male,34,5,38532.87,3,0,0,50126.81,0
10016,569,Spain,Female,66,2,50579.72,2,1,0,24260.81,0
10017,370,Spain,Female,26,10,70919.93,4,1,0,13950.58,0
10018,415,Germany,Female,31,1,64244.81,1,1,0,31591.66,0
10019,763,Spain,Female,35,3,73263.98,3,1,1,110433.07,0
10020,688,France,Female,48,4,29889.65,4,1,1,36409.94,0
10021,447,France,Female,38,2,130393.75,2,1,1,117259.8,0
10022,585,Germany,Male,41,6,62280.31,3,1,1,17571.29,1
10023,805,France,Female,22,7,61607.76,1,1,0,119867.9,0
10024,831,France,Female,21,0,28513.85,2,0,0,66977.73,0
10025,419,Germany,Male,70,10,91815.88,1,1,0,32199.66,0
10026,362,France,Male,45,4,60290.88,4,0,1,93198.89,0
10027,788,Spain,Female,32,1,143159.33,4,0,0,115595.84,0
10028,383,Germany,Female,28,0,39810.75,4,1,0,17999.65,0
10029,831,Germany,Male,48,9,8138.19,3,0,1,67781.36,0
10030,788,France,Male,47,4,71637.53,1,1,0,23301.97,1
10031,592,France,Male,21,6,10718.28,3,1,1,143463.95,0
10032,775,France,Female,46,0,88407.45,3,0,1,70108.0,0
10033,779,France,Male,49,9,830.6,4,0,1,75629.57,0
10034,816,Germany,Male,55,9,56582.18,4,1,1,93652.02,1
10035,479,France,Female,54,10,50878.32,3,0,0,124679.07,0
10036,752,France,Male,32,8,62128.23,4,0,1,141355.59,0
10037,419,France,Female,22,4,34083.05,2,0,1,66370.9,0
10038,547,Spain,Male,18,2,16762.26,2,1,0,69012.39,0
10039,718,France,Female,73,10,60653.86,4,1,0,127024.22,0
10040,575,France,Female,23,5,30280.59,2,1,1,113262.88,0
10041,634,Spain,Male,27,1,73037.14,3,1,0,105367.7,0
10042,623,Germany,Male,19,5,48249.04,2,0,1,122548.0,0
10043,776,Spain,Male,32,4,66939.2,1,0,1,140330.27,0
10044,456,Germany,Male,46,1,60513.77,4,1,1,17307.71,0
10045,625,Germany,Female,59,4,145133.21,4,1,0,89719.49,0
10046,600,France,Female,50,0,81805.84,3,1,0,46961.45,0
10047,842,Germany,Male,37,2,99033.44,2,1,0,138680.63,0
10048,754,Germany,Male,53,9,90675.6,1,0,1,13016.82,0
10049,560,Spain,Female,67,5,36790.7,4,1,0,65982.4,0
10050,679,France,Female,20,2,13551.47,3,1,0,75771.59,0
10051,553,Germany,Male,31,8,111264.31,4,1,1,21199.35,1
10052,378,France,Male,42,7,125513.21,1,0,1,56442.63,1
10053,733,France,Male,35,1,97098.79,4,1,1,63501.78,0
10054,481,France,Male,62,0,88819.61,4,1,0,24286.1,0
10055,846,France,Female,57,5,87095.78,1,1,1,117571.44,0
10056,677,Spain,Female,69,5,62513.24,3,1,1,59357.44,1
10057,513,France,Male,67,5,80067.71,3,0,0,74743.61,1
10058,468,Spain,Male,25,7,64835.06,2,1,0,122453.36,0
10059,473,Germany,Male,68,2,83088.32,2,1,0,137809.41,1
10060,816,Germany,Female,61,7,9257.26,3,1,1,46198.49,1
10061,756,Germany,Male,34,7,27596.29,4,1,0,115433.66,0
10062,711,Germany,Female,38,3,97150.8,1,1,1,51613.79,0
10063,493,France,Female,48,2,44498.36,1,0,1,143183.96,0
10064,694,France,Female,38,8,76129.74,4,1,1,139257.89,0
10065,428,France,Male,41,6,71403.99,4,0,0,79412.29,0
10066,467,France,Male,62,7,68330.45,1,0,0,22889.31,0
10067,631,France,Male,56,6,174937.85,4,1,0,129396.58,1
10068,716,Spain,Female,60,5,105871.04,3,1,1,105783.05,0
10069,497,France,Male,30,8,103131.11,3,0,1,120896.74,0
10070,707,Germany,Female,19,0,25795.25,2,1,1,81901.25,0
10071,403,France,Male,65,10,1004.1,3,1,0,144709.29,0
10072,735,Spain,Female,52,7,51989.48,1,1,1,59871.06,0
10073,660,Germany,Male,58,10,65428.61,3,1,0,117774.33,0
10074,470,France,Female,32,1,19758.08,3,1,0,23840.43,0
10075,546,Spain,Male,27,5,73460.36,4,0,0,138853.29,0
10076,520,Spain,Male,38,5,104021.73,1,0,1,57023.25,0
10077,402,Spain,Female,35,2,98980.28,1,0,0,29499.07,0
10078,831,Germany,Female,20,7,4375.65,3,1,1,69020.5,0
10079,504,France,Male,37,2,60501.07,4,1,0,28328.93,0
10080,745,France,Male,53,6,64594.1,2,1,1,90520.91,0
10081,558,Spain,Male,71,8,26404.35,2,0,0,98823.79,0
10082,593,Germany,Female,72,9,90200.13,3,0,1,43500.36,1
10083,423,France,Female,43,8,159099.78,2,1,0,22672.12,1
10084,773,Spain,Male,70,5,159046.76,3,1,1,128592.0,0
10085,697,Germany,Male,53,8,81026.38,4,0,1,105165.08,0
10086,805,Germany,Female,61,6,128411.59,4,0,1,96784.64,0
10087,374,France,Female,71,9,159236.55,1,1,1,144509.41,0
10088,522,France,Male,67,7,67253.75,3,1,0,25181.43,1
10089,560,France,Female,40,6,80293.42,1,0,0,83837.47,0
10090,825,France,Female,36,6,113700.64,2,0,0,17259.26,0
10091,507,Spain,Male,71,9,62628.92,3,1,0,131444.74,1
10092,808,France,Male,70,10,36003.45,3,1,0,128067.83,0
10093,808,Germany,Male,34,7,21614.08,3,0,1,65333.97,0
10094,796,France,Female,41,0,65157.92,3,0,1,92560.71,0
10095,411,Spain,Female,18,6,29106.53,1,0,0,113722.98,0
10096,599,France,Female,60,6,110689.82,3,1,1,100832.9,1
10097,388,France,Female,23,9,45735.29,3,0,0,107543.19,0
10098,696,France,Male,62,8,148989.19,3,0,1,47102.38,0
10099,512,France,Female,57,7,134489.86,2,1,1,111547.38,0
10100,675,Spain,Male,42,2,6163.7,4,0,0,114324.28,0
10101,829,Germany,Female,39,8,127049.83,1,0,0,78103.77,0
10102,380,France,Male,71,1,41943.36,3,0,1,85945.19,0
10103,589,Germany,Female,65,10,143736.5,2,1,0,66999.99,1
10104,837,Spain,Female,65,3,94575.27,4,0,1,95491.3,1
10105,786,France,Female,48,4,62564.82,1,0,0,137549.42,0
10106,433,Germany,Female,62,6,103767.41,4,1,0,14931.16,0
10107,371,Germany,Female,57,8,33321.2,2,1,1,117486.63,1
10108,848,France,Male,69,0,84157.37,1,0,0,112067.32,1
10109,744,Germany,Male,38,3,87401.3,2,1,1,70690.5,1
10110,586,Spain,Male,46,4,56952.48,2,1,0,39328.28,0
10111,706,Spain,Male,51,5,87587.05,2,1,1,97690.33,0
10112,564,France,Male,24,5,8235.25,2,0,0,116865.64,0
10113,838,Spain,Male,57,9,97418.93,4,1,0,31450.76,0
10114,695,France,Female,21,6,3787.81,1,0,0,88937.37,0
10115,442,Spain,Female,39,10,101222.54,2,0,1,114238.41,0
10116,621,Spain,Female,45,8,92626.22,4,0,1,47319.46,0
10117,406,France,Female,45,10,106208.5,1,1,1,125550.8,0
10118,594,France,Female,56,6,33831.15,3,0,0,86389.07,0
10119,837,Spain,Female,66,8,239330.57,4,1,0,20689.21,0
10120,527,France,Male,23,6,52876.51,2,1,0,126646.52,0
10121,817,Germany,Male,70,9,74568.56,3,1,0,14692.9,1
10122,381,Spain,Male,41,2,22839.79,3,1,1,125438.04,0
10123,607,Germany,Female,37,9,147741.87,4,1,1,87253.19,0
10124,737,Germany,Female,55,4,39174.91,3,0,1,10817.05,1
10125,800,France,Male,21,6,122863.93,2,0,0,31045.75,0
10126,613,France,Female,70,2,12229.67,3,0,0,27804.23,0
10127,761,France,Male,66,2,83944.9,3,0,0,100602.76,0
10128,756,France,Male,24,3,45109.76,4,0,0,117354.87,0
10129,639,France,Female,43,0,119464.74,2,1,0,60907.21,0
10130,710,Spain,Male,20,9,49784.92,4,1,1,100245.64,0
10131,582,Germany,Male,73,8,17196.97,4,1,0,88527.44,0
10132,425,France,Female,73,5,92253.83,1,0,0,130079.92,0
10133,362,France,Male,61,8,1498.76,2,0,1,43699.82,0
10134,477,Spain,Female,48,7,12011.62,1,0,0,27741.45,0
10135,687,France,Female,38,8,110382.63,4,1,0,67312.57,0
10136,788,Spain,Male,29,3,39974.78,1,0,1,126910.7,0
10137,723,Germany,Female,66,6,109973.48,2,1,0,45955.57,0
10138,359,Germany,Male,31,0,43931.34,2,0,0,124366.96,0
10139,643,Spain,Female,49,7,14676.11,4,0,1,22470.48,0
10140,797,Germany,Female,66,1,80753.37,4,0,1,130207.91,1
10141,729,Germany,Male,58,7,102867.37,3,0,0,72546.4,0
10142,651,France,Female,38,7,33692.16,1,0,1,126243.24,0
10143,590,Spain,Female,68,5,56976.73,4,0,1,75187.31,0
10144,532,France,Male,23,3,112575.56,1,0,1,83751.14,0
10145,467,Spain,Female,51,7,109926.03,1,1,1,107401.02,0
10146,736,France,Male,60,2,64244.26,1,1,1,33360.91,0
10147,824,France,Male,72,2,23422.55,4,0,1,13538.68,0
10148,623,Germany,Female,74,7,13480.66,1,1,1,64440.87,0
10149,390,Spain,Male,40,5,33434.33,2,1,1,28713.35,0
10150,757,France,Male,31,1,105936.84,1,0,0,41911.82,0
10151,485,Spain,Female,39,6,100187.12,1,0,0,33576.07,0
10152,593,Germany,Female,36,8,84708.75,2,1,1,26456.69,0
10153,452,Germany,Male,54,6,146513.19,3,1,1,128772.99,1
10154,640,Germany,Female,58,3,50525.92,1,1,0,97013.27,0
10155,654,Spain,Male,41,2,46043.74,1,1,0,59489.16,0
10156,369,France,Female,22,0,45794.33,3,1,0,134511.74,0
10157,581,France,Female,58,1,176112.11,3,0,1,11361.6,0
10158,682,France,Female,45,9,48943.06,4,0,1,137749.56,0
10159,636,France,Male,48,7,84273.72,3,0,1,121836.33,0
10160,405,France,Female,66,8,93140.84,1,0,1,75681.23,1
10161,583,Spain,Male,60,1,71409.02,1,1,0,141105.79,0
10162,776,Spain,Male,51,6,200303.83,3,0,1,58636.43,0
10163,655,France,Male,65,8,134377.05,1,1,0,29554.21,0
10164,521,Germany,Male,71,1,111741.88,4,0,0,24160.26,0
10165,403,France,Female,50,2,17215.64,1,1,1,112311.17,0
10166,685,Germany,Male,34,7,96359.56,3,1,0,51858.72,0
10167,535,Germany,Female,70,8,47140.78,3,1,0,47297.27,1
10168,693,France,Female,37,10,70758.17,2,1,1,122714.41,0
10169,623,Spain,Male,62,3,79664.18,3,1,1,131952.24,0
10170,790,France,Male,65,3,41073.17,4,1,1,63820.02,1
10171,653,Germany,Female,66,9,104192.87,4,0,1,58218.19,0
10172,561,Germany,Male,63,6,160678.49,2,0,1,82071.16,0
10173,568,France,Male,19,2,127105.43,2,1,0,66397.16,0
10174,694,France,Male,62,0,80785.85,1,1,0,133190.3,1
10175,375,France,Female,18,1,40676.05,1,1,0,84393.11,0
10176,402,Spain,Male,58,10,130092.72,1,1,0,47242.26,0
10177,699,Spain,Male,54,7,129617.91,3,1,1,10797.71,0
10178,650,Germany,Female,65,8,57821.44,4,1,0,142397.79,0
10179,600,France,Female,36,8,41803.56,4,1,0,57239.19,0
10180,802,Spain,Female,27,6,106043.97,4,1,1,141888.87,0
10181,831,Spain,Female,67,3,23149.25,3,0,1,134161.34,0
10182,734,Spain,Male,20,2,113911.72,3,0,0,69690.55,0
10183,521,Germany,Female,40,5,7971.35,2,0,0,42107.89,0
10184,383,Spain,Female,62,8,17003.7,1,0,1,111197.96,0
10185,690,France,Male,60,7,69953.96,2,1,1,23276.18,0
10186,733,France,Female,21,5,13153.02,1,0,0,18724.93,0
10187,371,France,Male,32,3,69221.65,3,1,0,14035.14,1
10188,672,France,Male,55,9,99176.29,2,0,0,89437.1,0
10189,692,France,Female,53,4,5071.21,4,1,1,119282.73,0
10190,725,France,Male,70,1,121459.73,3,0,1,100630.12,0
10191,383,Germany,Female,69,6,37559.78,1,0,1,139794.08,0
10192,502,France,Female,24,1,100213.19,2,0,0,21149.34,1
10193,657,Germany,Male,67,3,81338.45,3,1,0,112620.84,1
10194,782,France,Male,52,3,43587.68,1,0,0,108347.66,0
10195,667,Germany,Male,38,1,39832.6,4,0,1,110921.16,0
10196,396,France,Male,33,7,26852.18,3,0,0,81884.98,1
10197,706,France,Male,45,9,30132.5,4,0,0,28968.58,0
10198,845,Spain,Female,44,2,25956.52,4,1,0,58338.73,0
10199,600,Germany,Female,48,1,162012.41,2,1,0,44003.73,0
10200,830,Spain,Male,43,3,126809.79,1,0,0,144141.88,0
10201,592,Germany,Male,37,10,7721.63,2,1,0,118541.56,0
10202,609,Germany,Male,53,8,114606.96,3,1,0,137891.15,0
10203,409,France,Male,45,9,82019.81,1,0,0,90697.82,0
10204,657,Germany,Female,36,3,48104.84,1,1,1,18137.38,1
10205,476,France,Male,72,4,95558.9,1,0,0,114475.9,0
10206,621,Spain,Male,26,1,114102.73,2,1,1,60725.15,0
10207,753,Spain,Female,68,9,37517.38,3,0,0,101302.73,0
10208,795,Spain,Female,46,6,54127.08,1,0,0,71303.09,0
10209,828,France,Male,35,0,78933.82,2,1,1,89564.87,0
10210,473,France,Male,66,8,14210.04,4,0,1,32558.03,0
10211,517,France,Female,56,6,80024.92,4,1,1,135861.15,1
10212,688,France,Male,24,0,65102.96,4,1,1,54074.65,0
10213,619,Germany,Female,72,3,31424.44,2,1,1,130586.63,0
10214,702,Spain,Female,41,6,22361.53,3,1,0,137021.73,0
10215,492,France,Male,38,3,86873.52,4,0,0,89941.17,0
10216,801,Spain,Male,40,2,118949.05,3,1,1,32567.63,0
10217,491,Spain,Female,66,9,88320.1,2,1,1,66250.53,0
10218,466,France,Female,33,10,21656.99,1,0,1,81022.38,0
10219,746,Spain,Male,63,0,111841.81,4,0,1,50671.71,0
10220,398,Spain,Male,63,0,79322.96,4,1,1,20545.67,0
10221,767,France,Female,68,9,103050.96,2,0,0,143221.12,0
10222,662,Germany,Female,64,3,135163.87,3,0,0,94631.83,0
10223,658,Germany,Male,22,0,19053.01,1,1,0,81679.84,0
10224,590,Germany,Male,23,5,61939.33,2,1,0,24107.57,0
10225,784,France,Male,70,7,36235.48,1,0,1,82969.73,0
10226,641,Germany,Male,44,3,20705.02,1,0,1,123071.95,0
10227,352,Germany,Female,73,3,182367.3,2,1,1,35359.87,1
10228,526,Spain,Female,27,3,122545.13,3,0,1,138158.74,0
10229,803,Spain,Male,31,5,29362.47,1,1,1,38391.43,0
10230,518,France,Male,43,3,93770.1,1,1,0,28488.62,0
10231,401,Germany,Male,54,10,38636.09,4,1,1,117498.56,0
10232,458,Spain,Male,28,8,134291.68,1,0,0,36085.41,0
10233,361,Spain,Female,23,8,74554.93,4,1,1,133891.7,0
10234,848,France,Female,50,2,60079.95,1,1,1,46975.77,0
10235,407,France,Male,52,1,77874.69,4,1,1,22096.28,1
10236,549,Germany,Male,40,10,91415.38,4,1,0,96719.75,0
10237,476,France,Male,58,3,71573.04,1,1,0,12644.47,0
10238,367,Germany,Male,26,5,57569.64,1,1,0,25322.9,0
10239,620,Spain,Female,60,5,62152.25,4,1,0,91977.18,1
10240,403,France,Male,20,6,98577.73,1,1,1,113954.05,0
10241,379,France,Female,66,7,6596.95,4,0,1,80583.13,0
10242,377,France,Female,73,1,69802.82,3,1,1,126470.68,0
10243,806,Germany,Male,34,0,63187.06,4,0,0,33681.75,0
10244,489,France,Male,41,7,42665.57,2,1,1,122178.62,0
10245,568,France,Male,24,9,111222.09,3,0,1,72941.27,0
10246,577,France,Male,64,8,2426.12,4,1,1,130037.44,0
10247,841,Germany,Female,64,9,49442.07,1,1,1,29440.12,0
10248,840,Spain,Female,35,0,22152.47,1,1,0,85408.68,0
10249,705,France,Male,19,10,100497.89,2,0,1,23083.92,0
10250,774,France,Female,44,2,43704.49,3,1,0,33726.18,0
10251,478,Germany,Female,31,2,72679.54,2,1,1,59399.11,0
10252,457,France,Female,62,8,91519.1,4,1,0,87379.67,1
10253,451,France,Female,31,2,19582.56,1,0,0,88747.72,0
10254,380,France,Male,74,6,95293.19,3,0,1,44024.58,1
10255,758,France,Female,62,9,28024.91,1,1,1,52628.48,0
10256,480,France,Male,54,9,55685.43,3,1,1,145390.46,0
10257,637,Spain,Female,43,5,63650.86,4,0,0,13812.48,0
10258,532,Germany,Male,18,5,115281.14,1,0,0,65793.95,0
10259,397,France,Male,65,2,111332.55,2,0,1,128571.28,0
10260,404,France,Male,48,3,168924.05,4,0,1,105657.3,1
10261,484,Spain,Male,56,0,79885.34,3,1,0,90832.68,1
10262,760,France,Female,23,4,43263.29,3,1,1,31904.69,0
10263,412,France,Female,66,2,41803.95,1,1,1,45489.06,1
10264,832,France,Female,23,6,106606.95,3,1,0,149143.25,0
10265,646,France,Female,62,7,159794.58,4,0,0,89419.7,0
10266,778,Spain,Male,34,3,89087.1,1,1,1,50483.82,0
10267,795,France,Male,68,8,37684.17,4,1,1,140138.6,1
10268,514,France,Female,37,10,85367.59,2,0,0,124411.21,0
10269,533,Spain,Female,33,3,84324.36,1,1,1,115883.71,0
10270,658,Germany,Male,54,6,71820.83,1,1,0,42521.47,0
10271,363,France,Female,38,10,28368.09,1,0,0,66602.45,0
10272,355,France,Male,39,1,72238.56,1,1,1,128145.04,0
10273,819,Spain,Female,53,5,39919.13,3,1,0,49598.48,1
10274,469,France,Female,34,2,128991.87,4,0,0,144958.34,0
10275,765,Germany,Male,51,5,81905.31,1,0,0,68415.91,0
10276,800,France,Male,53,3,53752.64,4,0,0,80696.07,0
10277,367,Germany,Male,62,4,70278.77,1,1,1,117218.65,0
10278,408,Spain,Male,56,1,33505.13,3,0,0,23686.03,1
10279,490,Spain,Male,64,4,181488.23,1,1,1,97038.61,0
10280,404,Germany,Male,37,7,80671.14,1,0,1,94256.07,0
10281,541,France,Male,35,3,2573.51,1,0,0,33477.43,1
10282,737,France,Male,72,1,114706.22,2,1,1,33806.8,0
10283,842,Germany,Male,24,9,26162.38,4,1,0,14049.2,0
10284,593,Spain,Female,58,1,101463.2,1,1,0,61660.47,0
10285,366,France,Female,60,4,71212.87,4,0,0,99894.76,0
10286,739,France,Male,74,2,3887.29,4,1,1,20296.16,0
10287,847,Germany,Male,57,2,107260.74,3,1,0,82229.76,1
10288,794,Germany,Male,53,9,5045.48,1,1,1,34333.69,0
10289,660,Spain,Male,33,4,145109.05,2,0,0,124906.67,0
10290,395,France,Male,55,9,73390.42,2,1,0,19821.05,0
10291,549,France,Female,21,10,12349.87,4,1,1,10762.27,0
10292,819,Spain,Male,45,7,31580.03,4,0,1,103277.13,1
10293,552,Germany,Male,19,7,160555.78,3,1,1,59483.17,0
10294,727,Germany,Male,39,8,151319.83,4,0,1,137462.09,0
10295,682,Spain,Female,32,1,434.81,1,0,1,64352.3,0
10296,520,Spain,Female,73,6,162250.45,4,0,1,120634.27,0
10297,505,Spain,Female,33,4,79364.7,1,0,0,77079.16,1
10298,683,Spain,Female,64,5,57602.37,2,0,0,78506.82,0
10299,499,France,Female,29,5,65127.7,3,0,1,64461.48,0
10300,646,Germany,Female,32,9,54954.23,1,1,0,107849.18,1
10301,745,France,Male,20,0,150184.17,3,0,0,14566.36,0
10302,407,Spain,Male,57,8,78413.45,4,0,0,123650.08,0
10303,511,Spain,Female,27,10,33238.27,2,0,0,102511.86,0
10304,629,Germany,Male,64,9,187283.33,4,1,1,112515.38,1
10305,755,France,Male,37,10,119411.55,3,0,1,24484.38,0
10306,377,France,Female,21,1,8992.72,2,1,0,110374.05,0
10307,519,France,Male,23,1,50030.07,1,1,1,82167.51,0
10308,485,France,Male,50,2,19320.21,4,1,0,110410.95,0
10309,691,Spain,Female,29,6,72611.26,3,1,0,83512.32,0
10310,692,Germany,Male,22,0,92090.92,3,1,1,134647.35,0
10311,350,France,Male,42,3,83344.12,1,0,1,123456.82,0
10312,683,Germany,Female,42,1,36475.12,4,0,1,89881.84,0
10313,620,Germany,Male,66,2,25159.4,4,1,1,148206.54,0
10314,383,France,Male,70,5,117459.2,2,1,1,82799.73,0
10315,570,Spain,Female,67,3,64366.26,4,1,1,58442.93,0
10316,660,Spain,Female,45,6,196106.82,2,1,1,130842.49,0
10317,741,France,Male,41,0,24772.47,2,0,0,36105.3,0
10318,823,France,Male,23,8,114179.81,3,1,0,117515.61,0
10319,654,Spain,Male,25,7,72739.69,4,0,1,86775.03,0
10320,772,Spain,Female,43,6,27413.48,3,1,0,147639.56,0
10321,677,France,Female,33,4,146335.69,3,0,1,16810.04,0
10322,400,Germany,Male,59,9,76922.91,3,0,1,51417.51,0
10323,436,Spain,Male,56,7,19915.86,3,1,0,139343.86,0
10324,757,Spain,Female,61,3,52123.89,3,0,1,91381.18,1
10325,779,France,Male,41,8,127013.26,3,0,1,39589.61,0
10326,394,France,Male,25,10,1358.54,1,0,0,108397.6,0
10327,762,Spain,Female,50,6,147263.89,3,1,1,79111.23,0
10328,760,France,Female,68,5,108394.56,1,1,0,90004.0,1
10329,608,France,Male,59,3,54392.79,4,0,0,34282.67,0
10330,548,Germany,Female,55,3,146048.18,4,1,0,14272.04,0
10331,678,France,Male,55,1,168041.75,4,1,1,136838.26,1
10332,393,Spain,Male,66,0,103575.42,4,1,0,103146.76,0
10333,485,France,Female,66,7,79565.94,1,1,0,145716.13,1
10334,546,Spain,Male,18,6,173582.1,1,0,1,79612.49,0
10335,487,France,Male,22,7,153866.91,1,0,1,47906.09,0
10336,499,Spain,Male,45,9,17990.81,3,1,0,17093.71,0
10337,625,France,Female,34,8,58395.85,4,0,0,87981.06,0
10338,466,France,Female,72,2,57919.59,2,0,1,119127.98,1
10339,570,France,Female,19,1,46940.35,3,0,0,139719.11,0
10340,696,France,Male,56,5,14064.0,1,1,0,62941.06,0
10341,413,France,Female,47,0,120657.84,3,0,1,47848.39,0
10342,396,Germany,Female,26,6,74702.95,2,0,0,43334.75,0
10343,788,France,Male,53,9,75549.24,2,1,0,141120.38,0
10344,687,France,Male,46,8,149135.54,3,1,0,104971.67,0
10345,707,Spain,Male,32,6,38238.79,4,0,0,84598.05,0
10346,527,Spain,Female,25,9,66799.77,3,1,0,138785.63,0
10347,446,Spain,Female,21,1,85399.59,1,1,1,114447.57,0
10348,438,France,Female,71,4,45682.44,2,0,0,84733.16,1
10349,816,France,Female,44,7,63755.47,1,1,1,118186.84,0
10350,594,France,Female,56,10,113109.87,4,0,0,103136.89,0
10351,635,France,Male,27,0,69514.15,2,0,1,115154.15,0
10352,466,France,Male,70,0,144903.29,3,1,1,56899.72,1
10353,584,Germany,Male,29,6,27742.41,4,0,0,108558.8,0
10354,511,France,Female,65,7,81357.16,3,0,0,32669.33,0
10355,782,France,Male,39,6,10339.45,3,0,1,16265.21,0
10356,487,Spain,Female,27,1,63342.89,3,0,0,80109.07,0
10357,401,France,Male,71,7,30442.7,3,0,1,116845.54,0
10358,685,France,Male,27,5,146728.71,4,0,0,41219.91,0
10359,395,Germany,Male,38,1,111941.24,2,0,0,134386.42,0
10360,428,France,Female,30,0,98685.6,1,0,0,75379.75,0
10361,838,Germany,Female,58,9,173999.75,1,1,0,103070.11,0
10362,713,France,Female,72,9,151375.17,2,1,1,131738.58,1
10363,410,Germany,Female,39,10,110506.37,1,1,0,121783.56,0
10364,690,Germany,Male,31,1,31082.36,3,0,0,101293.88,0
10365,574,Germany,Male,41,10,11568.09,1,0,0,48941.97,0
10366,786,France,Male,47,5,68322.48,4,0,1,34841.44,0
10367,838,Spain,Male,25,8,49932.62,1,1,0,89978.36,0
10368,387,Spain,Male,36,7,33484.95,2,0,0,92738.85,0
10369,507,France,Male,28,3,53603.06,3,1,0,93828.68,0
10370,800,France,Female,58,3,23396.71,4,1,1,65552.26,0
10371,813,France,Male,61,10,154188.57,2,1,0,34757.96,0
10372,496,Spain,Female,27,10,5581.18,4,1,1,139701.31,0
10373,431,Spain,Male,42,6,32040.15,4,1,0,104822.65,0
10374,820,France,Male,59,6,102200.96,1,1,1,106737.21,0
10375,792,Spain,Female,34,7,22008.41,4,1,1,13390.32,0
10376,451,France,Male,25,9,122072.94,1,0,1,84298.67,0
10377,350,Germany,Male,74,7,123032.54,3,1,0,84524.81,0
10378,654,France,Male,33,2,52322.72,4,0,0,20577.22,0
10379,602,Spain,Male,68,2,9027.13,1,1,0,40364.43,0
10380,471,France,Male,38,10,43196.47,2,1,0,31992.38,0
10381,817,France,Female,33,9,34714.48,2,1,1,96572.81,0
10382,789,Germany,Male,33,2,148566.44,1,1,1,131981.91,0
10383,739,France,Female,42,7,73069.93,1,1,1,98313.97,0
10384,350,France,Male,54,4,28311.21,2,0,1,55647.98,0
10385,690,France,Female,50,2,18604.62,3,0,1,128549.31,0
10386,363,Spain,Male,58,6,102493.26,1,1,0,87004.12,0
10387,588,Spain,Female,27,4,155154.12,2,1,1,124997.28,0
10388,778,Spain,Female,58,9,2170.43,3,0,1,91490.96,0
10389,737,Spain,Male,42,1,37429.4,4,1,1,32352.27,0
10390,650,Germany,Male,68,7,29677.14,2,1,0,69922.17,0
10391,707,Spain,Male,34,4,108312.22,2,1,0,47343.99,0
10392,425,Germany,Male,47,10,78874.81,1,0,0,53929.84,0
10393,430,Germany,Male,64,10,198106.46,4,0,1,17808.33,1
10394,675,France,Male,26,5,63054.02,4,1,0,117983.36,0
10395,708,France,Female,23,4,45283.46,2,1,0,88906.3,0
10396,737,Spain,Male,67,8,29762.87,4,0,0,54773.05,0
10397,755,France,Female,74,4,118411.01,3,0,0,109979.14,1
10398,446,Spain,Female,38,4,22430.37,4,1,1,76088.72,0
10399,687,Germany,Male,31,8,112599.59,2,0,0,20244.05,0
10400,473,France,Female,63,0,84012.27,2,1,1,122506.27,0
10401,467,Spain,Female,36,0,41299.4,4,1,1,123203.86,0
10402,718,France,Male,42,2,18741.16,1,1,0,87528.49,0
10403,545,Germany,Female,22,1,129904.31,1,1,0,100466.02,0
10404,622,France,Male,19,0,175756.42,1,0,0,88503.47,0
10405,455,Spain,Female,70,8,44668.83,1,0,1,50487.68,1
10406,540,Germany,Male,22,0,100084.06,1,0,0,17880.13,0
10407,536,Spain,Male,65,1,169042.14,1,1,1,100777.58,0
10408,360,France,Male,63,0,34751.07,1,1,0,49471.56,0
10409,553,Spain,Male,21,6,55678.5,2,0,1,113950.68,0
10410,400,Germany,Female,74,1,620.28,3,0,0,53118.88,1
10411,752,Germany,Male,48,8,61594.53,3,1,0,64108.21,0
10412,364,Spain,Female,43,7,65362.28,4,1,0,136532.97,1
10413,723,France,Female,40,6,46194.84,2,0,1,25586.63,0
10414,389,France,Male,28,2,27934.05,3,0,0,47106.19,0
10415,438,Germany,Female,52,0,20115.1,4,1,1,106928.81,0
10416,502,Spain,Male,70,10,6573.55,2,0,0,69777.86,0
10417,753,France,Female,37,2,14367.39,3,0,0,131497.48,0
10418,751,Germany,Female,33,4,106517.96,2,0,1,27305.46,0
10419,700,France,Female,72,5,40999.83,3,0,1,12414.93,1
10420,846,Germany,Female,30,6,21474.61,1,1,0,121909.28,0
10421,516,Spain,Female,30,10,107396.64,2,1,1,31914.66,0
10422,722,France,Male,21,1,102069.16,3,0,1,49760.67,0
10423,641,Germany,Male,64,7,26995.12,1,1,0,37504.48,0
10424,769,France,Male,53,6,34278.65,1,1,0,70873.57,0
10425,404,Spain,Female,33,7,107669.63,3,1,0,136920.16,0
10426,770,France,Male,24,10,90817.58,4,0,0,77971.29,0
10427,432,France,Male,55,6,22323.01,1,1,1,111377.21,0
10428,776,Germany,Male,28,9,83722.93,1,0,1,31848.95,0
10429,482,Germany,Female,42,3,68322.12,1,1,1,84985.74,0
10430,353,Germany,Male,23,2,133577.87,1,1,0,40929.04,0
10431,737,France,Male,47,6,20467.57,1,1,0,40708.17,0
10432,446,Germany,Male,50,4,120414.82,3,0,1,53082.13,1
10433,442,Germany,Female,47,0,94681.24,1,0,1,64109.63,1
10434,793,Spain,Male,58,5,12377.58,2,0,0,110473.92,0
10435,487,France,Female,53,4,130234.05,3,0,0,24248.33,0
10436,838,France,Male,62,8,121958.72,1,0,0,46705.92,0
10437,607,Germany,Male,21,8,5388.48,2,1,1,145878.06,0
10438,482,Germany,Male,62,6,183320.31,1,0,1,60505.61,1
10439,557,France,Female,21,2,4435.43,2,0,0,12917.88,0
10440,685,Germany,Male,65,5,17432.52,4,0,0,131777.62,1
10441,454,France,Female,73,7,51543.71,2,0,1,10879.52,1
10442,499,France,Female,60,0,114086.54,2,0,0,62985.97,1
10443,611,Spain,Male,32,7,103364.92,4,0,0,109762.07,0
10444,457,France,Female,25,4,64576.46,2,1,0,141810.89,0
10445,849,France,Female,38,1,148263.91,2,0,0,134860.6,0
10446,670,Spain,Male,35,3,93199.35,3,1,1,141067.48,0
10447,603,Germany,Male,31,9,149986.78,2,0,0,93017.11,0
10448,464,Germany,Male,37,2,231595.63,4,0,1,145395.22,1
10449,781,Spain,Female,54,2,81096.22,2,0,1,42628.41,0
10450,771,France,Female,41,9,77786.24,2,1,1,54979.62,0
10451,769,Germany,Female,74,10,44016.42,2,1,1,101453.17,1
10452,475,Spain,Male,68,4,8191.65,3,1,1,97836.66,1
10453,426,Germany,Female,40,3,75294.28,2,0,0,124877.91,0
10454,727,Germany,Male,73,3,75614.51,1,0,1,27255.97,0
10455,598,France,Male,36,6,558.43,4,0,1,62154.22,0
10456,628,Germany,Male,50,1,3636.05,4,1,0,97672.0,1
10457,568,France,Female,37,10,54808.4,4,1,0,22179.68,0
10458,628,Germany,Male,55,1,58679.45,4,1,0,80638.11,0
10459,758,France,Female,19,9,80082.77,2,0,0,132853.93,0
10460,407,France,Female,46,9,126106.66,1,1,0,13458.22,0
10461,700,Spain,Male,23,5,71787.28,4,0,1,126916.93,0
10462,509,Germany,Female,35,5,69423.92,2,0,1,110645.97,0
10463,665,France,Male,20,2,87136.68,1,0,0,70123.18,0
10464,608,Spain,Female,52,5,10848.54,2,1,1,40396.18,0
10465,798,France,Male,36,6,67061.78,2,1,0,119578.27,0
10466,745,Spain,Male,39,7,130027.14,3,0,0,59814.13,0
10467,404,Spain,Male,74,6,132307.93,4,0,0,97948.78,0
10468,368,France,Female,58,6,96737.31,1,1,1,27970.92,0
10469,409,Germany,Male,26,0,53830.07,1,1,0,116605.03,1
10470,424,France,Male,36,0,22396.84,4,0,0,138433.79,0
10471,592,France,Female,49,4,146534.29,4,0,1,138860.88,0
10472,755,Spain,Female,26,2,100419.26,2,0,1,147307.53,0
10473,677,Germany,Female,29,10,45441.58,2,0,0,18756.59,0
10474,579,Germany,Female,56,7,56110.06,3,1,1,123624.69,0
10475,683,Germany,Male,20,5,19432.04,2,1,1,44010.91,0
10476,847,Germany,Female,61,7,42207.5,2,1,1,25028.07,1
10477,780,Germany,Female,65,1,142528.4,4,1,0,121245.1,0
10478,381,France,Female,41,8,80963.29,2,1,1,135322.27,0
10479,438,France,Female,25,7,26592.51,4,1,1,19495.31,0
10480,476,France,Female,46,8,53856.79,1,1,0,39060.93,0
10481,402,France,Female,25,4,221547.45,1,0,0,76421.67,0
10482,773,France,Female,27,7,140990.27,4,1,0,131282.78,0
10483,524,Spain,Female,64,10,8522.88,2,1,0,74769.7,0
10484,431,France,Female,71,3,62349.34,1,1,1,16613.33,0
10485,696,France,Male,31,5,1990.74,3,0,1,112387.69,0
10486,363,France,Male,74,7,30891.54,1,0,1,143504.05,1
10487,500,Germany,Female,29,0,80193.43,2,1,0,32301.2,0
10488,731,Spain,Female,72,5,211492.21,1,0,1,125378.51,0
10489,712,Spain,Male,71,1,161514.93,4,1,0,143931.15,1
10490,584,France,Male,18,7,72560.58,1,1,1,68500.26,0
10491,622,France,Male,29,1,47921.7,1,0,1,126699.71,0
10492,781,Spain,Male,50,0,81823.48,2,1,0,98839.01,0
10493,494,France,Female,65,10,130755.23,4,1,0,147077.19,0
10494,765,Germany,Male,45,2,15868.69,3,0,0,104088.01,0
10495,629,France,Female,35,3,39904.61,3,0,1,50676.95,0
10496,484,Spain,Female,57,6,180648.47,3,1,1,108983.63,0
10497,581,France,Female,50,3,86484.34,3,1,0,56691.4,0
10498,406,France,Female,50,6,164575.02,3,0,1,59473.9,0
10499,772,France,Male,35,10,83997.56,3,0,1,10540.93,0
10500,386,France,Female,73,0,157063.32,3,1,0,21253.7,1
10501,751,Spain,Female,37,2,33951.93,2,1,0,35953.16,0
10502,590,Spain,Male,46,4,99358.4,2,0,0,103595.37,0
10503,465,France,Female,71,6,161588.86,2,1,1,82567.88,0
10504,413,Spain,Male,42,5,130289.65,2,1,1,65621.7,0
10505,458,France,Female,69,10,42817.03,1,1,1,95469.44,0
10506,599,France,Female,43,1,122872.22,2,1,0,54556.62,0
10507,772,Germany,Male,27,10,30690.43,4,1,1,56005.39,0
10508,441,France,Male,73,0,14353.97,1,1,1,95393.97,0
10509,774,France,Male,59,1,100972.49,2,1,0,114768.5,0
10510,741,Germany,Male,38,4,152852.77,1,0,1,113454.46,0
10511,781,Spain,Male,25,5,120317.79,1,1,0,87424.48,0
10512,546,France,Female,31,10,4547.21,4,1,1,147045.57,0
10513,536,Germany,Female,35,2,121517.19,4,1,1,148665.49,0
10514,412,Spain,Female,40,5,110276.53,2,1,0,140170.6,0
10515,413,France,Male,22,7,42719.11,2,1,0,51406.89,0
10516,658,France,Female,40,6,77524.72,2,1,1,113921.18,1
10517,622,Germany,Male,54,2,130268.62,4,1,1,25137.5,0
10518,605,France,Female,22,1,122635.27,4,1,0,148828.71,0
10519,826,Germany,Male,59,1,99532.37,2,1,1,89894.32,0
10520,519,France,Male,69,4,32860.44,3,1,0,19791.88,1
10521,643,Germany,Male,60,2,18538.2,3,1,0,27812.88,1
10522,650,France,Female,39,5,130176.54,2,0,0,100542.17,0
10523,692,France,Male,62,1,117745.41,4,1,0,105393.18,1
10524,831,Germany,Male,59,0,99404.41,1,0,0,61891.37,0
10525,364,Germany,Male,40,7,55313.93,3,0,1,72466.68,0
10526,808,France,Female,52,7,93446.31,3,1,1,123401.25,0
10527,555,Spain,Female,28,3,37742.47,4,0,1,119592.94,0
10528,423,France,Male,63,4,51393.93,2,1,0,115866.32,0
10529,438,France,Male,18,4,18347.76,4,0,0,62926.36,0
10530,373,France,Female,59,0,85365.43,4,0,0,58891.7,0
10531,390,France,Female,43,3,45073.23,4,1,0,102201.53,0
10532,591,France,Female,18,2,126749.43,3,1,1,23364.82,0
10533,459,Spain,Female,71,4,112934.88,3,0,1,104672.78,0
10534,454,Germany,Female,70,7,21552.19,3,1,0,106325.01,0
10535,493,France,Male,43,3,179576.63,1,0,1,117391.97,0
10536,578,France,Male,25,6,3024.81,3,0,0,44446.16,0
10537,600,France,Female,53,3,96868.25,1,0,1,57936.72,1
10538,563,Spain,Female,49,5,134675.3,4,1,0,43931.53,1
10539,656,France,Female,70,7,146513.69,1,1,0,71640.35,1
10540,462,Spain,Male,43,6,61814.78,2,0,0,99189.4,0
10541,620,Germany,Male,67,1,129808.07,3,1,0,73747.28,1
10542,657,Germany,Female,22,10,142896.72,3,1,0,133171.6,0
10543,528,Spain,Female,60,7,155994.52,4,1,1,91949.76,0
10544,483,Spain,Female,31,6,63012.29,1,1,1,121304.78,1
10545,426,France,Female,51,3,29534.88,3,0,1,144642.11,0
10546,695,France,Female,71,3,64091.02,4,0,1,121455.68,0
10547,597,France,Male,31,1,43322.98,2,1,0,40285.82,0
10548,779,France,Female,74,4,150233.91,3,0,1,57789.68,0
10549,799,France,Female,60,1,29371.81,1,0,0,16659.68,0
10550,765,France,Male,26,4,143546.42,2,0,0,66477.72,0
10551,799,Germany,Male,41,9,103608.43,2,0,0,72180.05,0
10552,387,France,Female,24,10,17082.73,4,1,1,55341.11,0
10553,807,France,Male,58,0,10593.5,1,0,1,62756.93,0
10554,848,France,Male,48,6,41895.34,1,1,1,38489.2,0
10555,795,France,Male,30,3,75796.51,2,1,0,125010.51,0
10556,818,Spain,Male,55,1,129522.5,2,0,0,65149.28,0
10557,636,France,Male,71,9,59058.17,2,0,1,12743.42,0
10558,383,France,Female,19,1,124498.3,1,0,0,72279.39,0
10559,609,France,Male,27,0,24384.27,4,1,1,61353.74,0
10560,768,France,Male,74,1,112884.98,2,1,0,35265.97,1
10561,460,France,Male,63,2,49782.7,2,0,1,108117.57,0
10562,532,France,Male,46,3,97504.01,2,0,0,68098.45,0
10563,722,France,Male,68,2,48330.26,4,1,1,119309.46,0
10564,554,France,Female,65,2,9426.37,4,1,0,95937.12,0
10565,640,Spain,Female,26,9,95339.16,1,0,0,143822.41,0
10566,408,France,Female,64,8,185976.74,1,1,0,57200.62,0
10567,550,Germany,Female,67,1,63795.67,2,0,1,15384.04,1
10568,514,France,Male,59,1,26439.47,3,1,1,35679.6,1
10569,380,France,Male,54,10,19273.68,3,0,0,115933.15,0
10570,451,Spain,Female,26,8,187961.13,1,1,0,37263.12,0
10571,440,France,Male,52,1,67581.15,2,0,1,93043.84,0
10572,509,Spain,Female,55,1,106730.4,4,0,0,25893.84,1
10573,693,Spain,Female,32,6,143200.4,1,0,0,129752.17,0
10574,368,Germany,Male,46,0,134630.69,4,0,1,63936.7,1
10575,607,France,Male,36,8,14682.8,2,1,0,50858.1,0
10576,357,Germany,Male,50,10,127361.82,3,0,0,134522.68,0
10577,738,Germany,Male,31,6,120630.2,3,1,1,108506.57,0
10578,522,Spain,Male,21,9,99354.37,1,0,0,94345.35,0
10579,407,France,Female,43,5,130576.88,4,0,1,136754.37,0
10580,391,Spain,Female,57,9,36323.61,2,0,0,123029.52,0
10581,688,Spain,Male,54,4,65540.08,1,0,1,11153.34,0
10582,409,France,Male,48,3,38517.62,1,0,1,137387.56,1
10583,789,France,Female,59,2,115498.69,1,1,1,37753.8,0
10584,361,France,Female,27,0,30814.79,4,0,1,111861.01,0
10585,365,Spain,Female,58,10,93599.96,4,1,1,52116.15,0
10586,741,Spain,Male,34,0,4358.63,3,0,1,51488.47,1
10587,838,Spain,Male,37,4,62680.09,3,1,1,69236.8,0
10588,703,Germany,Male,18,3,48290.63,1,0,1,10983.77,0
10589,380,Germany,Male,37,7,63146.62,2,0,0,128214.65,0
10590,627,Germany,Male,44,8,77974.19,4,0,0,47317.28,0
10591,713,Germany,Female,61,6,58967.88,2,1,0,99047.73,0
10592,521,Spain,Male,27,0,56832.29,2,0,1,30224.04,0
10593,616,Germany,Male,73,10,54215.65,2,1,1,23626.82,1
10594,825,France,Male,28,9,136316.96,3,1,1,12578.55,0
10595,505,Germany,Female,30,2,32604.23,3,1,1,78098.95,0
10596,819,France,Female,74,6,55315.24,1,0,1,68363.07,0
10597,525,Germany,Female,41,1,20359.77,4,0,0,110800.93,0
10598,674,Germany,Female,41,6,129952.44,2,0,1,70494.03,0
10599,367,France,Male,33,9,15741.54,2,0,0,81028.38,0
10600,487,Spain,Male,49,9,100259.41,2,1,0,89641.82,0
10601,729,Spain,Female,73,5,140698.44,4,0,1,30347.55,1
10602,797,France,Female,71,5,168730.17,3,1,0,62543.69,1
10603,360,France,Female,18,7,141292.57,2,0,0,126704.39,0
10604,659,France,Male,47,6,107173.83,4,0,0,148345.46,0
10605,830,France,Male,68,6,1826.35,2,0,0,78206.44,1
10606,693,France,Male,19,10,147446.65,1,1,0,53619.27,0
10607,835,France,Male,61,8,141322.46,2,0,1,129493.46,0
10608,759,Spain,Male,41,7,120346.26,4,0,1,86635.12,0
10609,767,France,Male,36,9,118262.52,1,1,1,15794.28,0
10610,580,Spain,Male,29,0,74757.17,3,1,1,32597.94,0
10611,413,Germany,Female,56,7,39324.8,1,0,1,99681.95,0
10612,670,Spain,Female,21,2,135010.52,1,0,0,27233.88,0
10613,660,France,Male,39,0,146559.99,2,1,1,84025.73,0
10614,375,France,Female,30,0,8079.22,2,1,1,145318.21,0
10615,756,Spain,Male,54,9,125089.48,2,1,1,82566.4,1
10616,846,France,Female,34,6,85114.25,4,0,1,73603.59,0
10617,552,France,Female,42,0,123511.56,2,0,0,122175.81,0
10618,725,Spain,Female,41,5,86899.76,2,1,1,83395.36,1
10619,561,Germany,Male,70,9,137029.39,4,0,0,127259.03,1
10620,675,France,Male,42,10,131902.91,4,1,0,11693.01,0
10621,746,France,Female,44,0,123678.77,2,0,1,128056.61,0
10622,845,Spain,Male,67,3,11830.83,1,1,1,33222.48,0
10623,360,France,Male,64,8,119932.59,4,1,0,40599.92,1
10624,838,Germany,Male,55,2,73697.09,3,0,1,89457.81,0
10625,537,France,Male,50,7,3435.36,2,1,0,105685.15,0
10626,353,Spain,Male,72,7,113052.26,4,1,1,32750.24,0
10627,771,France,Male,39,0,10905.0,2,0,1,121230.66,0
10628,807,Germany,Male,60,2,124323.03,4,1,0,77336.21,0
10629,750,France,Female,73,8,172066.02,1,1,1,115126.02,0
10630,649,Germany,Male,56,8,40914.66,2,0,1,60097.48,0
10631,813,Spain,Female,29,6,125877.01,4,0,1,60064.15,0
10632,421,France,Male,70,9,97938.16,3,0,1,84763.81,0
10633,783,France,Male,69,1,109859.42,2,0,0,102352.25,1
10634,573,Spain,Male,55,2,9557.61,2,1,1,117714.1,0
10635,450,Germany,Male,73,9,107462.24,3,0,0,57083.81,1
10636,747,France,Male,32,0,79139.88,4,0,0,96627.23,0
10637,812,Germany,Male,66,6,115278.19,3,0,1,45926.11,1
10638,807,France,Female,32,6,71745.28,2,1,1,108356.32,0
10639,474,Spain,Male,52,5,136563.14,2,0,1,66487.64,0
10640,513,France,Female,34,4,87649.36,4,1,1,139739.22,0
10641,625,Spain,Male,53,10,111814.87,1,0,0,112188.33,0
10642,537,Germany,Female,63,9,152893.29,4,1,1,20620.07,1
10643,638,Germany,Female,70,2,82279.24,4,0,1,99453.06,1
10644,400,France,Male,20,7,130616.87,2,0,0,63251.89,0
10645,685,Germany,Male,42,1,85034.41,2,0,0,55397.18,0
10646,566,Germany,Male,68,1,102590.62,3,0,1,39382.33,1
10647,660,France,Male,64,9,40273.64,1,0,0,108206.44,0
10648,438,France,Female,41,6,117684.03,3,0,0,129454.65,1
10649,464,Spain,Male,62,1,144498.5,1,0,0,72268.11,1
10650,451,Germany,Male,33,2,66819.45,4,0,1,79694.3,1
10651,784,France,Male,66,8,118833.28,3,0,1,56664.68,0
10652,459,Germany,Female,49,9,97164.49,2,0,1,123609.58,0
10653,424,France,Female,43,2,6193.53,3,1,1,148056.4,0
10654,740,France,Female,49,2,92709.46,1,0,1,73245.92,0
10655,721,Spain,Male,55,8,150010.36,2,0,1,72957.35,1
10656,387,France,Male,33,10,43047.99,2,1,1,36598.18,0
10657,352,France,Female,23,4,33693.81,1,1,1,49965.9,1
10658,810,France,Male,28,10,83992.77,2,0,0,65002.11,0
10659,797,France,Male,22,6,33818.16,4,0,1,67948.43,0
10660,732,France,Female,60,10,184240.91,1,0,0,33371.38,0
10661,789,France,Female,24,6,69516.41,3,1,1,60295.21,0
10662,823,France,Male,29,6,71674.8,1,0,0,18449.32,0
10663,480,France,Female,59,4,34787.54,1,0,0,49441.88,0
10664,529,France,Male,49,9,86763.47,2,0,0,101819.93,0
10665,626,France,Male,38,5,38665.77,4,0,1,137052.22,0
10666,635,Germany,Male,37,1,18704.17,3,1,0,40397.93,1
10667,591,Spain,Female,69,7,68344.95,1,1,0,107974.02,0
10668,690,France,Male,40,2,24180.01,4,1,1,42236.7,1
10669,816,Germany,Female,22,1,149891.5,4,1,0,142916.82,0
10670,350,Germany,Male,62,0,3218.54,3,1,0,44798.71,0
10671,495,France,Female,27,10,67740.65,4,0,0,16953.76,0
10672,729,France,Male,70,1,31458.05,3,1,1,142981.81,0
10673,388,Spain,Female,65,9,9323.69,1,0,0,58463.34,0
10674,417,France,Male,48,9,170121.24,3,1,1,39056.1,0
10675,548,Spain,Male,41,2,51824.38,4,1,1,73681.95,0
10676,718,France,Male,65,5,157799.24,2,1,1,128215.01,0
10677,504,Germany,Male,30,2,11096.79,4,1,0,65120.89,1
10678,647,Spain,Male,26,6,77418.53,2,1,1,74194.99,0
10679,481,Spain,Female,62,4,205416.89,1,0,1,101219.17,0
10680,761,France,Female,35,9,53222.54,3,0,0,13200.15,0
10681,738,Germany,Female,31,8,8704.84,3,0,0,137015.42,1
10682,512,France,Male,60,5,149354.19,4,1,0,109771.93,1
10683,541,Spain,Male,73,5,82303.52,2,1,0,92765.18,1
10684,715,France,Male,65,1,39958.1,4,1,1,59988.29,0
10685,420,France,Male,33,3,70230.49,1,0,1,145805.51,0
10686,718,Spain,Male,65,7,15341.12,3,0,1,20415.7,0
10687,442,France,Male,66,8,79316.94,1,0,1,10742.34,0
10688,684,France,Male,59,3,160039.93,3,0,0,93166.67,0
10689,784,Spain,Female,45,2,49608.78,1,1,1,104725.02,0
10690,541,France,Female,57,3,80305.76,3,1,0,31131.0,1
10691,582,France,Male,71,7,142907.66,3,1,1,128261.82,0
10692,412,France,Male,19,4,189047.82,2,1,0,71135.78,0
10693,450,France,Female,34,8,37534.13,3,0,0,56995.48,0
10694,666,France,Male,60,1,89806.48,4,1,0,110151.72,0
10695,588,Germany,Female,70,1,39022.5,4,0,0,67079.81,0
10696,700,Spain,Female,37,6,34216.73,3,0,0,32814.33,0
10697,404,Germany,Female,35,6,48588.63,2,0,0,70194.51,0
10698,579,Germany,Female,68,6,34925.17,2,0,1,15433.71,0
10699,589,France,Female,43,6,29657.83,2,1,0,53294.53,0
10700,633,Germany,Female,19,7,44902.21,3,0,0,91793.88,0
10701,469,Spain,Female,54,10,29158.16,2,0,0,21259.28,0
10702,675,Germany,Female,18,3,79890.75,2,1,1,71114.09,0
10703,541,Spain,Female,49,3,143536.09,2,0,0,77383.22,0
10704,653,Germany,Male,42,2,40943.21,1,1,1,14981.7,0
10705,815,France,Male,56,5,62286.7,3,1,1,39498.77,0
10706,350,Germany,Female,34,5,110967.72,3,1,1,16444.87,0
10707,591,France,Female,57,10,115636.98,4,0,1,82840.85,0
10708,370,France,Female,24,1,65383.15,4,1,1,99644.41,0
10709,719,Germany,Male,33,1,68992.12,3,1,0,10383.02,0
10710,502,Spain,Male,71,8,182212.02,1,0,0,89481.9,1
10711,512,France,Female,18,9,52462.23,1,0,0,130781.27,0
10712,437,Germany,Female,74,0,43325.78,2,1,0,16200.26,0
10713,446,Germany,Male,59,4,23448.71,2,1,0,93054.92,0
10714,622,France,Male,45,6,97574.86,2,1,1,54887.74,0
10715,523,France,Female,52,3,56626.17,3,0,1,30071.59,0
10716,524,France,Female,39,1,184331.13,1,0,1,131715.52,0
10717,455,Germany,Male,50,10,52443.96,4,1,0,53595.49,1
10718,647,Germany,Female,30,1,119831.59,3,0,0,128574.9,0
10719,604,Germany,Female,46,4,126945.83,4,0,1,136272.24,0
10720,468,France,Male,41,6,168926.7,2,1,1,45005.42,0
10721,686,Spain,Female,70,2,4857.53,2,1,0,132190.87,0
10722,747,Spain,Female,71,8,164068.16,4,1,1,137345.65,1
10723,482,France,Female,34,2,72900.42,2,1,1,10304.86,0
10724,507,France,Male,53,10,65989.54,4,0,1,133708.26,0
10725,701,France,Female,69,7,53894.45,1,0,1,98990.93,0
10726,493,Spain,Female,38,10,48925.11,4,1,0,10567.74,0
10727,606,Spain,Male,27,6,51909.39,3,1,1,83884.74,0
10728,738,France,Male,73,3,64893.45,3,0,0,129797.87,1
10729,747,France,Female,57,2,102074.66,2,0,0,129056.85,0
10730,475,France,Female,35,6,75787.73,1,1,0,134520.66,0
10731,730,France,Male,71,5,16295.84,3,1,1,82198.32,0
10732,422,Spain,Male,68,10,68367.3,1,1,0,24475.94,0
10733,820,France,Male,26,3,207002.31,3,1,0,58095.62,0
10734,698,France,Male,40,2,94424.8,4,1,1,51708.08,0
10735,693,France,Female,61,9,49350.14,1,1,1,97332.3,0
10736,818,Germany,Male,31,8,172450.28,3,0,0,47417.35,0
10737,381,Germany,Female,33,3,25414.69,1,0,1,88035.05,0
10738,584,France,Female,47,5,63078.71,2,1,0,53232.24,0
10739,521,France,Female,21,6,39653.85,3,0,0,75127.58,0
10740,597,France,Male,44,9,58209.02,2,1,0,99729.54,0
10741,548,Spain,Female,42,10,114965.8,3,0,0,124314.33,1
10742,426,Spain,Male,25,5,106107.85,4,1,0,15740.05,0
10743,786,France,Female,57,2,29223.66,4,1,0,73274.78,0
10744,577,Spain,Female,50,0,64488.68,2,1,1,55492.89,0
10745,783,France,Female,34,10,77048.37,3,0,0,98144.41,0
10746,679,Spain,Female,45,8,48104.08,4,1,0,110680.52,0
10747,458,France,Female,72,5,69897.7,1,0,1,109786.95,1
10748,621,Spain,Female,35,8,29789.82,3,0,0,31914.43,0
10749,799,France,Male,18,7,28967.37,1,1,1,30729.9,0
10750,601,France,Female,27,5,74605.13,1,0,1,131050.54,0
10751,556,Germany,Female,33,2,11557.72,4,1,0,53676.68,0
10752,410,Germany,Male,24,1,96452.62,4,0,0,107542.84,0
10753,686,France,Male,37,7,60634.78,3,1,0,12389.51,0
10754,615,France,Female,42,1,18038.34,3,0,0,93580.17,0
10755,684,France,Female,39,7,36101.4,1,0,0,42583.43,0
10756,459,France,Female,55,4,43960.92,2,1,0,103532.97,0
10757,565,France,Female,35,6,62558.12,2,0,0,21531.45,0
10758,473,France,Male,28,0,78564.46,2,0,1,133655.8,0
10759,631,France,Female,19,9,59701.46,1,1,1,106221.04,0
10760,465,France,Male,61,7,21157.56,4,1,1,97238.91,0
10761,585,Germany,Female,29,5,155524.39,4,0,0,76262.3,1
10762,453,France,Female,33,5,124726.04,4,1,0,121263.37,0
10763,691,France,Female,32,0,78332.63,3,0,0,71376.55,0
10764,738,France,Female,73,9,127407.02,4,1,1,99491.73,0
10765,763,Spain,Female,56,10,90940.47,4,0,1,65245.3,0
10766,804,France,Female,52,10,56755.47,4,0,0,11852.83,1
10767,621,France,Female,39,6,76819.02,3,1,0,74514.11,1
10768,467,Spain,Male,65,9,227288.53,4,1,0,122319.94,0
10769,788,France,Male,59,6,129723.26,2,0,1,99791.98,0
10770,493,Spain,Male,71,10,132582.8,2,1,1,22346.35,1
10771,601,Spain,Female,43,6,48818.18,4,1,0,14604.92,0
10772,392,France,Male,31,3,106805.38,4,0,0,34399.63,0
10773,376,Germany,Female,37,0,203440.21,2,0,0,97680.57,1
10774,780,France,Female,63,1,96672.49,1,0,1,52818.85,0
10775,648,France,Female,27,3,134333.24,3,1,0,44428.36,0
10776,430,France,Female,52,7,145067.73,1,1,0,132144.07,1
10777,512,Germany,Male,31,0,109283.11,1,0,0,11568.85,0
10778,582,Spain,Male,66,1,163562.5,1,0,0,124954.17,0
10779,718,France,Male,69,7,85187.07,2,0,0,58777.72,0
10780,816,Germany,Male,57,7,100720.56,2,0,1,123224.92,0
10781,491,France,Male,43,9,35218.18,3,0,0,50583.26,0
10782,430,France,Female,54,7,225416.1,3,0,0,82430.83,1
10783,672,Spain,Female,35,7,89469.94,2,0,0,29853.41,0
10784,545,Germany,Female,54,4,78200.67,2,0,1,48871.84,0
10785,446,France,Female,30,8,152592.55,4,1,0,100445.4,0
10786,389,Spain,Female,40,7,43390.86,3,1,1,104988.22,1
10787,674,France,Male,67,3,71426.96,3,1,0,33760.57,1
10788,738,France,Male,23,1,26236.94,3,0,0,99539.04,0
10789,650,France,Female,58,0,73002.64,4,1,0,146951.03,1
10790,774,Spain,Female,36,10,49128.09,1,0,1,94688.1,0
10791,696,France,Female,57,4,103253.13,3,0,1,49181.28,0
10792,750,Spain,Female,57,10,64328.42,3,1,1,105438.5,0
10793,366,Germany,Male,63,1,36900.66,3,0,1,91958.42,0
10794,720,France,Male,54,1,54583.73,4,0,0,102233.73,0
10795,575,Germany,Male,31,3,64764.19,3,1,0,127154.84,0
10796,551,France,Female,54,2,41914.57,3,0,1,140912.05,0
10797,722,Germany,Female,59,2,126137.65,1,0,0,31432.14,0
10798,358,Germany,Male,44,0,110720.38,1,0,1,44352.75,0
10799,573,Germany,Female,22,1,80109.14,2,0,1,28514.91,0
10800,737,Spain,Female,66,1,2572.07,3,1,1,149457.74,0
10801,496,France,Female,55,7,101683.78,4,1,1,147656.27,1
10802,776,Spain,Female,33,9,2551.58,4,0,0,115496.96,0
10803,726,France,Male,36,6,82400.96,3,0,0,97356.68,0
10804,796,Spain,Male,68,5,74403.77,2,1,0,32112.49,0
10805,688,Spain,Female,55,9,37425.15,4,1,0,52611.91,0
10806,507,Spain,Female,61,9,23488.33,2,1,0,28439.97,0
10807,571,France,Male,30,10,31298.83,2,1,1,60502.05,0
10808,726,France,Female,27,10,190752.63,3,1,0,23521.74,0
10809,770,Spain,Female,38,2,56221.62,1,1,1,12749.0,1
10810,546,Spain,Female,61,5,59625.3,4,0,0,18123.82,0
10811,689,France,Female,56,10,127248.26,4,1,1,71943.06,0
10812,642,Spain,Female,31,10,95927.21,4,1,0,32678.83,0
10813,847,France,Male,71,8,132934.56,2,1,1,18123.76,0
10814,700,France,Female,25,8,496.27,3,0,0,115484.15,0
10815,678,Spain,Female,37,6,8510.6,4,0,1,116895.35,0
10816,425,France,Male,55,10,264596.78,3,0,0,142129.77,0
10817,832,France,Female,27,10,69179.15,1,1,1,122426.5,0
10818,463,France,Female,45,8,54828.45,1,1,0,142783.24,0
10819,718,France,Female,25,5,80941.02,2,0,0,101407.2,0
10820,807,France,Female,61,0,129034.77,1,0,0,84228.9,0
10821,575,France,Male,56,0,2711.36,3,1,1,68005.96,0
10822,699,Spain,Male,19,1,88010.24,3,1,1,56695.5,0
10823,354,Germany,Female,68,1,69954.08,4,1,0,12251.39,1
10824,645,Germany,Female,67,3,110577.36,3,1,1,109412.19,0
10825,717,Spain,Female,18,3,81636.99,1,0,0,54661.91,0
10826,829,France,Female,51,2,40850.23,1,1,0,112573.5,0
10827,564,France,Female,37,7,21449.75,4,0,1,141898.47,0
10828,772,France,Male,43,2,69373.06,1,0,1,120700.77,0
10829,781,France,Male,27,6,128248.81,3,0,1,81024.68,0
10830,393,Spain,Female,30,8,13398.59,3,0,1,88083.17,0
10831,792,France,Male,72,7,48254.01,1,1,0,134117.8,0
10832,536,France,Male,33,0,167743.26,2,0,0,43537.41,0
10833,766,Germany,Female,25,0,47400.12,1,0,1,92326.56,0
10834,388,France,Male,63,5,106948.89,3,0,1,93524.0,0
10835,624,France,Male,21,2,59386.06,4,1,0,94484.39,0
10836,354,Germany,Female,73,0,111973.05,4,0,1,50607.76,0
10837,665,Spain,Male,61,6,73273.08,3,1,1,74007.97,1
10838,562,France,Female,18,1,42160.96,3,1,1,80797.62,0
10839,670,Germany,Male,74,7,149615.91,3,0,0,120924.05,0
10840,428,France,Male,47,6,56210.28,1,1,1,145082.95,0
10841,573,France,Female,62,4,5752.64,2,0,0,17384.13,0
10842,386,Germany,Female,52,5,52585.41,4,1,0,121604.98,0
10843,550,France,Female,24,2,102695.04,1,1,1,78048.04,0
10844,433,France,Male,53,1,7271.07,2,1,1,100306.65,0
10845,839,Germany,Female,41,3,116971.89,2,1,0,85808.51,1
10846,592,Germany,Male,60,2,115768.43,4,0,1,122630.23,0
10847,350,France,Female,47,8,194044.83,3,0,1,67056.66,0
10848,664,Germany,Female,49,8,34539.48,2,1,0,65540.34,0
10849,783,France,Male,69,7,109731.75,2,1,0,87052.68,1
10850,418,Spain,Male,38,3,24787.02,2,1,0,145673.59,1
10851,415,France,Female,60,2,47406.54,4,1,0,69113.97,0
10852,374,France,Male,27,10,77602.93,4,0,0,69416.5,0
10853,406,France,Female,21,10,95058.46,4,1,1,80943.25,0
10854,786,Spain,Male,55,9,68374.19,1,0,0,149496.07,0
10855,735,France,Female,43,0,66307.27,1,1,1,32511.65,0
10856,504,Germany,Male,49,6,36198.97,2,1,0,93937.17,0
10857,357,Spain,Female,62,2,45860.49,2,1,0,95364.85,1
10858,394,Spain,Male,55,1,89167.54,4,1,1,134570.59,0
10859,680,France,Male,48,4,103766.06,4,0,0,58731.45,0
10860,434,Germany,Female,69,10,108432.87,1,0,1,96229.51,0
10861,470,Germany,Male,56,8,128910.09,3,1,0,45408.09,1
10862,724,Germany,Female,73,3,140025.21,3,1,0,64416.34,0
10863,779,France,Female,73,6,32295.17,4,1,0,20562.65,0
10864,493,France,Male,69,10,41459.69,2,0,0,49176.98,0
10865,632,France,Male,73,7,62229.09,1,1,0,64464.51,0
10866,494,France,Female,27,4,34446.22,1,0,1,51779.13,0
10867,464,Germany,Male,65,10,131829.24,4,0,0,67937.39,0
10868,491,France,Female,71,5,114651.49,4,0,0,50422.87,0
10869,641,France,Female,50,4,65355.25,3,1,0,45688.32,0
10870,440,France,Male,29,7,78506.11,3,0,0,58002.21,0
10871,716,France,Female,35,1,144305.01,2,1,1,103954.67,1
10872,539,France,Female,64,0,51532.67,4,1,1,97206.65,0
10873,774,Spain,Female,27,4,53434.51,3,0,0,147151.9,0
10874,705,France,Male,42,0,123713.36,4,1,1,29180.21,1
10875,359,France,Female,27,6,98574.91,1,0,0,122923.57,0
10876,733,Germany,Female,74,8,153237.03,1,0,1,21222.22,0
10877,812,France,Female,54,1,92816.29,4,1,1,41791.08,0
10878,480,France,Female,19,1,114625.11,4,1,0,12455.49,0
10879,762,Spain,Female,62,0,40184.37,1,0,1,79941.53,0
10880,667,Spain,Male,28,0,17492.7,1,0,1,11765.82,0
10881,466,Germany,Male,66,7,71016.25,2,1,1,19183.82,0
10882,404,France,Female,50,6,81072.94,4,1,0,100474.56,0
10883,651,France,Male,70,10,95025.5,3,0,1,100884.91,0
10884,382,France,Female,25,1,127382.92,2,1,1,23346.23,0
10885,612,France,Female,34,10,75934.69,2,1,1,96929.0,0
10886,481,France,Female,28,8,58866.07,4,1,0,69847.64,0
10887,652,France,Female,37,4,134068.08,4,1,0,131584.93,0
10888,622,Germany,Male,67,6,69114.86,2,1,1,90715.17,0
10889,472,France,Female,29,4,127907.84,4,0,1,83578.48,0
10890,782,France,Male,67,0,197597.02,4,0,1,148804.63,1
10891,811,Spain,Male,49,9,113147.91,3,0,1,48681.46,0
10892,631,France,Female,18,0,125484.99,2,1,1,73534.58,0
10893,703,France,Male,71,10,99938.91,2,0,1,118266.76,0
10894,656,France,Female,37,9,86003.05,3,1,0,111369.51,0
10895,633,Spain,Female,61,3,87413.84,2,0,0,15799.62,0
10896,623,Germany,Female,40,10,75459.43,2,1,0,11732.59,1
10897,823,Germany,Female,42,10,133829.5,2,0,0,49083.16,0
10898,401,Germany,Female,23,1,21072.71,3,0,0,145983.84,0
10899,535,France,Male,27,7,56225.78,2,1,1,19204.13,0
10900,588,France,Female,52,2,109316.06,1,1,0,12948.44,0
10901,618,Germany,Female,66,1,23142.75,1,1,1,138934.17,1
10902,404,Spain,Female,42,2,65543.54,3,1,1,29723.64,0
10903,666,Spain,Male,69,4,31735.42,2,1,0,54322.7,0
10904,525,Germany,Male,69,5,96875.01,4,1,1,130727.99,0
10905,658,Germany,Male,61,0,121177.7,3,0,1,65747.14,1
10906,391,France,Male,62,7,155006.56,2,1,1,16298.74,0
10907,517,Spain,Female,34,4,100412.61,3,0,0,68276.6,0
10908,549,France,Female,29,8,30347.59,4,1,1,112113.23,0
10909,647,France,Male,40,5,86032.9,2,1,1,32292.73,0
10910,505,Germany,Male,70,5,104253.94,3,1,1,47250.93,1
10911,564,Spain,Female,51,8,152536.41,2,1,1,56848.87,0
10912,592,Spain,Male,57,0,51450.53,3,1,0,11605.18,0
10913,713,France,Female,70,3,92878.48,1,1,0,106290.24,0
10914,846,France,Female,64,7,33226.9,4,1,0,22954.21,0
10915,531,France,Male,31,7,112606.81,1,1,1,40263.05,0
10916,724,Spain,Male,65,2,97109.08,2,1,1,72497.3,0
10917,575,Spain,Female,41,7,100221.56,1,0,1,116222.29,0
10918,473,France,Male,61,4,122350.06,4,1,0,21645.77,0
10919,644,Spain,Male,21,5,93685.64,3,1,0,145415.71,0
10920,470,France,Male,31,9,34515.33,2,0,1,80894.45,0
10921,442,France,Male,18,6,91734.51,4,1,0,33430.88,0
10922,455,Germany,Female,74,7,140405.09,4,0,0,34940.9,1
10923,623,France,Male,31,5,64932.94,3,1,1,85312.21,0
10924,566,France,Female,60,6,73195.01,2,0,0,22664.65,0
10925,789,France,Male,64,6,2080.77,2,1,1,32847.93,1
10926,848,Germany,Female,32,1,138097.68,2,1,0,143718.65,0
10927,697,Germany,Female,56,5,42662.14,3,0,0,132457.29,0
10928,797,Spain,Female,45,3,29027.53,3,1,0,96214.25,0
10929,600,Spain,Female,45,10,45956.39,1,0,1,114728.81,0
10930,616,France,Male,32,3,22231.8,1,0,0,25488.49,0
10931,414,France,Male,41,1,57188.67,1,0,1,48578.48,0
10932,601,Spain,Female,30,9,144687.12,3,1,1,12229.14,0
10933,637,Germany,Male,33,9,117041.01,1,0,1,91377.51,0
10934,488,France,Male,38,9,153227.4,3,1,1,10671.29,1
10935,556,France,Female,61,8,156770.79,3,1,1,24766.1,0
10936,471,Spain,Male,58,5,20277.96,3,0,0,149451.35,0
10937,537,Germany,Female,45,0,99121.13,3,0,1,22566.25,0
10938,551,France,Male,37,4,157479.47,2,1,0,147861.77,0
10939,708,Germany,Female,21,7,203140.77,1,0,0,85533.18,0
10940,482,Germany,Male,34,3,9473.08,3,1,1,78305.51,0
10941,837,France,Male,53,3,10038.08,4,1,1,27924.93,0
10942,731,Spain,Male,67,10,98397.96,2,1,1,65185.9,0
10943,609,Spain,Female,74,5,52353.0,1,1,1,58987.44,0
10944,560,France,Female,64,2,14616.02,3,0,0,107418.98,0
10945,442,France,Female,22,5,93354.62,3,1,1,147498.15,0
10946,563,France,Male,56,9,26390.29,3,1,1,55361.85,0
10947,689,Spain,Female,74,8,58434.98,3,0,1,13590.8,0
10948,821,Germany,Male,24,5,70164.53,1,0,0,145091.76,0
10949,575,Germany,Male,23,5,78655.98,1,1,1,77751.28,1
10950,563,Germany,Female,70,8,107972.66,2,1,1,67495.68,0
10951,775,France,Female,35,6,125323.78,2,1,1,116304.99,0
10952,618,Spain,Male,73,9,81901.03,3,1,1,99815.35,0
10953,727,France,Male,73,2,57901.49,3,1,0,85479.67,0
10954,715,Germany,Female,45,6,33272.71,4,0,1,29671.97,0
10955,528,France,Male,73,0,22938.62,3,0,0,121812.08,0
10956,384,France,Male,47,6,46300.22,1,0,1,44255.07,0
10957,761,Spain,Female,28,7,128508.85,3,1,1,95053.86,0
10958,507,Germany,Male,52,1,108693.71,1,0,1,36405.25,1
10959,616,France,Female,59,10,188898.21,3,1,1,42469.22,0
10960,475,France,Female,51,7,62643.11,3,1,0,97524.85,0
10961,703,Germany,Male,52,0,30838.72,1,1,1,114326.18,0
10962,753,France,Female,37,10,118709.18,2,1,0,146054.79,0
10963,380,France,Male,40,10,130750.74,1,0,1,105623.9,0
10964,821,France,Female,21,0,4402.68,3,0,1,99174.05,0
10965,488,Germany,Male,62,4,21113.21,4,1,1,93998.05,1
10966,836,France,Female,70,7,80029.96,3,1,0,50495.94,0
10967,777,Germany,Female,54,7,112047.87,1,1,1,138090.87,0
10968,736,France,Female,38,5,7115.35,2,1,1,91413.53,0
10969,360,Germany,Female,30,2,51818.13,2,0,1,17544.07,0
10970,416,France,Female,69,10,26785.2,3,1,0,76721.79,0
10971,693,Spain,Male,45,7,3525.42,4,0,1,57662.49,0
10972,772,Spain,Male,68,2,4188.57,4,0,1,31985.13,0
10973,812,France,Female,58,4,79213.31,1,0,1,106724.16,0
10974,472,France,Female,30,0,49849.8,2,1,0,123066.91,0
10975,771,Spain,Female,53,8,32738.87,4,1,0,135620.28,0
10976,350,France,Female,27,0,78267.6,4,1,0,132270.29,0
10977,426,Spain,Male,48,3,171249.85,3,1,1,148063.15,0
10978,804,France,Male,31,2,17041.98,2,1,0,36772.42,0
10979,413,Germany,Female,60,3,63256.97,2,0,0,89850.67,0
10980,732,France,Female,51,5,5904.35,1,1,1,67058.74,0
10981,537,Germany,Male,25,6,92754.91,1,1,0,111726.33,0
10982,660,Spain,Male,41,1,15403.97,2,0,1,106603.98,0
10983,380,France,Male,20,1,76385.78,3,1,0,20424.02,0
10984,498,Spain,Female,72,0,60209.05,1,0,1,48530.36,1
10985,657,Germany,Female,19,10,123569.33,4,0,1,40700.22,0
10986,529,France,Female,44,1,8172.33,1,1,1,20035.95,0
10987,679,France,Male,53,6,33768.11,1,0,0,48081.31,0
10988,359,France,Female,32,9,57441.06,1,1,1,77245.61,0
10989,690,France,Male,42,10,190865.95,1,1,1,53506.2,0
10990,679,Germany,Female,35,4,13533.45,4,1,0,31044.11,1
10991,762,France,Female,65,1,87529.94,2,1,0,122261.06,0
10992,435,Germany,Female,58,7,33317.79,1,1,1,19117.1,0
10993,509,Spain,Male,73,7,88653.87,4,1,1,44153.47,0
10994,423,Spain,Female,65,6,108231.69,3,1,1,105714.24,1
10995,357,Spain,Male,24,2,78854.77,2,1,0,66728.05,0
10996,769,Spain,Female,67,9,85805.61,3,0,0,100361.88,0
10997,439,France,Female,39,0,86749.82,2,0,1,20985.54,0
10998,578,Spain,Female,38,5,37080.17,1,1,1,141162.02,0
10999,760,France,Male,41,4,58329.07,4,1,1,65017.99,0
11000,640,Spain,Male,48,5,24214.64,3,1,1,125713.51,0
11001,424,Spain,Male,49,5,50340.36,3,0,0,68420.47,0
11002,563,Germany,Male,19,5,26627.37,4,1,0,126328.29,0
11003,403,Germany,Female,69,6,56049.16,4,0,1,14374.49,0
11004,494,France,Female,41,3,112796.98,2,0,0,48793.87,0
11005,693,Germany,Female,52,5,92490.22,3,0,0,148934.08,0
11006,590,France,Female,32,7,97543.79,3,1,0,20229.64,0
11007,654,France,Female,35,2,133770.55,3,0,1,129412.16,1
11008,357,France,Female,54,8,65992.56,3,1,0,62934.31,1
11009,808,Spain,Male,55,7,95179.66,2,0,1,77517.7,0
11010,418,Spain,Male,45,7,69136.87,2,0,0,49927.74,0
11011,755,France,Female,36,2,64886.69,3,0,0,58790.74,0
11012,610,France,Male,19,10,4341.13,3,0,1,147753.32,0
11013,788,France,Female,49,3,101951.55,4,1,0,75405.7,0
11014,611,France,Male,21,8,136210.83,2,1,0,29631.21,0
11015,801,France,Male,23,8,129308.31,1,1,0,116508.41,0
11016,630,Germany,Female,32,10,65508.93,2,0,0,39797.88,0
11017,356,France,Female,50,7,106983.08,2,0,1,84845.94,0
11018,579,France,Female,19,10,123209.42,2,0,0,119822.49,0
11019,824,France,Male,45,7,174792.51,1,1,0,73777.4,0
11020,776,Germany,Male,47,5,140638.16,2,1,0,23297.78,0
11021,481,France,Female,54,10,78500.66,4,0,1,112279.29,0
11022,351,France,Male,70,6,75775.29,3,1,1,139654.42,0
11023,396,France,Male,50,9,79912.82,2,1,1,104747.64,0
11024,681,Spain,Male,32,0,83349.57,1,0,1,140584.03,1
11025,801,France,Male,50,2,41898.3,2,0,0,75377.71,0
11026,474,Germany,Female,69,4,114522.27,1,0,0,38510.33,0
11027,498,France,Male,60,10,30688.21,3,0,1,56668.09,0
11028,690,Spain,Male,35,5,24413.8,2,1,0,121490.64,0
11029,422,France,Female,25,5,90613.3,4,1,1,140986.97,0
11030,663,Germany,Female,45,2,37438.17,3,0,0,47503.32,0
11031,633,Spain,Male,60,6,56286.01,1,1,1,125185.85,0
11032,559,Germany,Male,51,10,48625.85,4,1,1,116416.76,0
11033,763,France,Female,53,3,115753.61,1,1,1,41558.31,0
11034,382,France,Female,31,9,69893.85,2,0,1,125312.53,0
11035,512,Spain,Male,57,4,62945.38,4,0,0,68958.72,0
11036,629,France,Female,53,6,96739.88,2,1,0,30274.63,0
11037,778,France,Male,40,6,82263.01,2,0,1,88671.09,0
11038,459,Spain,Male,58,9,30164.39,3,1,0,45455.58,1
11039,834,France,Male,22,0,185015.83,2,1,0,85418.68,0
11040,455,France,Female,26,0,44403.99,3,0,0,143643.53,0
11041,617,France,Female,70,7,125980.27,4,1,1,37937.01,1
11042,713,France,Female,45,4,174993.87,1,0,1,87292.02,0
11043,465,France,Male,65,3,34667.77,1,0,0,81829.07,0
11044,760,Germany,Male,52,9,75558.72,4,1,0,33727.43,0
11045,499,France,Female,73,7,23335.35,1,0,1,95284.02,0
11046,382,France,Female,57,0,130304.58,4,0,0,44779.36,0
11047,434,Spain,Male,44,8,51011.7,4,0,1,136967.59,0
11048,673,Spain,Male,72,6,7189.39,2,0,0,129859.3,0
11049,570,Germany,Female,68,6,145553.75,4,0,1,84158.72,0
11050,664,France,Male,69,1,122714.33,2,0,1,44308.84,0
11051,548,Germany,Female,67,0,19289.67,3,0,1,30066.06,1
11052,464,Germany,Male,37,4,137906.9,3,1,1,42102.01,1
11053,495,France,Male,49,6,81342.43,2,0,0,83764.97,0
11054,383,Spain,Female,72,7,225604.84,2,1,1,91938.78,0
11055,552,France,Female,69,3,168353.32,4,1,0,29077.11,0
11056,370,Germany,Female,46,1,38368.19,3,1,0,114795.45,0
11057,481,France,Male,64,7,54709.55,1,0,0,78092.92,0
11058,556,Germany,Male,56,9,19911.13,2,0,1,146445.41,0
11059,779,Spain,Male,23,7,77750.46,2,0,1,65389.3,0
11060,614,Germany,Female,53,2,72820.77,2,0,0,74743.71,0
11061,807,France,Male,25,5,112250.49,1,0,0,120764.41,0
11062,849,Spain,Male,69,10,75051.52,3,1,0,67536.59,1
11063,567,Germany,Female,41,8,14134.33,2,1,1,119497.81,0
11064,413,France,Female,27,3,23630.24,2,1,1,85474.98,0
11065,408,France,Female,48,1,151054.05,1,1,1,26457.19,0
11066,722,Spain,Female,23,4,136205.77,1,0,1,136616.48,0
11067,496,France,Male,55,8,60812.95,2,0,0,135899.05,0
11068,510,Germany,Male,65,3,62277.93,3,0,1,27710.77,1
11069,692,Germany,Male,50,10,60407.24,2,1,1,56253.25,0
11070,374,Germany,Female,36,6,71342.55,2,1,1,89382.64,0
11071,839,Spain,Female,67,9,26061.15,4,0,0,24756.33,0
11072,792,France,Female,20,2,121290.23,1,1,1,66506.57,0
11073,728,France,Male,63,8,32359.99,2,0,0,19257.78,0
11074,808,France,Male,59,2,78447.47,3,1,1,84415.45,1
11075,382,Spain,Male,23,4,74712.39,3,1,1,77579.44,1
11076,771,France,Male,74,2,83435.55,4,1,1,139971.0,1
11077,524,Germany,Male,37,10,146660.37,1,0,0,122632.6,0
11078,683,France,Male,72,6,57993.23,2,0,0,47772.87,0
11079,383,Spain,Male,68,6,157027.54,2,0,0,105336.26,1
11080,447,Spain,Female,27,1,97077.35,3,0,1,144034.84,1
11081,630,France,Male,61,2,28029.46,1,0,1,27962.22,0
11082,441,Spain,Female,50,4,20801.33,4,0,1,84479.71,0
11083,547,Germany,Female,18,5,136619.12,4,0,1,30212.36,0
11084,790,France,Female,39,1,84959.36,4,1,1,45495.42,0
11085,573,France,Male,53,9,103984.59,1,1,1,79162.97,0
11086,640,France,Female,24,5,54455.97,3,1,1,11336.75,0
11087,492,Germany,Male,25,7,24348.88,3,1,1,77365.57,0
11088,385,France,Male,46,0,119877.79,2,1,0,51465.51,0
11089,394,France,Female,46,9,15307.61,4,1,1,18814.14,1
11090,570,France,Female,70,1,121644.12,2,0,1,84415.79,1
11091,741,Germany,Male,74,0,25739.5,4,1,1,38075.74,0
11092,665,Spain,Male,66,6,16981.15,4,1,0,38072.16,0
11093,522,Spain,Male,22,10,13206.91,3,0,0,141778.89,0
11094,394,France,Female,50,10,145074.07,2,0,1,71092.71,0
11095,385,Germany,Male,64,10,30351.04,1,1,0,86541.25,0
11096,434,France,Male,47,4,4697.1,4,1,1,24354.99,0
11097,451,France,Male,45,5,107858.52,4,1,1,143232.15,0
11098,568,Spain,Female,20,4,83133.21,4,1,0,92137.41,0
11099,374,France,Female,73,10,195692.6,3,1,1,51250.87,1
11100,795,Spain,Female,46,10,175571.85,2,1,1,102819.63,0
11101,787,Germany,Male,66,2,105399.88,3,1,1,100167.74,1
11102,370,France,Male,46,5,109566.49,1,0,1,77978.95,0
11103,436,Spain,Male,21,4,34674.28,4,0,1,69693.56,0
11104,461,France,Female,29,8,19433.45,2,0,0,23231.8,0
11105,819,Spain,Male,54,1,51164.08,1,1,1,116410.87,0
11106,672,France,Male,32,4,59806.8,2,0,0,15429.03,0
11107,835,France,Male,67,7,8901.14,3,0,1,18953.44,0
11108,549,Spain,Female,39,10,16574.27,3,1,0,97473.69,0
11109,411,France,Female,33,10,21397.34,4,0,0,132289.5,0
11110,730,France,Male,37,8,130948.84,1,1,0,135906.19,0
11111,744,Germany,Male,58,10,94413.6,3,1,0,40888.49,0
11112,680,France,Male,31,1,50943.08,1,1,0,124098.81,0
11113,457,Germany,Male,32,0,54171.2,1,1,0,35569.46,0
11114,718,Germany,Male,71,4,86703.04,4,0,1,36865.41,0
11115,706,Spain,Male,29,8,29953.23,4,1,1,74696.49,0
11116,599,France,Male,40,1,54868.06,2,1,1,90481.52,0
11117,833,Germany,Female,36,6,28809.33,1,0,0,84335.91,0
11118,543,Spain,Female,37,9,108419.18,4,0,1,138072.32,0
11119,581,France,Male,34,2,125140.69,2,0,0,79667.46,0
11120,539,Spain,Male,24,4,90770.66,1,1,1,60667.13,0
11121,457,France,Female,72,9,97386.44,4,1,0,74793.33,1
11122,640,Spain,Female,73,8,90940.48,3,0,0,35904.65,0
11123,679,Germany,Female,31,5,187132.15,4,1,0,110951.55,0
11124,679,Spain,Female,70,0,81661.56,4,0,1,34746.64,0
11125,654,Spain,Male,42,0,5950.61,2,1,1,77561.89,0
11126,602,Spain,Male,63,5,9788.38,3,1,0,22859.28,0
11127,471,France,Male,45,4,110817.01,2,1,1,110999.48,0
11128,372,Germany,Female,36,0,131189.87,3,1,1,60813.47,0
11129,619,France,Female,57,7,114202.37,4,0,1,119966.12,1
11130,838,France,Female,41,10,118176.03,3,0,0,33468.37,0
11131,604,France,Male,73,9,80659.83,3,0,1,78320.2,0
11132,467,Germany,Male,70,3,15545.97,2,0,1,132307.38,0
11133,555,Germany,Male,52,2,29204.74,1,1,0,112152.36,1
11134,801,Spain,Male,53,3,34046.15,2,0,1,38942.31,0
11135,536,France,Male,67,6,47662.09,2,0,0,23702.94,0
11136,546,France,Male,68,8,8429.0,1,0,1,93553.95,1
11137,811,France,Female,25,0,75419.55,3,1,1,147112.44,0
11138,505,Spain,Male,24,6,60084.34,1,1,1,66695.66,0
11139,680,Germany,Female,55,10,42146.41,3,1,0,108389.23,0
11140,716,Germany,Male,70,5,111944.72,1,0,1,105429.82,0
11141,555,Spain,Female,27,0,113553.8,2,1,1,146878.62,0
11142,521,Germany,Female,65,1,10159.73,4,1,0,66972.08,0
11143,631,France,Female,67,10,78089.76,1,1,1,22573.92,0
11144,638,France,Male,50,6,111015.81,4,0,0,23829.03,0
11145,663,France,Male,51,6,53022.95,4,1,1,137353.98,0
11146,568,Spain,Female,55,6,118980.67,1,0,0,40062.61,0
11147,784,Germany,Female,25,8,80561.52,2,0,0,91766.64,0
11148,534,France,Male,32,4,131453.33,2,1,1,99215.73,0
11149,575,France,Female,66,7,80346.22,1,1,0,136093.47,0
11150,593,France,Female,51,4,60122.08,3,1,1,69500.04,0
11151,757,Germany,Female,47,5,99043.86,2,1,1,45125.0,1
11152,407,Germany,Male,57,3,114714.06,1,1,1,137008.42,0
11153,429,Spain,Female,45,4,83933.03,1,0,1,95901.69,0
11154,845,France,Female,71,0,43652.78,2,0,0,148886.32,1
11155,714,France,Female,22,2,23982.38,1,1,0,118974.26,0
11156,697,Germany,Male,56,0,47951.43,3,0,1,102945.04,0
11157,701,Spain,Female,69,3,36400.4,2,1,1,76258.42,0
11158,708,Germany,Female,47,2,81235.6,2,0,1,10167.79,0
11159,356,France,Male,47,1,79172.17,1,1,1,125075.58,0
11160,665,Spain,Female,69,10,64447.02,3,1,0,60008.8,0
11161,671,France,Male,67,2,69200.38,3,1,1,18020.34,0
11162,652,Spain,Male,39,7,79232.48,4,0,1,113493.33,0
11163,386,France,Male,22,7,159662.36,1,0,1,147981.05,0
11164,772,France,Female,72,1,138751.59,3,1,1,113042.81,1
11165,804,Spain,Female,56,6,35962.97,2,0,0,34377.55,0
11166,454,France,Male,71,6,93588.75,1,1,0,58140.6,0
11167,627,Spain,Female,39,6,50237.24,4,1,0,57807.82,0
11168,572,Germany,Male,53,7,63580.98,2,0,1,52570.96,0
11169,425,Germany,Female,48,5,55096.81,2,0,1,105598.35,0
11170,433,France,Female,38,9,33074.16,2,0,1,111110.17,0
11171,716,Spain,Male,53,10,9475.53,4,1,1,49016.66,0
11172,843,France,Female,44,7,73117.95,3,0,1,64712.25,0
11173,486,Spain,Male,65,9,80697.02,1,1,1,54958.6,0
11174,399,Spain,Male,30,4,137437.99,4,1,0,46125.33,0
11175,384,France,Male,70,2,16717.24,4,1,1,101885.72,1
11176,616,France,Male,53,9,98306.76,1,0,1,122173.12,0
11177,630,Spain,Male,27,6,46711.32,1,1,0,110151.0,0
11178,426,France,Male,21,10,85175.76,4,0,1,144685.05,0
11179,749,France,Male,66,10,22371.07,4,0,1,141807.82,0
11180,369,France,Female,56,4,55600.63,2,1,0,144833.82,0
11181,707,France,Male,24,2,62577.08,4,1,0,119579.69,0
11182,742,France,Female,67,2,68598.7,3,0,1,61700.8,0
11183,751,Germany,Female,18,7,81406.67,3,1,0,114445.85,0
11184,566,Spain,Male,36,0,60960.49,3,1,0,145445.13,0
11185,705,Spain,Female,35,7,74666.89,1,0,1,48482.67,0
11186,786,France,Female,50,3,106462.31,2,0,0,59236.66,0
11187,542,France,Male,34,7,66906.38,4,1,0,13305.81,0
11188,801,France,Male,66,3,80658.88,2,0,1,136968.12,0
11189,458,Spain,Male,61,6,89714.89,4,0,1,121471.74,0
11190,402,France,Male,37,10,44677.45,2,1,1,27129.06,0
11191,519,Germany,Male,49,8,6477.84,3,0,1,72258.15,0
11192,351,Spain,Female,23,1,42964.79,4,1,1,50678.01,0
11193,766,France,Female,40,4,43980.8,4,0,1,58679.85,0
11194,712,France,Male,26,5,197348.37,4,1,0,71323.2,0
11195,361,Germany,Female,63,10,175544.15,2,1,1,141894.58,1
11196,497,France,Male,30,5,40397.87,1,0,1,53722.77,1
11197,388,Spain,Male,71,6,44668.35,4,1,1,90732.45,1
11198,558,France,Male,60,3,87323.31,1,1,1,114245.57,1
11199,809,France,Female,54,3,101374.2,1,0,0,109068.11,0
11200,685,France,Female,42,4,28436.28,2,1,1,15222.97,0
11201,355,Germany,Male,55,7,10493.66,3,1,0,58519.78,0
11202,645,France,Male,41,8,180757.01,1,1,0,125889.46,0
11203,627,Spain,Male,67,7,129831.89,2,1,0,34460.72,0
11204,512,Spain,Male,64,2,21685.12,1,0,0,73071.13,0
11205,797,Spain,Female,34,10,34018.65,1,0,0,120332.5,0
11206,718,France,Female,71,7,20490.05,2,0,1,38788.94,0
11207,610,France,Female,74,6,81234.71,2,0,0,78452.29,1
11208,410,France,Female,27,9,100247.24,2,0,0,143233.54,0
11209,722,Spain,Female,28,5,48621.98,4,1,1,23575.66,0
11210,450,Spain,Male,18,9,25500.26,4,1,0,50024.35,0
11211,365,France,Male,20,3,81133.63,1,0,1,13621.25,0
11212,680,Germany,Male,23,10,103377.86,2,1,0,18119.62,0
11213,719,Spain,Male,64,4,68279.37,2,1,0,122652.76,0
11214,420,Spain,Female,62,7,39507.51,1,1,0,84282.06,0
11215,658,Germany,Male,27,3,101775.59,2,0,0,96195.99,0
11216,516,Spain,Male,61,6,65003.12,4,1,1,46612.49,0
11217,666,Spain,Female,37,6,3036.06,1,1,1,108726.81,0
11218,519,France,Male,39,1,73759.81,2,0,1,30282.84,0
11219,487,France,Female,47,9,7139.42,1,0,0,38065.24,1
11220,816,Germany,Female,53,8,124382.24,2,1,1,18659.3,0
11221,654,France,Female,24,6,95557.38,2,0,1,142459.96,0
11222,550,France,Female,69,7,10194.63,2,1,0,56023.17,0
11223,731,Spain,Male,42,2,80583.61,2,1,1,50565.39,0
11224,727,Germany,Male,43,7,141147.99,3,1,1,69116.23,0
11225,772,Germany,Female,38,0,56817.05,2,1,1,42574.73,0
11226,646,Spain,Female,64,2,60062.94,4,1,1,137525.98,0
11227,388,France,Male,22,9,164274.17,2,1,0,49277.58,1
11228,661,Spain,Male,19,10,22363.83,2,1,0,16367.68,0
11229,792,Spain,Female,52,3,58432.48,1,0,1,127791.18,0
11230,373,France,Male,67,8,14995.92,3,0,0,111750.33,0
11231,706,France,Female,43,7,64248.05,3,0,0,35590.65,0
11232,396,France,Male,29,8,72106.19,4,1,1,62591.06,0
11233,622,Spain,Female,27,10,26653.59,4,1,0,32275.67,0
11234,557,France,Male,43,3,36763.9,1,1,1,135958.96,0
11235,718,France,Female,62,10,76266.55,2,1,0,137805.1,0
11236,432,Spain,Female,72,5,90321.18,4,1,0,17508.11,0
11237,723,Germany,Male,41,6,93064.83,2,0,1,40464.99,0
11238,460,Germany,Female,39,5,135411.97,2,0,1,67550.96,0
11239,625,Germany,Male,19,10,109052.17,3,1,0,96739.27,0
11240,383,France,Female,66,10,111411.55,3,1,0,126226.85,1
11241,779,France,Female,68,4,10824.26,2,0,0,135731.8,0
11242,441,France,Male,27,1,59023.86,4,1,1,140587.71,0
11243,786,France,Female,41,10,254801.55,1,1,1,90484.59,1
11244,485,Germany,Female,27,1,201114.26,2,1,1,113899.71,1
11245,754,Germany,Male,23,7,116802.81,3,0,0,135134.38,1
11246,531,Germany,Male,63,4,111589.78,4,0,0,113802.78,1
11247,460,Germany,Male,34,0,126204.67,2,0,1,74977.21,0
11248,471,France,Male,68,10,44505.41,1,1,1,125877.07,0
11249,543,France,Female,32,8,183244.19,1,0,0,97935.28,0
11250,454,Spain,Female,27,3,46140.74,4,0,1,50094.06,0
11251,810,France,Female,20,1,63384.97,2,1,0,14154.75,0
11252,618,Germany,Male,39,6,196122.63,2,0,0,116923.5,0
11253,633,France,Female,36,10,54121.49,4,0,1,12834.36,0
11254,404,Spain,Female,34,2,89494.93,3,0,1,120518.24,0
11255,434,France,Male,27,0,33132.99,1,1,0,119222.74,0
11256,837,France,Female,23,1,29772.67,1,1,0,36918.29,1
11257,753,Germany,Female,30,8,62807.58,4,1,1,129851.41,0
11258,560,Germany,Female,54,10,47468.88,3,0,0,87995.25,1
11259,437,Spain,Female,56,1,78432.82,3,1,1,143392.41,0
11260,368,Germany,Female,23,0,22981.83,4,1,1,140654.55,0
11261,831,France,Female,27,5,62109.86,4,0,1,13268.73,0
11262,516,France,Female,52,5,1757.58,3,0,1,42939.9,0
11263,680,Germany,Female,19,4,45354.23,3,0,0,124012.02,0
11264,502,Spain,Female,41,2,13629.72,4,1,0,83815.33,0
11265,824,France,Female,28,9,106909.9,3,1,1,30421.57,0
11266,524,Spain,Female,71,9,8201.87,1,1,1,81623.82,0
11267,506,France,Female,34,3,109142.51,4,0,1,58713.2,0
11268,520,France,Male,39,2,43761.68,1,0,0,63957.42,0
11269,791,Germany,Male,27,7,50283.99,1,1,1,25439.21,0
11270,542,Germany,Male,43,4,137938.25,4,1,1,94975.28,1
11271,503,Spain,Male,52,10,74605.11,1,1,1,126019.08,0
11272,816,Germany,Male,57,9,43808.05,1,0,1,64003.46,0
11273,388,France,Female,68,0,97749.56,3,1,1,54257.48,1
11274,671,Germany,Male,27,3,103390.19,3,1,1,136622.4,0
11275,727,France,Female,65,7,84000.71,2,1,1,98335.58,0
11276,526,France,Female,57,0,44487.4,2,1,1,146587.23,1
11277,815,France,Female,44,0,14631.67,3,0,1,128049.52,0
11278,379,France,Male,67,2,72873.97,3,0,1,39639.17,0
11279,811,France,Male,62,8,49952.16,2,0,1,108057.4,0
11280,829,France,Female,49,10,187042.43,2,1,1,31878.52,0
11281,416,France,Male,63,9,42225.93,4,0,1,33025.59,0
11282,654,France,Male,54,2,183339.73,4,1,0,99286.69,1
11283,627,France,Female,54,1,150211.08,3,0,0,14148.85,1
11284,524,Spain,Male,26,1,31972.42,1,1,1,42257.45,0
11285,683,Spain,Female,63,9,19780.83,3,0,0,145688.71,0
11286,626,France,Male,20,7,146568.71,4,1,1,51305.84,0
11287,507,Germany,Male,39,4,60124.68,1,1,0,110459.04,0
11288,848,Spain,Female,31,5,77693.08,3,1,1,109157.81,1
11289,715,France,Female,60,3,53084.53,2,0,0,85710.53,1
11290,571,Germany,Male,52,7,3673.3,4,1,1,127659.8,0
11291,538,France,Male,47,10,46065.52,2,1,1,38364.21,0
11292,573,Germany,Male,42,7,11169.36,2,0,0,29475.17,0
11293,782,Spain,Female,60,4,22806.77,4,1,1,121078.85,1
11294,517,France,Male,36,3,50759.21,1,1,1,58247.89,0
11295,631,Spain,Male,60,2,174345.4,1,1,1,38078.73,0
11296,453,Germany,Female,73,8,164393.23,1,1,1,82434.58,1
11297,564,Spain,Male,21,3,64523.65,3,1,1,106423.29,0
11298,580,Germany,Female,56,5,76281.22,1,1,0,83543.85,0
11299,600,Spain,Female,65,9,98732.53,3,1,1,123254.65,0
11300,682,France,Male,43,10,149178.38,2,0,0,58635.73,1
11301,557,Germany,Male,20,10,87171.8,3,1,1,122183.08,0
11302,562,France,Female,27,0,39770.39,1,0,1,138611.76,0
11303,592,Germany,Male,42,5,44893.87,4,1,0,91614.46,0
11304,561,Germany,Female,43,4,135749.08,2,1,0,104308.9,0
11305,699,France,Male,51,5,223393.94,2,0,0,89920.38,0
11306,646,France,Female,36,5,30898.81,3,0,1,51909.27,0
11307,514,Spain,Male,64,6,54074.79,1,1,1,44762.66,0
11308,738,Spain,Male,18,6,116547.98,3,0,1,111021.44,0
11309,361,Germany,Male,21,9,63650.49,1,1,1,30458.5,0
11310,399,France,Female,26,7,76508.49,2,0,1,66736.19,0
11311,690,Germany,Male,56,0,142024.58,3,0,1,62157.05,1
11312,491,France,Female,27,3,72271.33,3,1,1,134732.28,0
11313,574,Germany,Female,37,8,10927.15,3,1,0,85096.01,0
11314,435,Germany,Male,59,8,48935.89,1,1,0,47277.28,0
11315,781,Germany,Male,20,10,65404.67,2,0,1,71224.82,0
11316,823,France,Male,65,6,897.89,4,0,0,18447.27,0
11317,361,France,Female,36,4,85557.5,4,0,1,48960.13,0
11318,643,Germany,Male,26,10,7856.26,2,0,1,105574.44,0
11319,733,France,Female,54,4,47198.3,2,0,1,44352.61,0
11320,470,Germany,Male,44,1,19613.1,1,0,0,51968.53,1
11321,500,France,Female,22,10,46579.33,1,1,1,137810.01,0
11322,369,France,Male,52,4,41589.51,3,0,1,47970.9,1
11323,757,Germany,Male,66,4,103825.18,3,1,0,90538.24,0
11324,798,Germany,Male,30,8,148555.72,3,0,1,148808.73,0
11325,511,Spain,Female,20,4,57298.02,3,0,0,22495.29,0
11326,573,Spain,Female,47,9,16736.49,3,0,0,67273.63,0
11327,411,France,Male,31,9,185246.03,4,1,0,122141.38,1
11328,840,Spain,Female,59,2,90008.06,3,0,0,117300.2,0
11329,673,France,Male,36,5,104874.32,3,1,0,96994.65,0
11330,715,Germany,Male,35,0,104719.93,4,0,0,109541.36,1
11331,455,France,Female,21,7,155332.1,1,0,0,30191.31,0
11332,757,France,Female,25,4,128724.34,4,1,0,18493.26,0
11333,749,France,Female,70,3,108898.04,2,1,0,27405.93,0
11334,754,Germany,Male,57,0,114244.15,3,1,0,135908.14,1
11335,626,Germany,Male,73,7,17003.78,1,1,1,34975.09,0
11336,600,Germany,Male,20,0,31974.06,4,1,0,106754.07,1
11337,775,Germany,Male,69,4,62020.43,1,0,1,20904.51,0
11338,582,France,Female,54,5,73985.37,3,1,1,134412.62,0
11339,687,Germany,Female,29,8,69526.19,4,1,1,117820.28,0
11340,701,France,Male,52,3,86905.28,3,1,1,128167.27,0
11341,576,Germany,Male,65,5,70015.6,4,0,0,146927.62,0
11342,825,France,Male,43,8,42843.43,2,0,1,100870.37,0
11343,651,Germany,Male,37,10,28728.68,4,1,1,133785.15,0
11344,522,France,Female,72,9,118478.41,1,0,0,149574.45,1
11345,377,France,Male,34,6,103618.71,1,0,1,22855.62,0
11346,499,France,Male,63,1,15855.26,3,1,1,16547.2,1
11347,400,France,Male,57,9,98237.82,2,1,1,114035.96,0
11348,569,France,Female,20,8,92080.86,2,1,1,91933.88,0
11349,475,Germany,Male,22,4,72808.14,4,1,0,44261.44,0
11350,575,Spain,Female,21,7,41627.93,1,1,1,104754.55,0
11351,607,France,Female,18,7,3732.01,4,0,1,102308.49,0
11352,507,France,Male,42,1,32489.89,2,1,0,57796.07,0
11353,798,Germany,Female,71,2,165110.6,1,0,0,17184.4,1
11354,810,France,Male,58,9,17057.85,2,0,1,148058.42,0
11355,354,Spain,Male,38,6,47699.23,2,1,1,85919.66,0
11356,830,France,Female,56,0,1957.44,4,1,1,23510.61,0
11357,481,France,Female,63,7,38981.29,3,1,0,121715.58,0
11358,808,France,Male,21,4,88965.27,3,0,1,132744.2,0
11359,395,France,Female,42,2,55726.61,1,0,0,62282.58,0
11360,549,France,Female,63,1,101430.09,1,1,0,121292.23,1
11361,759,France,Female,23,5,108106.9,1,0,1,19477.17,0
11362,652,Germany,Male,48,3,70543.95,2,1,0,108102.89,1
11363,792,Spain,Male,45,10,32220.16,1,1,1,146603.98,0
11364,514,France,Female,45,3,126485.33,4,0,0,114825.17,0
11365,626,Spain,Female,27,2,126597.21,3,1,1,47611.43,0
11366,490,France,Female,52,0,57123.62,3,1,0,65246.2,0
11367,459,Germany,Male,22,5,58395.9,3,0,0,103882.23,0
11368,644,France,Female,60,2,134831.64,4,0,0,71178.16,1
11369,763,France,Female,19,9,28371.89,3,1,1,149151.68,1
11370,711,Spain,Female,43,7,49651.62,3,1,1,119649.84,0
11371,515,Germany,Male,40,4,125579.02,3,0,1,70590.39,1
11372,834,France,Female,65,10,52380.17,1,0,1,108441.56,0
11373,658,France,Male,32,0,3283.03,3,1,0,19775.92,1
11374,561,Spain,Male,18,2,27302.59,4,0,1,56671.31,0
11375,747,Spain,Female,37,5,11009.63,3,0,0,15471.32,0
11376,737,Germany,Male,66,1,101634.84,1,1,1,57721.62,0
11377,519,Spain,Female,72,5,34897.95,4,1,0,34747.76,0
11378,646,Spain,Male,24,0,128474.06,3,1,0,78069.72,0
11379,457,Germany,Female,65,10,30187.28,3,0,1,56224.74,1
11380,784,Germany,Male,66,8,71131.13,1,0,1,18286.0,0
11381,384,France,Female,58,7,19485.91,3,1,0,32346.59,0
11382,722,France,Male,69,10,49482.79,1,1,1,67426.39,0
11383,809,Germany,Male,31,8,129705.62,4,0,0,94179.71,1
11384,719,Spain,Male,23,3,135706.35,2,1,0,47162.35,0
11385,368,France,Female,60,4,146644.07,1,0,0,66153.24,0
11386,690,France,Female,59,6,63088.75,1,0,0,142427.84,0
11387,759,France,Female,57,9,74854.87,1,0,1,67331.12,1
11388,674,Germany,Male,25,3,82353.97,4,1,0,77539.26,0
11389,818,France,Male,48,9,105345.74,3,1,1,79611.13,0
11390,422,Spain,Male,51,10,44481.8,1,1,1,139580.35,0
11391,558,France,Female,31,1,134390.34,2,0,0,33403.47,1
11392,736,Germany,Male,43,3,87943.19,1,1,0,75384.85,0
11393,417,Germany,Female,29,7,137020.51,4,1,0,123420.42,0
11394,598,France,Male,55,4,97066.19,2,1,0,84335.68,0
11395,693,France,Male,41,9,109076.9,2,1,1,56775.08,0
11396,676,France,Male,73,5,24631.28,4,0,0,62756.28,0
11397,448,Germany,Male,33,7,43461.24,3,1,1,37422.42,0
11398,368,France,Male,49,2,9052.91,2,1,0,103826.26,1
11399,568,France,Male,68,10,50679.98,3,0,0,128190.58,0
11400,646,France,Male,19,5,57855.64,2,1,0,111903.79,0
11401,515,France,Male,44,2,118554.54,1,0,1,16958.51,0
11402,463,Spain,Female,37,9,7102.4,1,0,1,119973.59,0
11403,713,Spain,Male,56,6,262442.05,1,0,0,114611.7,0
11404,722,Spain,Female,21,4,61100.95,2,1,1,62985.96,0
11405,723,Spain,Male,69,5,143891.92,2,0,0,49808.91,0
11406,439,Germany,Male,24,3,130781.92,4,0,1,144560.25,1
11407,659,France,Female,53,3,82779.53,1,1,1,29437.25,0
11408,711,Spain,Male,50,2,52676.49,2,0,1,120624.07,0
11409,604,Germany,Female,27,8,156806.92,1,0,1,47791.93,0
11410,452,Germany,Male,40,3,77054.57,1,1,0,86077.7,0
11411,720,Germany,Female,36,4,114533.94,2,1,1,108343.44,1
11412,659,Spain,Female,59,8,13463.95,2,1,1,138125.8,1
11413,440,France,Male,70,7,40413.8,1,0,0,118225.14,0
11414,629,Germany,Male,50,2,81838.6,3,1,1,21252.34,0
11415,451,Germany,Male,20,8,43561.74,3,0,1,131311.86,0
11416,820,France,Female,33,10,80123.14,1,1,0,146101.34,0
11417,436,France,Female,30,7,29609.44,3,0,0,15146.61,0
11418,552,France,Female,38,8,23414.06,1,1,0,51469.72,0
11419,445,France,Male,53,1,110460.37,2,1,0,133614.43,1
11420,811,France,Female,60,4,278817.55,1,1,0,84404.17,1
11421,576,France,Female,66,0,88944.25,3,1,0,11247.86,0
11422,499,Spain,Female,74,1,101555.99,4,1,1,117549.55,1
11423,421,Germany,Male,64,9,65302.65,1,0,1,148162.24,0
11424,831,Germany,Male,54,1,24947.26,2,0,0,30851.25,0
11425,813,Spain,Female,59,7,83845.95,3,0,0,131361.76,1
11426,759,France,Female,61,3,159420.91,1,1,1,96852.78,0
11427,385,Germany,Female,58,1,79673.22,4,0,0,95390.84,1
11428,762,France,Female,36,8,121746.73,1,1,0,16528.31,0
11429,816,France,Male,39,1,54681.69,4,0,0,146169.0,0
11430,640,Spain,Male,60,10,219499.96,2,1,1,149740.14,1
11431,746,France,Male,21,5,30647.26,1,1,0,28125.68,0
11432,785,Spain,Female,43,10,103368.3,4,0,0,124449.13,0
11433,626,Spain,Male,54,1,100747.33,2,1,0,59013.12,1
11434,359,Germany,Female,59,9,84198.92,1,0,0,14094.3,0
11435,613,Spain,Male,22,10,1214.05,3,1,1,83013.72,0
11436,518,France,Male,51,9,101.7,3,0,1,127982.02,1
11437,748,France,Male,63,2,54042.34,3,1,1,91504.42,0
11438,819,Germany,Female,40,5,74094.29,1,0,0,17945.44,0
11439,513,France,Male,25,10,4660.98,2,0,0,130871.32,0
11440,774,France,Female,51,0,4131.14,1,1,0,70141.56,0
11441,756,France,Male,19,7,101691.3,4,0,1,88330.27,0
11442,522,Spain,Female,44,5,129988.06,3,0,1,66945.72,0
11443,566,France,Male,74,6,34360.72,4,0,1,145198.56,0
11444,761,France,Male,43,5,26102.88,1,1,1,85663.56,0
11445,751,Spain,Male,27,7,24367.64,3,0,1,124433.14,0
11446,684,France,Male,63,8,216683.24,1,1,1,142700.31,0
11447,608,Spain,Male,51,7,97342.74,1,1,0,93141.47,0
11448,446,Spain,Female,49,0,63993.29,4,0,0,128957.69,0
11449,838,Germany,Male,21,3,128308.92,4,1,1,39457.73,0
11450,616,France,Female,51,6,205674.87,4,0,1,36932.9,0
11451,657,France,Female,73,5,138172.49,2,1,0,113649.77,0
11452,606,France,Male,62,6,17804.76,3,0,0,104744.32,1
11453,671,France,Male,18,0,62730.18,2,1,0,143562.96,0
11454,712,France,Female,21,6,43577.08,3,1,1,60229.43,0
11455,466,France,Female,57,0,47238.85,1,0,0,35257.71,0
11456,383,Spain,Female,70,1,5265.0,1,1,1,68540.12,0
11457,849,Germany,Male,66,10,44268.86,4,1,0,134792.16,0
11458,392,Spain,Female,22,8,2655.8,4,0,0,86582.16,0
11459,381,Germany,Female,34,9,88131.14,3,1,1,53917.76,1
11460,421,France,Male,53,2,70438.69,1,0,0,80047.57,0
11461,363,Germany,Male,18,8,17238.45,1,1,0,112393.06,0
11462,370,France,Female,42,0,34870.66,1,1,0,24731.89,0
11463,527,France,Male,20,1,38871.98,1,0,0,108215.05,0
11464,491,Spain,Female,36,6,106814.48,4,0,1,71096.35,0
11465,840,France,Male,21,6,97406.03,4,0,0,132805.45,0
11466,649,France,Male,51,0,63677.49,4,1,1,122562.06,0
11467,480,France,Female,61,7,130971.5,1,0,0,117499.21,0
11468,612,Germany,Female,29,9,37912.78,4,1,0,16707.48,0
11469,384,France,Male,48,4,23133.7,3,1,0,84902.9,0
11470,802,France,Male,52,6,47477.38,3,0,1,17587.34,0
11471,510,Germany,Female,69,4,5733.52,3,1,1,59618.13,0
11472,570,France,Male,25,10,41594.96,1,0,1,34018.53,0
11473,732,Spain,Female,54,7,27626.63,3,0,1,78685.18,0
11474,447,France,Male,62,7,230891.44,2,0,1,40039.65,0
11475,745,Germany,Male,51,0,109941.12,3,1,1,54266.96,0
11476,412,France,Female,46,7,55989.2,4,1,1,115233.02,1
11477,388,Germany,Male,29,5,64712.33,2,0,1,118384.91,0
11478,407,Spain,Female,65,7,60452.44,3,0,0,115658.41,0
11479,558,Spain,Male,30,2,78927.57,3,1,1,112417.8,0
11480,386,France,Male,66,1,43228.53,2,0,1,59734.93,0
11481,564,France,Male,73,4,66532.98,4,1,1,15437.1,1
11482,447,France,Male,54,5,129354.71,1,0,1,18557.88,1
11483,436,France,Female,72,6,117615.17,3,0,1,91152.6,1
11484,678,France,Female,36,0,86182.38,4,1,0,145095.69,0
11485,424,France,Male,42,4,147737.66,3,1,1,81626.91,0
11486,716,Spain,Female,56,7,81090.76,3,0,1,75082.25,0
11487,510,Germany,Female,63,9,8529.18,3,0,1,130536.78,0
11488,767,Spain,Female,57,1,37564.95,1,1,0,62257.11,1
11489,541,Germany,Male,59,9,25731.37,1,0,0,41349.69,0
11490,669,France,Male,28,3,63811.4,4,0,0,143105.03,0
11491,652,France,Male,33,8,91552.9,2,0,0,10289.54,0
11492,461,France,Female,20,0,132414.95,3,1,1,84617.53,0
11493,676,France,Female,29,8,33042.0,3,1,0,34674.5,1
11494,409,France,Female,50,10,19119.39,4,0,0,44750.12,0
11495,656,Spain,Male,60,5,113998.3,3,1,0,141620.63,0
11496,381,France,Female,28,6,138437.99,2,0,1,104191.63,1
11497,561,France,Female,72,2,38847.3,1,0,0,86836.05,0
11498,514,France,Female,67,1,87901.02,3,0,1,24953.77,1
11499,437,Germany,Male,74,8,150365.4,4,1,0,139664.55,1
11500,747,Germany,Female,48,10,86892.05,4,0,1,71017.73,1
11501,406,Germany,Male,38,1,64297.23,2,0,1,24079.54,0
11502,642,France,Male,51,8,57490.17,4,0,1,86643.02,0
11503,418,France,Male,21,6,147364.18,1,1,1,21766.16,0
11504,522,France,Male,49,8,106344.99,3,1,1,129313.35,0
11505,717,France,Male,36,6,75162.97,1,1,1,66862.14,0
11506,451,Spain,Male,20,10,39613.53,4,0,1,50740.57,0
11507,445,Spain,Female,21,1,7402.5,4,1,1,45378.27,0
11508,632,Germany,Female,22,0,61597.29,2,0,0,39137.12,0
11509,586,France,Female,74,2,61168.84,3,0,1,37030.39,0
11510,685,France,Female,34,1,133627.35,3,0,0,94370.18,1
11511,472,Spain,Male,35,7,5314.93,2,1,0,33603.04,0
11512,456,Spain,Male,41,5,154319.56,3,1,1,86468.69,0
11513,482,Germany,Female,66,9,69702.2,1,0,0,132663.15,1
11514,399,France,Male,20,10,139004.81,4,1,1,113359.44,0
11515,722,France,Female,32,4,9238.4,4,1,1,85588.36,0
11516,354,Germany,Male,53,9,88449.9,1,0,1,70132.21,1
11517,744,Spain,Male,72,5,141016.05,1,1,0,58447.37,1
11518,764,France,Female,54,9,74495.08,1,0,0,45301.59,0
11519,618,France,Female,45,7,20840.29,3,1,1,68541.81,0
11520,702,France,Female,69,5,47736.22,2,1,0,148247.44,0
11521,662,France,Male,65,6,99799.6,3,1,1,86983.74,0
11522,635,Spain,Female,72,2,16563.99,3,0,1,50822.9,0
11523,667,Germany,Female,52,5,19288.14,4,0,1,48031.49,0
11524,740,Spain,Male,34,0,81744.82,3,0,1,72273.05,0
11525,748,France,Male,61,7,10429.96,3,0,1,73294.14,0
11526,548,France,Male,51,0,108546.41,3,1,1,58560.02,0
11527,350,Spain,Male,22,7,3108.76,1,1,0,86947.53,0
11528,697,Germany,Male,68,10,42820.2,1,0,1,113751.33,1
11529,484,France,Male,22,8,20912.22,3,1,0,108122.08,0
11530,742,France,Male,58,4,157355.74,1,0,0,111733.97,0
11531,747,Germany,Female,38,6,15690.24,4,1,1,83289.95,1
11532,723,Germany,Female,28,7,67275.65,1,1,1,126332.3,0
11533,849,France,Male,68,7,82440.89,2,0,0,21616.37,0
11534,734,France,Male,54,4,10513.04,3,0,0,91123.94,0
11535,700,Spain,Female,69,2,133249.0,1,1,1,126551.11,0
11536,774,France,Female,36,1,78282.5,3,1,1,112733.55,0
11537,762,Germany,Female,58,1,94417.24,1,1,0,143992.2,0
11538,788,Germany,Female,63,0,33483.2,3,1,1,29804.22,0
11539,442,France,Male,52,8,37554.39,4,1,0,102294.41,0
11540,635,France,Female,34,4,97976.42,4,0,1,120322.26,0
11541,368,France,Male,20,2,56261.31,4,1,0,66211.19,1
11542,629,France,Male,46,9,53889.05,4,1,1,45151.19,0
11543,819,France,Female,70,4,111154.98,2,1,1,72100.5,0
11544,828,France,Male,36,8,156978.2,2,1,1,125371.25,0
11545,471,France,Male,55,9,52462.19,2,1,1,41440.2,0
11546,780,France,Male,57,3,51559.32,2,1,1,119977.77,0
11547,488,Spain,Male,53,1,94788.92,2,0,0,114554.01,0
11548,702,France,Female,39,1,159610.18,2,0,0,86921.03,0
11549,667,France,Female,65,7,18240.62,1,1,0,82329.11,1
11550,593,Spain,Female,39,6,105347.72,1,0,0,142298.98,1
11551,607,Germany,Female,31,2,52902.19,2,0,1,28513.8,0
11552,377,France,Female,69,7,47644.08,3,1,0,19021.18,0
11553,771,France,Female,53,6,116725.47,2,0,1,82926.14,0
11554,670,Germany,Male,23,9,20263.57,2,0,1,21803.0,0
11555,470,France,Female,56,8,3568.41,3,1,1,45857.08,0
11556,533,Spain,Male,33,3,107750.2,1,1,1,28522.48,0
11557,437,Spain,Female,61,9,66267.81,1,1,1,142482.2,0
11558,350,France,Male,70,6,51956.27,4,1,1,80887.44,1
11559,389,France,Male,23,8,59781.39,4,0,1,46249.3,0
11560,448,Spain,Male,19,10,97641.13,3,0,0,55619.45,0
11561,745,France,Female,59,5,45575.85,3,1,0,35862.39,1
11562,801,Germany,Male,40,1,113792.84,4,1,1,61624.93,0
11563,676,Spain,Female,69,5,92693.07,3,1,0,35454.62,0
11564,427,Spain,Male,57,9,156832.39,3,1,1,127676.68,1
11565,688,Spain,Male,53,1,143858.02,4,0,1,88352.94,0
11566,508,France,Female,65,2,119322.99,4,0,0,24986.45,0
11567,483,Spain,Female,27,1,55667.12,1,0,0,129111.5,0
11568,401,France,Female,39,9,74955.9,4,1,0,73172.02,0
11569,449,France,Male,70,8,32250.41,3,0,1,14619.82,0
11570,497,France,Female,51,4,239090.89,4,1,0,116088.68,0
11571,714,France,Female,23,0,54562.4,2,0,1,102603.44,0
11572,509,Spain,Male,22,10,101263.88,2,1,0,80274.1,0
11573,750,Spain,Female,31,10,149504.03,3,0,0,68103.34,0
11574,359,France,Female,35,3,13924.57,3,1,1,112150.81,1
11575,494,France,Female,66,2,18328.11,4,1,1,146464.0,1
11576,633,France,Male,35,9,44220.7,1,1,0,80063.29,0
11577,507,France,Female,51,7,8223.94,1,1,0,135512.59,0
11578,362,Spain,Male,67,4,8194.63,1,0,1,86753.94,0
11579,746,Spain,Female,37,4,36938.26,1,0,0,43551.13,0
11580,575,Spain,Male,36,7,145571.08,1,1,0,109981.59,0
11581,751,Germany,Male,63,6,111467.27,2,0,1,120107.35,1
11582,827,Germany,Female,39,1,70098.28,4,0,1,27619.89,0
11583,435,France,Male,54,8,69718.0,3,1,1,40083.76,0
11584,690,France,Male,56,2,31686.51,3,1,0,26291.39,0
11585,480,France,Male,24,3,109848.92,4,0,0,15213.46,0
11586,384,Spain,Male,36,9,93627.95,1,1,0,57166.23,0
11587,729,France,Female,31,9,3095.61,3,0,1,78899.55,0
11588,464,France,Female,41,7,80487.89,4,0,0,91151.98,0
11589,703,France,Male,64,8,56513.15,3,0,1,79369.47,1
11590,841,France,Female,19,2,36977.48,1,0,0,125748.46,0
11591,540,Germany,Male,64,6,8735.76,1,1,0,34727.35,0
11592,792,France,Male,59,0,27541.57,3,0,0,143856.65,0
11593,749,France,Male,22,6,11514.86,3,1,0,116018.52,0
11594,462,Spain,Male,27,8,95801.82,4,1,0,17146.15,0
11595,695,Spain,Female,47,4,90040.66,2,1,1,18008.24,0
11596,812,Germany,Female,68,6,87474.15,1,0,0,25269.12,0
11597,568,Germany,Male,58,10,57184.69,1,1,1,95969.46,0
11598,387,France,Female,28,3,43666.3,2,0,0,89016.27,0
11599,598,Spain,Female,36,4,190723.27,4,0,0,45812.13,0
11600,803,Spain,Female,49,5,43599.15,1,0,0,104459.04,0
11601,454,Germany,Male,21,2,139968.56,4,0,0,57530.55,1
11602,355,France,Female,51,5,89391.32,3,1,0,120349.47,1
11603,552,France,Female,41,6,72321.69,3,0,0,112454.92,0
11604,395,France,Male,41,4,37633.13,3,0,1,42789.93,0
11605,406,France,Female,71,10,55050.12,1,1,0,19778.01,0
11606,757,France,Female,33,9,2986.26,2,0,1,95891.25,0
11607,608,France,Male,59,10,15069.4,3,1,0,21855.24,0
11608,725,France,Male,26,6,61495.35,3,1,1,89617.2,0
11609,386,France,Male,30,6,31174.31,2,1,0,103600.61,0
11610,464,France,Female,58,0,118578.06,1,0,0,30928.07,1
11611,354,France,Male,66,4,135116.32,3,1,0,117728.21,0
11612,514,France,Male,62,3,138215.29,1,0,0,66203.63,0
11613,831,Germany,Male,56,8,24947.23,1,0,0,98152.92,0
11614,387,France,Male,67,8,84563.09,2,1,0,82430.78,0
11615,418,France,Male,34,6,80962.1,3,0,0,109904.8,0
11616,722,Spain,Female,19,0,74939.65,2,0,0,79010.37,0
11617,509,Germany,Male,33,9,93578.55,3,0,0,83066.4,0
11618,393,France,Male,46,5,113069.85,2,0,0,75864.29,0
11619,791,Germany,Male,28,9,120246.97,4,0,0,32134.55,0
11620,512,Spain,Male,43,3,175699.81,3,0,0,98239.08,1
11621,391,Spain,Male,41,7,69922.25,3,0,0,13354.33,0
11622,819,Spain,Male,27,8,120150.47,4,0,0,68452.47,0
11623,638,Germany,Male,38,10,29035.68,4,1,1,118927.18,0
11624,522,Germany,Male,21,10,60467.21,3,1,0,129851.72,0
11625,599,France,Female,34,7,4808.79,1,1,1,128198.19,0
11626,567,Germany,Male,35,0,151979.03,4,1,0,113833.33,0
11627,643,France,Female,67,10,208496.71,3,0,0,145671.0,0
11628,701,France,Female,28,2,100901.9,2,0,1,148462.45,0
11629,677,France,Male,61,7,9613.92,2,0,0,66383.71,0
11630,534,France,Female,57,4,61669.49,2,0,0,104470.0,1
11631,598,France,Male,46,2,70202.9,4,0,1,31946.06,0
11632,758,Germany,Male,26,9,80365.08,2,1,0,98216.97,0
11633,800,Germany,Male,72,6,133816.55,4,0,0,56109.4,0
11634,495,Spain,Male,48,3,125724.32,4,0,0,132403.69,1
11635,670,France,Male,56,8,90481.48,1,1,1,28853.72,0
11636,630,Germany,Female,68,10,150493.46,3,0,0,32701.53,1
11637,428,Spain,Male,72,4,38722.33,3,0,0,100316.77,0
11638,658,France,Male,39,3,34974.35,4,0,1,88290.04,0
11639,639,France,Male,65,1,153530.71,1,1,1,96990.91,0
11640,452,France,Female,53,3,52520.46,1,1,1,93179.87,1
11641,376,France,Male,54,3,13688.45,3,0,0,16497.72,1
11642,719,France,Female,45,10,10986.53,4,0,0,93774.49,0
11643,481,Germany,Female,57,8,72017.27,4,1,1,71434.43,1
11644,696,France,Female,34,4,123008.21,3,1,1,37497.66,0
11645,801,Germany,Male,62,2,158627.96,1,1,0,125636.16,0
11646,705,Germany,Male,42,7,58328.15,1,0,0,112815.29,0
11647,378,Germany,Female,61,0,40475.48,3,0,0,101652.66,1
11648,571,France,Male,43,6,165967.81,3,0,1,67967.92,0
11649,521,Germany,Male,67,9,41136.0,3,0,0,32259.69,0
11650,581,Germany,Female,72,4,156077.53,3,1,0,10027.73,1
11651,384,Germany,Female,37,10,82670.57,4,0,1,131841.05,0
11652,492,France,Male,42,7,82841.45,2,1,0,75769.62,0
11653,796,Spain,Male,38,9,54492.15,2,0,1,77791.01,0
11654,708,Germany,Female,61,4,86420.41,4,1,0,51297.65,1
11655,378,France,Male,32,8,40752.02,4,1,1,68459.63,0
11656,685,France,Male,20,4,27876.68,4,0,1,97626.63,0
11657,631,Germany,Male,70,8,60508.19,3,0,1,71863.43,0
11658,362,Germany,Male,54,4,29611.49,3,1,1,124802.76,1
11659,580,France,Male,69,6,86875.66,4,0,1,36926.69,0
11660,496,France,Male,70,0,73746.27,1,1,0,27177.59,0
11661,790,France,Female,43,7,52898.6,4,0,0,129422.32,0
11662,525,Spain,Female,40,10,56651.98,4,1,0,37671.38,0
11663,373,France,Male,40,8,54920.19,3,1,1,53124.77,0
11664,834,France,Female,49,3,172963.65,4,0,1,113413.81,0
11665,357,France,Male,25,3,68078.71,2,1,0,14027.83,0
11666,707,France,Male,29,10,32997.15,3,0,0,82691.72,0
11667,762,France,Male,73,2,50882.8,3,1,1,55130.91,1
11668,798,Spain,Female,69,7,108365.79,2,1,0,141280.28,0
11669,441,France,Female,56,7,56592.51,4,0,0,83744.34,1
11670,467,Germany,Female,63,7,59577.88,4,1,0,82006.64,0
11671,569,France,Female,72,6,53243.15,4,0,1,100226.3,1
11672,619,France,Female,19,10,78490.98,4,1,1,122057.21,0
11673,805,Spain,Female,54,10,92042.26,3,0,1,50876.88,0
11674,793,Spain,Female,63,4,95218.9,3,1,1,13432.13,1
11675,509,France,Male,47,4,29514.82,2,0,1,92497.87,0
11676,772,France,Male,52,2,4581.35,3,1,0,72583.19,0
11677,456,France,Female,60,4,89052.52,1,0,0,39628.65,0
11678,491,France,Female,62,10,116650.26,3,0,0,110683.83,1
11679,763,Germany,Female,68,1,135047.68,1,1,0,112812.75,0
11680,793,Spain,Female,23,1,146559.49,2,0,0,147159.84,0
11681,751,Spain,Male,66,0,77184.75,3,1,1,142521.67,1
11682,828,Germany,Male,34,3,137472.43,3,0,1,42910.27,0
11683,846,France,Female,37,1,66339.03,2,1,0,63875.78,1
11684,807,France,Female,53,7,61315.57,4,1,0,114534.27,0
11685,746,Germany,Female,46,6,23841.15,3,0,0,12570.17,1
11686,625,Germany,Female,53,9,21641.03,2,1,1,125195.92,0
11687,649,France,Male,71,10,33067.29,3,0,1,101813.43,1
11688,469,France,Female,64,3,123627.0,2,1,0,53104.43,0
11689,453,Spain,Male,46,1,168019.45,2,1,1,132981.68,0
11690,554,France,Male,61,10,40446.41,2,0,0,75258.12,0
11691,726,France,Female,63,1,90893.04,1,0,0,43262.62,0
11692,704,France,Male,63,0,85097.63,2,0,0,123647.72,1
11693,627,Spain,Male,47,7,22166.83,4,0,0,138229.7,0
11694,636,France,Male,41,8,34658.32,4,0,0,30416.48,0
11695,560,France,Male,65,3,23393.99,2,1,0,142413.42,0
11696,483,France,Male,30,5,17621.92,4,1,0,33544.87,0
11697,642,Germany,Female,21,0,49591.16,3,0,1,106114.74,0
11698,716,France,Female,20,3,60023.74,4,1,0,78812.38,0
11699,427,Spain,Female,18,9,57658.55,1,1,0,131981.94,0
11700,642,France,Female,50,8,58412.75,1,0,0,148759.28,0
11701,816,Germany,Male,23,1,97457.1,4,0,1,24206.78,0
11702,363,France,Male,70,10,12638.54,3,1,0,73741.25,1
11703,536,Spain,Male,42,4,121693.24,1,1,0,131072.3,0
11704,516,France,Female,19,3,31726.56,2,1,1,66714.24,0
11705,815,Germany,Female,38,8,72183.74,3,1,0,34065.42,0
11706,781,Spain,Female,64,3,91726.68,1,1,0,77692.19,0
11707,739,France,Female,72,8,20989.88,4,0,1,16148.77,1
11708,791,France,Female,56,0,27130.53,1,0,1,34840.78,0
11709,674,Germany,Male,74,10,106655.25,1,0,1,129416.32,0
11710,402,France,Male,35,8,28042.64,2,0,1,126902.69,0
11711,491,France,Female,25,6,115220.74,3,1,1,122793.27,0
11712,799,Spain,Female,66,10,114412.72,1,1,1,18382.66,1
11713,699,France,Male,65,1,68026.02,2,0,0,101318.96,0
11714,843,France,Female,48,0,68279.71,3,0,0,73498.48,0
11715,533,France,Female,47,0,127503.63,4,0,0,103405.52,0
11716,736,France,Female,52,5,90908.64,2,1,1,57648.68,0
11717,809,France,Male,65,7,12481.33,1,1,0,51400.23,0
11718,466,France,Male,49,4,78408.28,1,0,0,139851.28,0
11719,530,France,Female,39,5,101517.45,1,0,0,106613.98,1
11720,353,France,Female,31,9,80487.87,2,0,0,98466.67,0
11721,779,France,Male,62,2,79697.1,3,0,0,81546.06,1
11722,522,Spain,Female,73,1,59539.83,3,0,0,51442.18,0
11723,373,France,Female,18,1,61270.82,3,1,0,71584.48,0
11724,602,France,Female,32,9,12413.12,4,1,1,134733.63,0
11725,753,Germany,Male,44,3,17222.97,3,1,1,129005.24,0
11726,436,France,Female,29,10,135676.03,1,1,1,23955.84,0
11727,600,France,Male,36,3,30291.42,1,1,0,120131.26,0
11728,797,France,Male,58,6,81643.81,4,0,0,103756.65,0
11729,650,Germany,Male,32,3,21372.61,2,0,0,101572.61,0
11730,602,Germany,Male,57,4,77820.41,3,0,0,54858.02,1
11731,660,Spain,Male,35,3,18898.34,1,1,0,141573.53,0
11732,352,Spain,Female,50,2,245696.85,4,1,1,89143.09,0
11733,841,France,Male,41,8,7497.14,3,1,0,128152.1,0
11734,631,France,Male,74,4,10670.93,2,0,1,21611.35,0
11735,660,France,Male,46,5,124665.79,2,0,1,80659.73,0
11736,445,France,Female,67,5,136272.36,1,1,1,43657.06,0
11737,823,Spain,Female,47,9,57470.13,4,0,0,67624.74,1
11738,377,France,Female,39,4,83551.27,4,0,0,56431.21,0
11739,703,France,Male,59,5,120788.37,2,1,1,88030.28,0
11740,640,Germany,Female,42,5,4733.08,4,1,0,28566.24,0
11741,574,Germany,Female,65,3,109134.83,1,1,0,72489.49,0
11742,703,France,Female,67,0,36844.53,3,1,1,55176.46,0
11743,810,Spain,Male,72,10,8735.61,1,1,0,105665.88,0
11744,665,France,Male,59,1,47376.63,4,0,0,44739.46,0
11745,728,Germany,Female,56,7,40757.01,2,0,1,58132.13,0
11746,661,France,Female,46,9,14632.21,4,1,1,46318.21,0
11747,699,Spain,Female,32,9,201787.23,2,0,1,141509.88,0
11748,610,France,Male,57,3,41134.39,1,0,1,23413.47,0
11749,809,France,Female,50,2,23754.93,4,1,0,36289.15,0
11750,441,Spain,Male,56,0,119232.06,2,1,0,132677.15,0
11751,445,Spain,Female,42,10,63959.05,4,0,1,62438.33,0
11752,414,Spain,Female,31,10,147820.58,3,1,1,115002.32,0
11753,440,Spain,Male,31,6,52346.03,2,0,1,21098.47,0
11754,662,France,Female,60,2,89230.27,1,1,0,29778.89,0
11755,651,France,Male,36,4,73828.72,2,0,1,94435.93,0
11756,355,France,Female,64,10,78205.49,2,0,0,33130.58,1
11757,524,France,Male,31,2,55855.73,1,1,1,43867.03,0
11758,701,Spain,Female,42,9,62049.28,1,1,0,61075.59,0
11759,427,France,Female,48,1,168169.85,1,0,1,97281.71,0
11760,698,France,Female,59,4,27714.06,1,0,0,33155.72,1
11761,485,France,Male,21,0,35707.47,3,0,1,19122.51,0
11762,637,France,Male,47,4,47785.24,3,0,1,64756.39,1
11763,370,France,Female,48,2,102251.75,1,1,1,104420.71,0
11764,614,France,Male,31,10,92161.32,4,0,1,123048.47,0
11765,766,Spain,Male,41,3,123970.35,4,0,1,89400.26,0
11766,427,Germany,Female,65,3,11558.99,4,1,1,55146.1,0
11767,411,France,Female,18,5,83707.22,2,0,0,139589.61,0
11768,688,Spain,Male,74,3,57765.8,4,0,1,53824.16,0
11769,363,Spain,Male,33,4,51207.99,3,0,1,117468.48,0
11770,747,France,Male,43,4,78017.7,4,0,1,116600.78,0
11771,627,Spain,Female,73,0,48961.56,3,1,1,102509.55,0
11772,421,Spain,Male,38,4,84518.98,2,1,0,84162.83,0
11773,481,Germany,Female,51,1,76863.73,1,1,1,39267.76,1
11774,848,France,Female,32,0,16759.09,3,1,0,89449.62,0
11775,425,Spain,Male,21,0,62601.57,4,1,1,11280.92,0
11776,432,Spain,Female,23,6,160470.01,4,1,1,143041.31,0
11777,609,France,Female,50,0,45175.39,4,0,0,83477.31,0
11778,770,France,Female,21,3,103546.65,1,1,0,77034.57,0
11779,558,Spain,Male,58,3,54848.87,1,1,0,142932.67,0
11780,840,Germany,Male,39,4,19984.42,2,0,0,129727.59,0
11781,543,France,Male,25,7,13503.5,4,1,1,51310.07,0
11782,735,Germany,Male,73,5,44631.17,1,1,0,140833.72,0
11783,680,France,Male,40,1,145601.32,4,1,0,137774.21,1
11784,739,Spain,Female,62,10,116815.48,4,0,0,33599.42,0
11785,432,France,Male,30,9,26285.64,3,0,0,70232.06,0
11786,681,France,Male,72,4,127647.64,3,1,1,64061.55,0
11787,594,France,Female,48,10,60674.95,3,0,0,88085.58,0
11788,838,France,Male,67,2,27191.12,2,1,0,101310.57,0
11789,809,Spain,Male,64,6,93866.23,1,1,1,66659.93,0
11790,444,France,Female,68,10,14079.97,2,1,1,102883.45,0
11791,530,France,Male,31,0,25027.35,1,0,0,97065.27,0
11792,818,Spain,Female,36,1,145198.15,4,1,1,80009.5,0
11793,717,France,Male,25,1,40277.86,4,1,1,13818.99,0
11794,369,France,Male,72,9,100481.78,3,0,1,46874.99,0
11795,537,Spain,Female,25,5,22279.13,4,1,0,62932.29,0
11796,811,France,Female,34,4,66565.21,4,0,1,110056.15,0
11797,470,Spain,Female,53,10,56554.18,1,1,0,60656.13,0
11798,650,Spain,Female,49,6,42213.13,2,0,0,45551.17,1
11799,545,France,Male,21,10,61487.04,3,1,1,15794.97,0
11800,431,Germany,Female,47,10,61858.73,4,1,1,109239.78,1
11801,385,Germany,Female,48,8,66135.92,2,0,0,61765.92,1
11802,673,Germany,Male,39,0,15052.68,2,0,0,83561.17,0
11803,493,France,Female,64,9,64318.84,1,0,1,132990.93,0
11804,826,France,Female,25,2,127276.53,1,0,0,102067.38,0
11805,504,France,Female,61,1,25744.35,4,0,0,44317.01,0
11806,357,France,Female,48,2,83624.6,3,0,1,49116.57,0
11807,764,France,Female,56,5,161.52,3,0,0,97213.57,0
11808,616,Spain,Female,58,6,91052.56,4,0,0,126113.51,0
11809,775,Spain,Male,18,5,106322.92,1,1,1,35334.79,1
11810,681,France,Male,49,6,215477.0,3,0,0,68407.53,1
11811,732,Germany,Female,42,2,122096.19,3,0,0,38916.35,1
11812,520,France,Female,55,1,94093.71,2,1,1,26646.78,0
11813,598,France,Female,31,6,151942.5,1,1,1,107043.16,0
11814,603,France,Female,42,8,9533.76,3,0,1,66484.66,0
11815,385,Spain,Female,47,6,131973.0,1,0,1,67567.76,0
11816,669,France,Female,28,6,36192.24,1,0,1,127987.92,0
11817,694,Germany,Male,26,10,31804.45,2,1,0,11965.86,0
11818,376,Spain,Female,66,4,133382.79,2,1,1,42005.37,0
11819,601,France,Female,25,0,82375.69,1,1,0,17561.27,1
11820,410,Spain,Female,25,2,147029.85,4,0,1,12783.15,0
11821,753,France,Male,72,3,17225.87,3,0,1,84280.03,0
11822,761,Germany,Male,66,7,84694.75,1,0,1,55267.47,0
11823,590,Spain,Male,68,1,37473.65,3,0,0,105121.21,0
11824,735,Spain,Male,20,7,52609.15,4,1,0,36894.42,1
11825,372,Spain,Female,23,2,44205.62,2,0,0,28133.48,0
11826,641,Germany,Female,25,5,124082.82,3,0,0,112826.27,0
11827,609,Spain,Female,65,3,81093.12,3,1,0,17153.66,0
11828,415,France,Male,41,8,10384.81,4,0,0,87138.73,0
11829,412,Germany,Male,21,4,10909.07,1,1,1,17320.23,0
11830,413,France,Female,66,3,17317.94,2,1,0,140766.24,1
11831,795,France,Male,37,10,151355.82,1,1,0,134846.52,0
11832,560,France,Female,23,0,62847.99,2,0,0,17878.68,0
11833,375,Germany,Male,74,3,49078.64,2,0,1,141995.2,0
11834,476,Spain,Female,71,3,97964.66,2,1,0,87725.75,0
11835,567,France,Female,71,5,69555.08,1,1,1,113531.13,1
11836,781,Spain,Male,61,2,82586.08,2,1,0,128062.1,0
11837,418,France,Male,44,1,112824.12,4,1,0,73408.56,0
11838,750,France,Female,56,0,88506.29,3,0,1,74142.9,1
11839,630,Spain,Female,58,2,120835.44,4,0,1,56773.66,0
11840,671,Spain,Female,40,7,1385.68,4,0,1,95932.1,0
11841,375,Germany,Female,39,2,72757.94,1,0,1,14391.93,0
11842,701,France,Female,33,2,48153.44,1,0,1,105740.82,0
11843,839,France,Male,66,6,75407.13,4,1,1,112546.88,1
11844,740,Spain,Male,58,5,66790.81,2,0,1,106802.56,0
11845,675,France,Female,36,3,31715.53,3,1,0,96732.99,0
11846,421,Spain,Male,20,3,48642.34,1,0,0,55063.85,0
11847,768,Spain,Male,29,3,125092.85,4,0,0,105516.64,0
11848,715,France,Female,55,0,36727.11,4,1,0,64008.42,0
11849,539,Spain,Female,26,5,4016.46,4,1,0,100037.81,0
11850,484,France,Female,52,5,104372.3,2,0,1,45225.06,0
11851,521,Germany,Male,53,0,126661.32,4,1,1,47092.12,0
11852,383,Germany,Male,68,3,53526.69,4,0,1,101129.48,0
11853,554,France,Male,49,9,76974.77,4,1,0,34077.93,0
11854,512,Germany,Female,40,5,20154.12,4,0,1,126768.47,0
11855,362,Germany,Male,69,0,57586.19,4,0,0,124833.12,1
11856,383,Germany,Female,54,6,134707.93,3,1,0,87316.81,0
11857,697,France,Male,26,4,116780.94,4,1,1,46331.74,0
11858,725,Spain,Female,53,9,78335.56,2,1,1,58091.87,0
11859,619,Spain,Male,63,10,53463.66,4,0,1,30797.68,0
11860,398,France,Female,47,1,26184.61,4,0,1,114411.57,0
11861,658,Spain,Male,71,1,88244.23,1,0,1,143865.96,0
11862,789,Germany,Female,64,8,96671.08,4,0,1,26458.86,0
11863,504,France,Male,60,0,131762.39,4,1,1,20081.48,0
11864,359,Spain,Male,65,6,188276.1,1,1,0,70734.83,0
11865,377,France,Male,24,5,91945.13,3,0,0,146035.74,0
11866,702,Germany,Female,48,0,126083.71,3,1,1,39029.7,0
11867,682,Spain,Male,26,6,4219.33,2,1,1,38683.16,0
11868,612,Germany,Male,72,8,140698.07,3,1,1,66093.71,1
11869,767,France,Female,23,4,120892.59,2,1,0,56923.19,0
11870,476,Spain,Female,49,1,150008.91,2,0,0,47211.05,0
11871,550,Germany,Female,37,2,109600.01,1,1,1,90468.04,0
11872,522,Spain,Female,25,0,96551.14,3,1,1,25152.46,0
11873,553,France,Male,61,7,156816.22,2,1,1,22583.88,0
11874,667,Spain,Male,63,5,31034.19,2,0,0,78891.98,1
11875,479,Spain,Female,26,6,107862.7,3,1,0,142683.16,0
11876,461,France,Female,18,6,133657.58,4,1,0,37484.67,0
11877,463,France,Female,43,3,24042.69,3,1,1,42000.84,0
11878,547,France,Female,21,9,2562.04,4,0,0,41632.13,0
11879,722,France,Male,20,6,95621.1,4,1,1,21807.19,0
11880,411,France,Female,42,3,77504.78,2,1,0,23678.18,0
11881,619,France,Male,56,9,105941.31,2,0,1,54630.93,0
11882,381,France,Female,31,2,108069.11,4,1,0,50016.82,0
11883,842,Spain,Female,23,5,25431.49,1,0,1,92269.64,0
11884,656,France,Male,69,1,90178.3,1,0,0,32902.84,1
11885,655,Germany,Male,63,4,136472.38,3,0,1,137389.2,1
11886,486,France,Female,42,7,49666.54,3,1,0,89706.84,0
11887,438,France,Male,52,6,53815.95,4,1,0,122514.59,0
11888,782,Spain,Female,37,9,4519.81,1,1,0,27789.87,0
11889,481,France,Female,28,5,118368.97,2,0,1,124323.7,0
11890,622,Germany,Female,29,1,184812.84,3,0,0,67076.77,1
11891,687,France,Female,57,1,9519.02,2,1,1,56326.99,0
11892,407,Germany,Male,72,10,115230.67,1,0,1,133048.72,1
11893,528,Spain,Female,37,9,123493.03,1,0,1,71613.85,0
11894,356,France,Male,31,9,37923.22,2,0,1,51079.19,0
11895,702,Germany,Female,47,1,48926.48,1,0,0,66059.66,0
11896,794,Germany,Female,23,1,9583.44,2,1,1,92657.77,0
11897,678,France,Male,49,8,24935.9,4,1,1,43916.11,0
11898,681,Spain,Male,56,9,80480.54,1,1,0,80345.64,0
11899,741,France,Male,33,4,108967.31,4,0,1,55927.12,0
11900,665,France,Female,34,7,77668.36,4,0,0,27856.72,1
11901,650,Spain,Male,41,8,120884.61,2,1,0,14022.38,0
11902,384,Spain,Female,59,10,82857.63,1,1,0,125293.86,0
11903,598,Germany,Female,62,5,2535.2,4,0,1,135694.65,0
11904,709,Spain,Female,57,9,155828.56,4,1,1,49824.93,1
11905,602,France,Female,67,9,140237.63,1,0,0,116923.66,1
11906,374,Germany,Male,43,6,29441.54,2,1,1,67048.23,0
11907,482,Germany,Male,66,5,174668.29,3,1,0,59089.19,0
11908,405,Spain,Male,32,0,98487.69,4,1,0,50143.67,0
11909,448,Germany,Male,50,2,78805.97,4,1,1,56183.26,0
11910,403,Germany,Male,39,1,183247.12,4,1,1,59639.65,0
11911,767,France,Male,67,8,74980.44,2,0,1,26551.75,0
11912,582,Germany,Female,44,9,22751.49,3,1,0,125220.46,0
11913,689,Germany,Male,26,9,112743.57,3,1,1,69375.46,0
11914,547,Spain,Female,60,3,56837.33,1,0,1,36995.57,0
11915,637,Spain,Female,74,5,15876.39,3,1,0,67695.56,1
11916,461,Germany,Female,60,4,159456.94,2,1,1,76725.92,0
11917,745,Spain,Female,20,10,99796.74,1,0,0,114972.62,0
11918,383,France,Female,40,2,3322.59,4,1,1,32695.45,0
11919,395,Spain,Male,69,7,32731.99,2,0,1,79937.44,0
11920,770,France,Female,19,3,120827.53,4,0,1,117047.43,0
11921,649,Spain,Female,63,10,175845.44,3,1,1,123971.67,1
11922,798,France,Female,35,4,45728.88,2,0,1,31146.44,0
11923,770,France,Female,40,2,86091.6,2,1,1,61067.29,0
11924,435,Spain,Female,57,3,49174.97,3,1,0,108324.08,0
11925,636,France,Male,63,10,30671.62,1,1,0,57393.93,0
11926,591,France,Male,53,5,61822.37,1,0,0,102452.07,0
11927,787,France,Female,72,8,22200.64,1,1,1,46739.96,0
11928,351,Spain,Male,29,1,40183.23,3,1,0,55323.51,0
11929,412,France,Female,27,10,166282.42,4,1,1,20460.64,0
11930,408,Spain,Female,39,4,101711.82,3,0,0,100003.26,0
11931,825,France,Female,55,3,117383.12,2,0,0,51095.76,0
11932,714,France,Male,46,2,106771.37,1,1,0,22148.09,0
11933,495,Germany,Male,18,6,92467.18,3,1,1,46724.25,0
11934,690,Germany,Female,44,7,128657.56,4,1,0,35203.39,0
11935,700,Spain,Male,55,9,3578.9,3,0,0,62351.31,0
11936,543,Spain,Female,51,5,50762.16,1,1,1,143620.52,0
11937,831,France,Male,21,7,121764.14,2,0,1,138646.51,0
11938,371,Germany,Male,67,8,29260.96,2,1,0,127392.78,0
11939,628,Germany,Female,56,3,46277.88,3,0,1,122077.02,0
11940,634,France,Female,41,8,142580.04,1,0,0,136753.19,0
11941,492,Spain,Female,19,3,161759.2,2,0,1,33667.88,0
11942,355,Spain,Male,58,5,36551.96,4,1,1,79772.34,1
11943,840,France,Male,40,10,24290.27,1,0,1,119968.16,0
11944,665,Spain,Male,63,5,106253.8,3,0,0,141589.57,1
11945,479,France,Female,67,7,87963.66,3,0,1,95511.37,0
11946,780,France,Female,57,8,32732.25,2,1,1,28900.11,0
11947,708,Spain,Male,35,0,107086.02,2,1,1,58671.59,0
11948,811,France,Female,24,10,104617.23,1,1,1,36354.21,0
11949,644,Germany,Female,73,2,76959.3,3,1,1,117237.83,0
11950,438,France,Male,22,5,244306.68,1,1,0,122598.55,0
11951,607,France,Female,44,6,151844.81,4,1,0,65440.89,0
11952,844,Spain,Female,35,5,119995.28,4,0,1,10098.57,0
11953,739,Germany,Female,28,2,132244.36,1,1,0,139250.62,0
11954,792,France,Female,44,7,245746.96,3,1,1,133172.59,0
11955,812,France,Female,71,5,136627.2,3,0,1,140135.76,1
11956,535,Spain,Female,36,4,30251.94,4,1,0,114562.98,0
11957,826,Spain,Male,26,7,91178.79,3,0,1,148523.8,0
11958,792,Spain,Male,38,5,76689.16,2,1,1,48217.18,0
11959,740,Germany,Male,51,0,39147.14,2,1,0,27677.78,0
11960,682,France,Female,31,10,87646.75,2,1,1,126645.73,0
11961,761,France,Female,71,2,87147.86,2,1,1,123994.27,0
11962,581,France,Male,31,7,69163.77,1,0,0,47296.97,0
11963,364,France,Female,71,9,43938.42,3,0,1,93988.3,0
11964,650,France,Male,40,0,121021.8,3,0,1,22980.24,0
11965,536,France,Male,49,0,21071.47,3,0,1,30656.22,0
11966,592,France,Female,35,5,120779.49,3,0,1,145962.93,0
11967,631,France,Male,30,1,73048.85,2,0,1,132118.63,0
11968,586,France,Male,34,5,88598.1,4,1,0,34275.48,0
11969,587,Germany,Male,46,9,66780.85,3,1,1,101407.31,1
11970,616,Germany,Male,54,9,171030.28,1,1,0,109545.64,0
11971,817,Spain,Male,34,7,28968.47,3,0,0,84223.89,0
11972,655,Spain,Male,24,10,21814.99,2,0,0,80169.49,0
11973,808,Germany,Male,35,5,110272.63,1,0,0,105316.18,0
11974,364,Spain,Male,69,6,36974.3,2,1,0,13729.79,0
11975,590,France,Male,36,9,48628.45,2,1,1,145014.35,0
11976,635,Spain,Male,65,4,58496.52,3,0,0,95345.31,0
11977,810,France,Male,29,2,46936.22,4,1,0,76792.9,0
11978,536,Germany,Female,28,10,85001.43,2,1,0,49306.96,0
11979,527,Spain,Female,20,0,112397.3,1,1,1,48258.42,0
11980,831,Germany,Female,48,1,55726.84,3,1,0,96369.69,0
11981,746,Germany,Female,60,8,85438.29,3,0,1,36980.05,0
11982,364,Spain,Female,46,7,98306.41,1,1,0,108111.44,0
11983,416,France,Female,18,7,33026.58,3,0,1,21993.45,0
11984,846,Spain,Male,70,7,28539.72,2,0,1,64082.1,0
11985,844,France,Male,50,3,187739.93,1,1,1,49592.4,0
11986,456,France,Female,63,9,22663.14,4,1,1,10285.92,1
11987,576,France,Female,38,6,145021.1,1,0,0,107453.77,0
11988,354,France,Female,28,3,76806.67,3,1,0,134394.68,0
11989,836,Spain,Female,55,0,159151.72,2,1,0,64335.38,0
11990,357,France,Female,73,3,35132.54,2,1,1,43697.47,0
11991,478,France,Male,51,3,103062.32,3,0,1,101925.53,0
11992,392,Germany,Male,42,10,92120.07,1,1,0,25863.22,0
11993,489,Germany,Female,45,6,59336.59,1,0,0,129199.79,0
11994,649,Spain,Female,27,8,90924.25,1,1,1,80791.17,0
11995,490,France,Male,62,9,27538.33,4,1,1,105340.62,0
11996,664,France,Female,52,8,67966.63,2,0,0,52884.36,0
11997,496,Spain,Male,50,3,49224.86,3,0,0,83754.47,1
11998,432,France,Male,19,2,117428.21,4,1,1,89274.74,0
11999,394,France,Male,69,0,67353.61,4,0,1,96955.74,0
12000,479,France,Female,46,2,9158.74,3,1,0,120730.75,0
12001,744,France,Female,51,0,50845.32,1,0,1,70355.56,0
12002,443,Spain,Male,57,3,66930.94,1,0,0,70418.51,0
12003,605,Germany,Male,67,3,19610.29,3,1,1,69943.49,1
12004,505,Germany,Female,72,2,150941.08,1,1,1,15536.87,0
12005,607,Germany,Female,67,6,96493.68,4,0,1,61902.97,1
12006,450,Germany,Male,47,9,122259.58,3,0,1,139813.53,0
12007,482,Germany,Female,58,7,27772.97,2,0,0,105210.06,0
12008,380,France,Male,58,7,49264.71,1,1,0,62326.33,1
12009,590,France,Male,36,7,132004.67,3,1,1,124715.37,0
12010,841,France,Male,74,4,11536.03,2,0,0,48354.96,0
12011,580,Spain,Female,45,9,94326.79,2,1,1,68260.3,0
12012,681,Germany,Female,68,8,77976.08,4,1,0,50556.92,1
12013,357,Spain,Male,22,7,43289.15,3,0,0,67092.23,1
12014,810,France,Female,32,10,78030.77,3,0,1,29530.01,0
12015,499,Spain,Male,59,7,9404.7,3,0,0,90242.6,0
12016,664,France,Female,59,4,85925.82,3,1,1,29728.87,0
12017,435,Spain,Female,54,6,1105.29,4,1,1,73394.68,1
12018,381,Germany,Male,33,8,2419.77,3,1,1,116588.73,1
12019,499,Germany,Male,64,7,155037.7,4,0,0,135493.0,1
12020,446,Spain,Male,23,7,31416.61,3,0,0,102485.4,0
12021,564,Germany,Female,22,8,51753.32,4,0,1,63403.26,0
12022,717,Germany,Female,66,0,130081.57,4,1,1,38455.28,0
12023,843,France,Male,25,10,27232.19,3,0,0,49206.42,0
12024,509,Germany,Male,69,10,134738.69,2,0,0,48017.65,0
12025,537,France,Male,54,1,69330.17,2,0,1,103079.62,0
12026,436,France,Female,27,2,127354.88,1,1,0,117511.0,0
12027,795,France,Female,59,7,93450.71,3,1,0,29988.59,0
12028,432,France,Male,47,0,174062.3,3,0,0,73608.67,0
12029,720,France,Male,22,1,65349.5,4,1,1,116118.83,0
12030,544,Spain,Female,38,8,108019.24,4,0,1,107717.1,0
12031,843,France,Female,19,2,13359.33,4,0,0,25178.9,0
12032,410,France,Male,23,1,82375.55,2,0,0,90340.35,0
12033,758,Spain,Male,36,10,163010.42,1,1,0,140860.95,0
12034,739,France,Female,29,9,102473.98,3,0,0,130052.25,0
12035,820,Germany,Male,37,4,82349.27,3,0,0,43164.97,0
12036,417,France,Female,38,8,43793.21,3,0,1,127715.35,0
12037,423,France,Female,20,6,50540.7,1,1,0,147772.56,0
12038,456,France,Female,65,2,3232.24,3,0,1,140791.46,0
12039,741,Spain,Male,23,2,118609.47,1,1,1,131590.8,1
12040,636,France,Male,49,6,29192.53,4,1,1,26902.56,0
12041,525,Spain,Male,29,5,94108.38,2,0,0,70874.12,0
12042,358,Spain,Female,48,4,13686.24,2,0,1,102184.04,1
12043,546,Germany,Male,18,0,184084.17,1,1,1,131586.49,0
12044,734,France,Female,56,6,3586.78,1,1,0,126294.51,0
12045,405,France,Female,26,6,80913.69,3,0,0,67847.99,0
12046,414,France,Male,70,6,227965.74,1,0,1,59804.08,1
12047,421,France,Male,19,10,85488.06,2,0,1,107995.24,0
12048,361,Spain,Female,62,2,21280.5,1,1,1,48650.51,0
12049,689,France,Female,39,7,109091.37,2,1,1,68867.75,0
12050,557,Spain,Male,26,3,131370.28,4,0,0,129394.08,0
12051,459,Germany,Female,60,7,124228.99,4,0,0,49278.97,1
12052,646,France,Female,69,6,43504.99,3,1,0,128789.3,0
12053,673,France,Female,55,6,85601.92,2,0,1,18043.11,1
12054,538,Germany,Male,69,4,52834.07,3,0,0,22129.95,1
12055,527,Germany,Female,52,3,184977.24,1,0,1,60939.31,1
12056,695,France,Male,70,7,77059.16,1,0,1,105158.28,1
12057,667,Spain,Female,44,8,45593.88,2,1,1,41214.13,0
12058,702,France,Female,54,10,112618.53,3,1,0,144591.75,0
12059,663,France,Male,28,4,101686.43,1,0,1,93730.99,0
12060,461,France,Female,53,4,2772.6,3,1,1,21013.19,0
12061,457,Germany,Female,20,3,168949.21,3,1,0,42903.75,0
12062,844,France,Male,33,9,58503.29,1,1,1,130351.16,0
12063,804,France,Female,28,6,31165.02,3,0,0,25719.04,0
12064,589,Spain,Female,23,3,155729.81,1,1,1,13426.19,0
12065,706,Germany,Male,71,10,163648.2,2,1,1,44630.26,0
12066,447,Germany,Female,29,9,147198.53,1,0,1,13907.08,1
12067,632,Germany,Male,64,8,105386.73,4,0,0,38228.97,0
12068,487,Germany,Female,60,8,20077.57,3,1,1,78567.34,0
12069,659,France,Male,50,7,128445.56,2,0,0,126189.83,0
12070,350,Germany,Female,74,2,183094.83,3,0,1,74062.31,0
12071,674,France,Male,52,1,121214.29,1,0,0,87738.73,1
12072,579,France,Male,71,9,167837.32,2,1,1,26091.38,1
12073,527,France,Female,60,8,26980.19,1,1,0,58348.98,0
12074,511,France,Male,18,3,133408.96,4,1,1,101069.46,0
12075,655,France,Female,64,4,128546.85,1,0,1,77435.21,1
12076,440,Germany,Male,50,6,15408.56,2,1,0,141512.5,0
12077,427,Germany,Male,31,6,23496.92,2,0,0,68552.92,1
12078,483,France,Male,20,7,30297.9,1,1,1,139312.39,0
12079,843,France,Female,63,6,77858.15,2,1,1,39413.84,0
12080,790,France,Female,56,5,99930.33,3,0,1,104932.97,0
12081,700,Germany,Female,54,8,59658.51,2,0,0,117701.07,0
12082,411,Germany,Female,45,0,69190.71,1,0,1,145223.59,0
12083,733,Spain,Male,33,0,66365.34,1,0,0,34051.64,0
12084,386,France,Female,47,10,78300.91,1,0,0,96607.15,1
12085,722,Spain,Male,34,1,107792.25,1,0,1,140204.44,0
12086,395,Spain,Male,55,1,102567.39,4,0,0,79824.91,0
12087,775,France,Male,27,3,69850.98,3,1,1,147638.52,0
12088,809,Germany,Female,61,5,88514.4,2,1,0,136797.96,1
12089,581,Spain,Female,49,2,46302.11,2,1,0,51414.22,0
12090,605,Germany,Female,29,0,120489.49,2,1,1,78144.69,0
12091,477,France,Female,73,7,43142.43,4,0,0,55428.5,0
12092,411,Germany,Female,47,8,170745.18,3,1,0,122846.15,1
12093,365,Spain,Male,63,1,71728.17,4,1,1,17685.14,1
12094,629,France,Male,67,0,89466.14,1,0,1,106349.13,0
12095,607,France,Female,27,1,27933.07,2,0,1,10621.05,0
12096,448,France,Female,50,2,52642.76,1,1,0,17838.5,1
12097,427,Spain,Female,24,5,82971.98,2,1,0,118950.73,0
12098,695,Spain,Male,51,9,74304.37,3,1,0,39829.79,1
12099,582,France,Female,34,0,36191.32,4,0,0,89832.08,0
12100,354,Germany,Male,66,1,4069.94,3,1,0,137753.75,1
12101,380,Germany,Male,27,8,75574.7,1,1,1,34780.63,0
12102,665,France,Female,47,4,82350.36,1,0,1,65157.49,0
12103,738,Germany,Male,26,3,105885.31,4,0,1,118864.55,0
12104,361,Germany,Male,69,9,147434.41,1,0,0,96161.69,0
12105,528,France,Male,59,3,54598.95,2,0,1,97559.72,0
12106,847,Germany,Female,46,9,45594.65,3,0,0,36871.75,0
12107,502,Spain,Female,35,6,64689.94,1,1,0,83495.76,0
12108,378,Germany,Male,32,2,36729.96,1,0,1,127519.61,1
12109,750,Germany,Male,50,10,3387.48,2,0,0,83653.75,0
12110,616,France,Male,23,9,134597.42,1,1,0,99562.02,0
12111,549,France,Male,35,3,106993.51,3,0,1,107786.3,0
12112,514,Spain,Male,21,6,34835.66,4,0,0,61220.34,0
12113,584,Germany,Female,74,2,35381.94,4,0,1,82256.93,0
12114,613,Spain,Female,57,2,67939.28,1,0,1,59890.95,0
12115,681,Germany,Male,51,4,31378.29,4,1,1,48652.07,0
12116,489,Germany,Male,57,3,101891.7,3,0,1,20526.59,0
12117,366,Germany,Female,25,8,52458.94,1,1,1,134184.09,0
12118,830,Germany,Female,61,3,182999.77,1,1,0,58039.47,1
12119,505,France,Male,62,10,10086.87,1,1,1,109665.92,0
12120,614,France,Female,59,6,133126.95,4,1,0,38854.32,0
12121,847,France,Male,34,1,32645.71,2,0,0,93463.34,0
12122,423,Germany,Female,38,0,134165.8,3,0,0,113908.79,1
12123,692,France,Male,43,0,14898.84,1,0,0,107644.07,0
12124,373,France,Female,71,10,117111.72,4,1,1,76618.4,0
12125,415,France,Male,34,3,47055.61,2,1,1,148260.25,0
12126,403,France,Female,64,3,24093.53,4,0,0,31326.45,1
12127,824,Spain,Male,45,3,64358.36,2,0,1,114040.4,0
12128,550,Germany,Male,63,8,101759.7,3,1,1,26989.75,1
12129,815,Germany,Male,35,8,97482.08,3,0,0,80250.24,0
12130,849,France,Male,39,8,167586.34,4,1,0,10856.55,0
12131,677,France,Female,36,7,122398.13,2,1,1,18696.63,1
12132,394,France,Male,35,8,84051.85,1,1,1,136156.56,0
12133,358,Spain,Male,26,8,49431.13,1,0,1,113817.63,0
12134,835,Germany,Female,33,2,45632.6,3,1,1,15321.77,0
12135,558,Germany,Female,72,4,50425.16,3,1,0,21741.51,0
12136,445,France,Male,22,2,110616.78,3,1,0,24869.53,0
12137,542,France,Male,29,4,6508.01,1,0,1,127931.84,0
12138,555,Germany,Female,33,8,2843.53,4,0,0,76950.97,0
12139,439,France,Female,34,10,81989.97,1,1,1,126753.67,0
12140,582,France,Male,66,9,56150.95,1,1,0,94260.22,0
12141,652,France,Female,41,0,167983.37,3,0,1,117511.22,0
12142,475,Germany,Male,66,3,92652.47,4,0,1,28322.49,1
12143,493,France,Female,24,0,105203.09,1,1,1,110907.04,0
12144,464,Germany,Male,57,4,177960.5,4,0,0,51442.75,1
12145,685,France,Female,31,0,43447.52,1,1,0,99139.53,0
12146,774,Spain,Female,68,8,73322.25,4,0,0,31288.68,0
12147,473,France,Female,41,8,14097.6,1,1,0,56031.14,0
12148,621,France,Female,56,10,88849.14,1,1,0,122153.83,0
12149,805,Spain,Male,51,5,135298.3,3,1,1,20558.28,0
12150,594,Germany,Female,37,2,155257.42,2,0,1,31604.58,0
12151,487,Germany,Male,48,7,71276.88,1,0,1,50000.35,0
12152,445,France,Male,59,2,30942.34,1,0,1,39449.19,0
12153,357,Spain,Male,39,7,27656.47,3,0,0,126233.56,0
12154,742,France,Male,55,6,9922.15,2,0,0,132936.27,0
12155,773,Spain,Female,56,8,80753.28,3,1,0,126111.64,0
12156,385,Spain,Male,64,4,154806.91,3,1,0,71207.91,0
12157,461,Germany,Female,60,5,68301.86,2,0,1,98501.6,0
12158,578,Spain,Male,43,9,56641.97,4,0,1,89939.28,0
12159,371,Germany,Male,33,3,157407.21,4,1,1,99837.39,0
12160,380,Germany,Female,42,9,22772.6,3,1,1,96022.06,0
12161,823,France,Male,31,1,93378.57,4,1,0,139198.73,0
12162,684,Spain,Female,27,10,1763.17,2,1,0,100974.82,0
12163,511,Spain,Female,53,4,120428.55,1,0,0,14461.62,0
12164,768,France,Female,64,3,120475.06,4,1,0,115152.24,1
12165,701,France,Male,41,2,83765.95,1,0,1,87950.19,0
12166,679,Germany,Male,67,5,123087.78,1,0,1,120108.16,0
12167,404,Spain,Female,65,10,76712.16,1,0,0,57160.32,0
12168,730,France,Female,20,10,107483.0,4,1,0,39081.09,0
12169,754,Spain,Male,18,8,182974.39,3,0,0,80907.03,0
12170,735,France,Female,70,10,139537.13,4,0,0,41791.84,0
12171,770,Spain,Male,48,3,34361.1,1,0,0,92511.54,0
12172,581,Spain,Male,44,9,25696.49,3,1,0,86166.05,0
12173,488,France,Male,37,5,59532.49,2,0,0,106677.46,0
12174,743,France,Female,29,0,60129.07,1,1,1,13483.28,0
12175,470,France,Male,30,5,78155.27,1,1,1,120249.65,0
12176,424,France,Female,53,10,37692.6,4,0,1,26953.59,0
12177,417,Germany,Female,67,6,113002.93,4,1,0,76508.18,0
12178,485,Spain,Female,35,1,76201.69,2,1,1,68499.9,0
12179,643,Spain,Male,30,10,95624.35,3,0,1,147246.67,0
12180,585,France,Male,38,10,74400.23,4,0,1,121588.02,0
12181,556,Spain,Male,62,3,110851.93,3,0,0,137817.18,1
12182,791,France,Male,61,7,2325.05,4,1,1,47475.59,0
12183,795,Spain,Female,66,6,168779.21,3,0,1,80176.05,1
12184,650,Spain,Female,46,0,94846.71,1,1,1,132441.8,0
12185,534,France,Female,73,5,101053.48,2,0,0,129941.98,1
12186,362,Spain,Male,51,1,110774.85,2,1,0,92982.44,1
12187,603,Germany,Male,24,10,139012.12,1,0,1,80402.28,0
12188,552,Germany,Female,51,0,118328.53,4,1,0,45304.92,0
12189,543,Spain,Male,26,2,88437.88,1,0,1,84050.02,0
12190,401,Germany,Male,69,3,63366.66,4,0,0,131164.06,0
12191,483,Germany,Male,22,7,24305.81,2,1,0,110705.09,0
12192,434,France,Male,56,2,87143.05,1,0,1,124975.34,0
12193,379,Spain,Male,36,0,55592.07,4,1,1,94601.47,0
12194,560,Spain,Male,29,10,55543.36,4,0,0,23514.65,0
12195,647,France,Male,69,5,218532.76,1,1,0,36131.18,0
12196,558,Spain,Male,47,2,37102.59,4,0,1,68932.34,1
12197,495,France,Male,54,10,77760.3,1,1,0,134468.38,0
12198,400,France,Male,63,10,147130.9,1,0,0,76801.98,0
12199,804,France,Female,26,7,132082.17,3,1,0,141266.77,1
12200,746,Germany,Female,73,1,148828.39,2,1,1,76865.58,0
12201,676,France,Male,24,0,1531.36,1,1,0,112546.39,0
12202,449,France,Male,23,0,16887.11,3,0,0,106943.23,0
12203,666,France,Female,60,10,111672.13,2,0,0,11686.39,0
12204,422,France,Male,22,6,56814.76,2,1,0,70700.49,0
12205,783,Spain,Female,53,5,177255.15,4,0,0,90177.15,0
12206,611,France,Male,60,7,88326.55,1,0,1,147656.19,0
12207,444,France,Male,18,6,86415.74,1,0,0,124288.59,0
12208,689,Germany,Female,28,6,101131.81,3,0,0,43341.7,0
12209,795,France,Female,51,10,58422.86,2,0,0,51324.76,0
12210,690,France,Female,45,10,81899.96,3,1,0,78327.28,1
12211,758,Spain,Male,28,6,34312.18,2,1,0,60440.41,0
12212,698,Spain,Male,55,6,72586.13,2,0,1,61161.45,0
12213,442,Spain,Male,34,2,45850.84,1,1,1,89334.44,0
12214,832,France,Female,48,4,90236.01,1,0,1,16635.71,0
12215,459,Spain,Male,23,4,10086.18,4,0,1,70003.23,0
12216,569,France,Male,49,10,14573.56,2,1,1,20117.39,0
12217,372,France,Female,74,8,102507.47,4,1,1,12212.55,0
12218,846,France,Female,26,7,88554.43,4,1,1,129195.73,0
12219,572,Spain,Male,44,4,17167.94,3,0,0,18500.13,0
12220,609,Spain,Female,27,9,61403.97,4,0,1,101982.72,0
12221,408,France,Male,53,1,12110.99,2,1,0,118041.62,0
12222,399,France,Female,39,5,197437.75,1,1,0,21470.99,0
12223,756,Spain,Female,29,4,18687.62,1,1,0,21004.49,0
12224,847,Spain,Female,32,8,177849.61,1,0,1,14112.92,0
12225,488,Germany,Male,39,1,25720.56,3,0,1,132532.41,0
12226,694,France,Male,22,1,100379.01,2,1,0,76865.46,0
12227,463,Germany,Female,54,1,59384.27,3,1,0,30909.6,0
12228,540,Germany,Female,34,7,52310.49,4,0,1,147030.45,0
12229,807,France,Male,60,1,131315.84,4,1,1,96054.09,0
12230,805,France,Male,74,10,124116.0,1,0,1,133763.61,0
12231,505,France,Male,69,5,57838.76,1,1,0,23740.59,0
12232,508,France,Female,44,2,20678.11,4,0,1,91651.92,0
12233,517,France,Female,32,3,199564.86,1,0,0,115978.01,0
12234,791,France,Male,40,2,159461.64,4,0,1,72208.6,0
12235,628,Spain,Male,31,1,83723.05,2,1,1,79337.63,0
12236,386,France,Female,63,0,57442.55,2,0,0,17257.44,0
12237,619,Germany,Male,40,8,92857.51,2,0,1,39928.67,0
12238,500,Spain,Male,67,0,80214.53,4,0,0,45914.73,1
12239,499,France,Female,35,6,147059.55,4,0,1,71896.94,0
12240,567,Germany,Male,28,6,17390.08,1,1,1,12125.18,0
12241,659,France,Male,64,9,76564.79,1,0,1,22225.72,0
12242,516,Germany,Male,25,2,28285.94,3,0,0,92484.88,0
12243,457,Germany,Female,39,1,153726.85,2,1,0,147949.93,0
12244,428,Germany,Female,61,4,183510.81,3,0,0,46004.9,0
12245,685,France,Male,39,6,69858.45,1,0,0,83901.35,0
12246,832,Spain,Male,64,2,107726.68,1,0,1,79541.9,0
12247,506,Spain,Female,46,2,159726.21,4,0,0,118111.84,0
12248,658,Germany,Male,30,8,57403.77,4,0,1,84549.61,0
12249,462,Germany,Female,50,5,19366.91,3,1,1,81562.33,0
12250,541,France,Female,30,9,137789.47,4,0,1,15798.89,0
12251,521,Spain,Female,38,4,105778.22,4,0,0,12094.81,0
12252,605,Germany,Male,23,7,62959.88,3,0,1,72128.91,0
12253,481,Spain,Female,18,6,163050.29,2,1,1,27262.49,0
12254,788,France,Male,20,1,89590.99,1,1,0,54757.32,0
12255,748,Spain,Male,59,6,31385.24,3,1,1,30897.55,0
12256,536,France,Male,27,8,96214.29,4,0,1,120998.7,0
12257,729,Germany,Female,24,10,71881.32,4,1,0,50982.13,0
12258,437,France,Male,26,0,188278.57,1,1,1,100833.75,0
12259,405,France,Female,66,6,74459.31,1,0,1,92908.83,0
12260,817,Spain,Female,74,6,63081.46,1,0,0,107917.03,0
12261,798,France,Male,32,3,101675.06,4,1,0,48107.69,0
12262,611,France,Female,49,3,90170.93,4,0,0,32560.54,0
12263,760,France,Female,32,8,9001.41,4,0,0,131832.84,0
12264,747,Spain,Female,30,4,82660.45,4,1,1,79025.05,0
12265,397,France,Male,48,1,55826.6,2,0,0,110302.58,0
12266,686,France,Male,66,9,159765.94,3,1,0,72131.93,0
12267,597,Spain,Male,69,8,219501.73,4,1,1,13700.33,0
12268,544,Germany,Male,19,7,8453.41,3,1,0,27180.27,0
12269,612,Germany,Female,39,6,17572.7,4,0,1,30626.28,0
12270,827,Spain,Male,61,9,24980.95,4,0,1,14451.23,0
12271,603,France,Female,45,2,36114.52,1,1,1,110240.87,0
12272,775,Germany,Female,31,9,34104.87,4,0,0,144425.54,0
12273,360,Germany,Female,41,8,78771.41,4,1,0,66448.9,1
12274,714,Germany,Female,37,6,140879.2,2,0,1,145885.58,0
12275,809,Germany,Female,24,1,2517.6,4,1,0,25675.51,1
12276,699,France,Male,54,3,16765.93,3,0,0,58834.14,0
12277,565,France,Female,34,0,34992.51,2,0,0,94207.2,0
12278,592,Spain,Female,33,2,141865.89,4,0,1,100396.47,1
12279,714,Germany,Female,70,2,155180.03,4,0,1,14014.65,1
12280,729,France,Male,51,5,16504.74,2,0,1,135248.8,0
12281,624,France,Female,71,5,22296.47,3,0,0,149266.04,0
12282,588,Germany,Female,46,8,83400.07,1,1,1,51328.6,1
12283,812,France,Male,32,6,141160.78,3,1,0,51409.14,0
12284,772,Germany,Female,62,5,136486.89,1,1,1,98413.39,0
12285,498,France,Male,70,3,87218.7,4,0,0,68571.03,1
12286,770,Spain,Female,33,7,116535.1,1,1,0,82935.17,1
12287,701,France,Male,18,6,95252.56,4,1,1,130932.17,0
12288,638,France,Male,74,6,42361.67,1,0,0,100023.79,0
12289,509,France,Male,58,10,190149.42,2,0,1,26525.16,0
12290,752,Spain,Female,39,0,75562.22,2,1,1,56190.39,0
12291,813,Germany,Male,19,10,8906.26,1,0,1,131056.61,0
12292,676,France,Female,50,10,47563.69,3,0,1,140634.41,0
12293,502,Spain,Female,42,7,16880.4,4,0,0,53047.08,0
12294,446,Germany,Male,43,5,76655.46,3,0,1,20832.66,1
12295,371,France,Female,41,3,141449.67,2,0,0,119498.98,0
12296,520,Spain,Female,55,4,262.77,4,1,0,40501.41,0
12297,592,France,Female,42,5,143305.9,3,0,1,41587.44,0
12298,805,Spain,Male,73,4,201292.38,3,1,0,67659.64,0
12299,702,France,Male,71,8,98381.38,2,1,0,21614.25,0
12300,809,Spain,Male,23,5,6183.68,1,1,1,104889.64,0
12301,553,France,Male,38,9,24470.69,4,0,1,130065.03,1
12302,601,Germany,Female,71,9,55592.14,4,0,0,57141.26,1
12303,724,France,Male,19,10,1257.81,3,1,0,104220.54,0
12304,500,France,Male,36,9,652.97,3,0,1,28608.87,0
12305,721,Germany,Female,24,4,60094.04,3,1,1,60276.73,0
12306,729,France,Male,40,3,64855.57,4,0,1,31737.59,0
12307,462,France,Male,60,3,112034.09,4,0,1,24618.1,0
12308,597,France,Female,28,6,3673.69,2,0,1,48531.63,0
12309,552,Germany,Male,25,3,188067.65,1,0,0,61523.19,0
12310,569,France,Female,18,8,139401.78,4,0,0,13244.63,0
12311,844,France,Female,21,8,129151.09,3,0,0,99831.56,0
12312,494,France,Male,63,3,36612.57,1,0,0,100121.49,0
12313,608,France,Male,29,10,180108.57,3,1,1,50273.27,1
12314,819,Spain,Female,24,6,55105.97,1,0,0,70751.73,0
12315,788,Germany,Female,73,6,184689.63,1,0,1,48107.72,1
12316,752,Germany,Male,39,7,140006.52,4,0,0,24208.0,0
12317,549,Germany,Male,43,4,21862.37,1,1,0,143485.47,0
12318,802,Spain,Female,34,2,48432.89,3,1,0,140460.15,0
12319,461,France,Male,26,7,188023.32,1,0,0,74394.31,0
12320,581,France,Female,58,3,135829.81,2,1,1,124767.54,0
12321,790,France,Male,55,4,66382.25,2,0,0,81029.61,0
12322,546,France,Female,39,4,87962.28,3,1,1,144033.97,0
12323,577,France,Male,39,6,87633.74,4,1,1,95774.0,1
12324,836,Spain,Male,24,9,29312.19,3,0,0,130315.91,0
12325,357,Germany,Female,49,2,63695.89,1,1,0,88392.52,1
12326,498,France,Male,44,7,36090.25,4,0,1,88353.84,0
12327,700,France,Male,74,1,49977.35,4,0,0,97728.31,0
12328,443,Spain,Male,36,4,103738.82,4,0,0,127574.82,0
12329,618,Germany,Male,57,4,18220.43,1,0,0,27254.4,0
12330,628,France,Male,37,6,119343.12,1,0,0,110111.06,0
12331,762,Spain,Female,48,2,82315.56,2,0,0,110038.13,0
12332,448,Spain,Male,35,8,121526.07,1,0,0,149841.45,0
12333,830,Spain,Male,74,1,129139.02,1,0,1,59359.85,1
12334,669,Spain,Female,42,1,150597.03,3,1,0,106337.07,0
12335,694,Germany,Female,46,10,113465.36,4,1,0,61805.61,0
12336,543,France,Male,24,4,118208.85,4,1,1,93061.68,0
12337,415,Germany,Female,43,7,64903.48,1,1,1,11101.0,0
12338,541,France,Female,70,4,109918.25,3,0,0,124953.12,1
12339,398,Germany,Female,66,4,21598.49,4,1,0,36594.93,1
12340,657,France,Male,51,1,60919.32,4,1,0,78351.44,0
12341,777,France,Female,72,10,120726.35,3,1,0,32747.32,0
12342,609,Germany,Female,25,3,72586.81,1,0,1,142247.91,0
12343,719,France,Female,59,1,102512.42,2,1,0,111390.7,0
12344,369,Germany,Female,40,10,12215.24,4,0,1,130648.82,0
12345,758,Spain,Male,38,3,157924.04,2,1,1,116084.74,0
12346,368,Spain,Male,74,1,41033.64,2,0,1,135701.59,1
12347,622,Germany,Female,40,9,99486.52,1,0,1,101719.74,1
12348,404,Spain,Male,51,1,74336.44,3,1,1,21674.43,1
12349,645,Germany,Male,18,10,131777.97,3,1,0,19919.61,0
12350,490,Spain,Male,30,10,52707.81,4,0,0,114982.86,0
12351,386,Spain,Male,31,8,15578.37,3,0,0,50364.63,0
12352,779,France,Female,56,3,38402.66,3,1,1,110109.43,0
12353,562,France,Male,62,2,57273.21,2,0,0,70912.96,0
12354,372,France,Female,42,0,3901.85,3,1,1,129402.85,0
12355,632,France,Male,45,6,107849.63,4,0,0,57463.28,0
12356,467,France,Female,55,3,162385.96,4,0,1,22770.17,0
12357,492,Spain,Male,66,0,58123.49,4,1,0,127252.54,0
12358,438,France,Female,62,8,1860.54,4,1,0,52160.85,0
12359,389,France,Male,56,0,94279.75,3,1,1,65535.67,0
12360,849,Spain,Male,22,9,149942.92,3,0,0,118644.32,0
12361,791,France,Female,50,9,94076.73,4,0,1,45134.05,0
12362,580,France,Male,27,8,95187.48,3,0,0,141488.75,0
12363,425,Spain,Male,63,0,106124.87,2,1,0,14014.44,0
12364,549,Spain,Female,50,6,110295.9,3,0,1,116542.17,0
12365,606,France,Male,46,1,174589.2,1,1,0,129450.65,1
12366,532,France,Male,20,2,112545.31,2,1,1,97195.18,0
12367,685,France,Male,56,1,1015.57,3,1,1,37247.79,0
12368,595,Spain,Female,46,1,47247.27,4,1,1,24676.5,0
12369,595,Spain,Male,45,7,88312.75,2,0,0,117952.04,0
12370,746,France,Female,30,8,26832.92,2,1,0,112205.2,0
12371,795,Germany,Female,38,6,59971.68,1,0,0,119278.16,0
12372,643,France,Male,65,1,44026.9,2,1,1,146827.44,0
12373,467,Germany,Male,61,2,33469.98,3,1,1,94679.31,0
12374,682,France,Male,65,6,117465.34,2,0,1,142632.4,0
12375,797,France,Female,22,4,52227.33,2,0,1,147920.37,0
12376,508,France,Male,30,5,9871.06,4,0,0,92391.93,0
12377,781,France,Male,73,10,32571.67,3,0,1,118241.97,1
12378,561,Spain,Male,22,10,77933.18,2,1,0,32961.33,0
12379,622,Spain,Male,72,2,202944.99,1,1,0,149817.11,0
12380,641,Germany,Female,56,2,91250.78,4,1,1,79481.29,0
12381,558,Germany,Female,65,0,165120.59,1,0,1,80232.31,1
12382,407,France,Female,41,6,105480.45,2,1,0,105974.43,0
12383,780,France,Male,44,7,53891.58,1,0,1,129830.44,0
12384,803,Spain,Male,35,9,98501.34,2,0,1,48782.22,0
12385,594,Spain,Female,43,1,24285.88,4,0,1,115326.73,0
12386,385,France,Male,69,5,6002.55,1,1,1,126507.07,0
12387,830,Spain,Male,40,6,10669.58,3,0,1,65458.01,0
12388,429,Spain,Female,21,5,183523.42,4,1,0,71511.67,0
12389,424,Spain,Male,44,2,19581.32,2,0,1,133507.14,0
12390,730,France,Male,22,0,38245.38,2,0,1,56815.86,0
12391,399,Germany,Male,30,0,145531.99,1,1,1,122831.04,0
12392,685,France,Female,28,9,115750.5,2,0,0,134618.18,0
12393,435,France,Female,63,7,27610.01,2,0,1,60966.54,0
12394,755,France,Male,37,9,68914.1,1,1,1,54230.85,0
12395,770,France,Male,68,8,44461.36,4,1,0,36216.18,0
12396,657,France,Female,57,10,63813.02,3,0,0,38232.05,0
12397,566,Spain,Female,46,3,120989.35,4,0,1,130587.37,0
12398,750,Germany,Male,31,3,40796.13,3,1,0,49100.0,0
12399,584,Spain,Male,66,1,56263.02,1,0,1,47760.11,1
12400,423,France,Female,55,2,163716.74,1,1,0,101146.54,0
12401,684,France,Female,34,10,35735.78,4,1,1,49678.92,0
12402,681,Germany,Male,34,1,53066.71,3,0,0,49561.39,0
12403,452,Spain,Male,66,2,103926.58,1,0,1,140366.2,0
12404,554,France,Female,55,9,276.82,4,1,1,148573.19,1
12405,570,France,Male,73,2,37448.85,1,0,0,116845.41,1
12406,445,Germany,Male,46,1,3859.11,3,1,0,119885.79,0
12407,653,Spain,Female,56,4,84923.88,1,0,1,62303.49,0
12408,795,Spain,Male,63,8,37866.34,1,1,1,58938.73,0
12409,363,Spain,Female,72,2,123057.07,1,1,0,124574.06,1
12410,718,France,Male,30,6,137202.39,2,0,1,83678.06,0
12411,567,France,Male,59,2,78299.08,1,1,0,39355.9,0
12412,352,Spain,Female,44,10,52549.05,4,0,0,55583.64,0
12413,643,Spain,Male,57,10,91225.15,4,0,0,111849.78,0
12414,466,Spain,Female,19,5,78964.01,4,1,0,64236.24,0
12415,559,France,Male,44,0,1917.25,2,1,1,123383.38,0
12416,691,France,Male,74,9,140233.54,1,0,0,41202.54,0
12417,448,France,Female,21,9,89109.96,4,0,0,10265.93,0
12418,585,Spain,Male,29,5,123129.9,3,0,0,30043.99,0
12419,381,Spain,Male,25,5,6865.99,1,1,0,24991.49,0
12420,403,France,Female,65,5,128440.35,3,1,1,36375.92,0
12421,824,Spain,Female,65,0,202794.3,3,0,0,146866.08,0
12422,736,France,Male,50,3,112669.91,4,0,1,101314.38,0
12423,748,France,Female,28,1,12255.12,1,1,0,70713.52,0
12424,550,Germany,Female,73,7,77642.95,3,0,0,29955.62,0
12425,626,France,Female,57,7,71835.41,2,1,0,123385.38,0
12426,544,France,Female,43,6,88584.49,3,1,1,99438.17,0
12427,713,France,Male,27,6,61253.94,4,1,0,46746.05,0
12428,798,France,Male,50,4,105364.11,3,1,1,77105.07,0
12429,361,Germany,Male,61,2,47254.63,3,0,0,128675.68,0
12430,588,France,Male,32,0,89259.98,4,0,0,144581.83,0
12431,849,Spain,Male,72,3,33690.45,3,0,0,143151.45,0
12432,397,France,Female,62,4,81324.21,4,1,0,91962.84,0
12433,518,France,Male,53,10,135555.66,3,1,1,84184.38,1
12434,371,Germany,Male,46,5,45630.95,2,1,0,68723.45,0
12435,572,France,Male,20,8,115672.52,2,1,1,11104.88,0
12436,713,France,Male,24,4,21624.04,4,1,0,51301.39,0
12437,382,Germany,Female,60,7,52781.77,3,0,0,125588.39,1
12438,526,Germany,Female,23,4,60977.78,2,0,0,60416.08,0
12439,510,Spain,Male,45,10,150721.06,2,1,1,101992.82,0
12440,700,Spain,Female,28,1,28892.43,4,0,0,147368.25,0
12441,408,France,Female,67,2,148997.87,4,0,0,121011.49,1
12442,782,Spain,Female,66,8,13450.12,4,1,1,54379.12,0
12443,518,Germany,Male,26,3,65665.9,3,1,1,43190.61,0
12444,709,Germany,Male,42,6,130483.68,4,0,0,139567.24,0
12445,559,France,Male,33,9,117315.09,4,1,0,39585.94,0
12446,499,France,Male,18,9,14063.77,2,0,1,109970.08,0
12447,651,Germany,Male,70,4,1112.96,4,0,1,99343.4,0
12448,563,Spain,Female,59,3,128329.35,1,0,1,88850.71,0
12449,415,Spain,Male,65,4,1241.35,4,1,0,53562.8,0
12450,729,France,Female,36,2,110284.14,3,1,0,146388.68,0
12451,784,Spain,Female,69,8,43592.02,1,1,1,117831.5,0
12452,435,Germany,Female,21,10,74470.68,2,1,0,67687.17,0
12453,822,Germany,Female,47,10,215415.32,1,0,1,33096.62,0
12454,632,Spain,Male,24,3,169067.32,3,1,1,67155.61,0
12455,416,France,Female,56,9,126020.36,2,1,1,16278.0,1
12456,697,Spain,Female,52,10,8349.5,3,1,0,36007.41,1
12457,424,Spain,Male,71,8,94487.6,4,1,0,43292.1,1
12458,396,Spain,Female,62,6,78312.76,1,1,0,31880.13,0
12459,742,France,Male,55,4,68988.42,3,1,0,85072.76,0
12460,550,Germany,Female,39,4,156109.45,3,0,0,30302.97,1
12461,516,France,Female,22,7,29150.98,3,0,1,22622.05,1
12462,592,Spain,Male,70,3,94329.83,3,1,0,19732.11,0
12463,485,Spain,Female,26,2,82695.85,4,1,1,133821.08,0
12464,713,France,Male,24,5,29489.69,1,1,0,21115.83,0
12465,482,Germany,Male,18,2,179732.27,3,0,0,144332.54,1
12466,565,Germany,Male,66,1,1866.96,3,0,1,140114.47,0
12467,443,France,Female,24,2,76676.0,1,0,0,81507.21,0
12468,770,Spain,Male,32,10,79829.22,4,0,0,134006.06,0
12469,802,France,Male,19,7,58008.02,2,0,1,13185.92,0
12470,641,France,Female,65,5,11827.01,1,1,0,115545.6,0
12471,683,France,Female,39,10,16110.76,4,1,1,84282.38,0
12472,700,Spain,Male,56,5,122736.34,3,1,1,95650.84,0
12473,457,France,Male,53,8,132304.38,4,0,0,149986.5,1
12474,436,Germany,Female,53,1,110986.61,1,1,1,32454.3,0
12475,849,France,Female,67,2,89480.19,1,0,1,53206.52,1
12476,401,Germany,Female,67,0,58558.81,4,1,1,106167.95,0
12477,515,France,Female,41,7,87989.19,4,0,1,35236.54,0
12478,822,Spain,Male,31,9,43687.19,2,0,0,138859.62,0
12479,730,Germany,Male,27,3,145955.91,3,1,0,32773.83,0
12480,683,Germany,Female,24,4,156566.42,4,0,1,65038.43,0
12481,716,France,Male,69,9,210683.65,2,1,1,114798.87,0
12482,581,France,Male,35,0,117889.63,1,1,0,131472.09,0
12483,568,Spain,Male,70,5,124334.1,2,1,1,120340.88,0
12484,719,Spain,Male,53,4,12185.19,3,1,1,124633.11,0
12485,686,Germany,Male,73,2,79616.54,4,1,0,67025.98,1
12486,627,Spain,Female,52,3,248.25,1,0,0,62662.12,0
12487,490,Germany,Male,19,3,129256.9,4,0,0,86476.14,0
12488,705,Germany,Male,61,8,2219.61,4,1,1,34457.8,0
12489,714,France,Male,51,0,61726.49,2,0,0,85072.1,0
12490,727,France,Female,31,0,24876.43,4,1,0,87504.54,0
12491,451,France,Male,53,3,46220.98,3,1,1,54810.46,0
12492,683,France,Male,26,1,102483.45,4,1,1,30331.31,0
12493,414,France,Male,48,3,40411.84,1,0,1,22604.38,0
12494,470,Germany,Female,65,8,88054.97,1,1,0,60125.1,0
12495,539,France,Male,28,5,13676.69,4,1,1,85677.84,0
12496,621,France,Female,52,7,159548.2,4,1,1,147817.33,0
12497,702,France,Female,70,7,35463.61,1,1,0,37482.56,0
12498,566,Germany,Male,63,6,136173.85,2,1,0,12819.55,0
12499,706,Spain,Male,48,10,204612.38,3,1,1,51964.55,0
12500,622,Germany,Male,22,7,73600.42,4,0,0,75661.51,1
12501,489,Germany,Female,20,8,14256.69,2,1,0,91070.55,0
12502,606,Germany,Male,28,10,62043.42,3,0,0,57291.2,0
12503,366,France,Male,37,6,145754.67,1,0,1,137936.19,0
12504,488,France,Male,50,3,45066.97,1,0,1,40095.53,1
12505,625,Spain,Male,59,3,97614.96,1,1,1,46831.31,0
12506,747,Spain,Male,60,0,30101.74,1,1,0,46036.93,1
12507,724,France,Female,29,1,108771.13,4,1,1,145459.21,0
12508,800,France,Female,38,2,614.95,3,1,0,76944.69,0
12509,369,Spain,Male,62,6,125434.38,1,0,0,59268.81,0
12510,371,Spain,Female,62,0,107713.9,4,1,0,17091.25,1
12511,420,Germany,Male,29,0,40711.07,2,0,0,64017.8,0
12512,550,Spain,Male,30,1,185304.71,1,0,1,122580.32,1
12513,578,Germany,Male,42,0,84947.03,1,0,0,127436.09,0
12514,794,Spain,Female,35,9,19839.19,3,1,0,143178.0,0
12515,447,France,Female,34,7,208761.63,2,1,1,37835.14,0
12516,759,France,Female,45,6,138481.2,4,1,0,15431.58,0
12517,542,Germany,Male,25,1,143245.6,4,0,0,34921.61,0
12518,575,France,Female,19,6,48623.24,1,0,1,19729.26,0
12519,439,Germany,Male,68,9,112304.52,1,0,1,131020.36,0
12520,428,France,Male,48,3,105313.71,3,1,0,50203.81,0
12521,701,Germany,Male,37,7,26838.6,3,1,0,127056.83,0
12522,592,Spain,Male,46,5,110575.95,2,0,1,50499.44,0
12523,739,France,Male,60,5,63062.51,2,1,1,24524.05,0
12524,361,Spain,Female,43,7,152898.45,2,1,1,48011.41,1
12525,827,Germany,Female,68,10,154109.39,1,0,1,95708.04,0
12526,454,Spain,Female,64,4,35022.58,4,0,0,146127.4,0
12527,365,France,Male,34,1,37390.76,4,0,1,99162.39,0
12528,533,France,Male,53,9,85993.59,4,0,0,122461.19,0
12529,418,Germany,Female,18,3,114321.88,2,1,1,81764.14,0
12530,750,Spain,Male,44,10,49129.14,2,1,0,139290.65,0
12531,788,Germany,Female,47,5,67265.63,3,1,1,130115.99,0
12532,744,Spain,Male,71,2,111609.29,2,0,0,148369.67,0
12533,696,France,Male,31,10,100112.92,4,1,1,128181.95,0
12534,460,Spain,Female,58,1,145376.99,4,0,1,107717.81,0
12535,694,Spain,Male,67,0,88821.02,3,0,0,126448.62,0
12536,773,Germany,Female,43,2,19925.09,1,0,0,135144.79,0
12537,358,France,Female,27,6,33785.67,2,0,1,104868.92,0
12538,414,Germany,Male,51,8,123861.11,1,0,1,21021.17,0
12539,848,France,Female,59,10,53749.19,3,1,1,71321.76,0
12540,400,Germany,Male,43,7,52855.19,3,0,0,145477.66,0
12541,508,Germany,Male,19,1,56402.83,3,1,0,106874.78,0
12542,821,Germany,Male,55,5,22207.27,3,0,1,65879.71,1
12543,377,France,Male,33,7,50178.8,1,0,0,134195.04,0
12544,796,France,Female,52,9,85410.86,4,1,1,60318.6,0
12545,404,France,Male,29,7,49432.45,4,0,0,64939.38,0
12546,436,Spain,Female,53,8,19187.04,1,0,0,85162.63,0
12547,422,France,Female,66,3,186824.9,1,0,1,104735.62,0
12548,662,France,Male,20,4,101513.31,3,1,1,89899.98,0
12549,674,France,Male,52,5,60960.14,1,0,0,56670.0,0
12550,376,Germany,Female,58,2,84031.06,1,0,1,88754.5,0
12551,556,Germany,Female,55,10,118825.25,3,0,1,59322.86,1
12552,601,Spain,Female,47,8,27592.61,3,0,0,103778.35,0
12553,501,Spain,Male,22,5,59913.45,2,1,0,88077.19,0
12554,495,Spain,Female,37,4,52236.8,3,1,0,25047.87,0
12555,433,Spain,Male,35,5,226661.18,1,0,1,98297.3,1
12556,509,France,Male,39,0,78482.12,2,0,1,141584.82,0
12557,488,France,Male,68,6,46843.15,2,1,1,97189.65,0
12558,429,Spain,Female,20,9,122976.43,1,1,1,20299.9,0
12559,754,France,Male,52,0,233016.13,2,0,1,87338.6,1
12560,473,Germany,Female,49,10,15165.81,2,1,1,32854.29,0
12561,533,France,Male,61,8,287975.85,4,1,0,68481.6,1
12562,410,Spain,Male,38,1,70098.64,1,0,0,33107.49,0
12563,353,France,Female,46,0,135524.76,2,0,1,138493.97,0
12564,733,France,Female,47,7,39227.3,4,0,1,118283.2,0
12565,848,France,Female,29,10,57323.74,3,0,0,89923.99,0
12566,752,Spain,Female,19,3,1903.21,4,0,0,51659.11,0
12567,828,Germany,Male,70,10,8823.22,1,1,0,24459.01,0
12568,685,Germany,Male,64,10,58149.26,1,1,1,109398.37,0
12569,536,France,Female,33,9,144380.71,4,1,0,43826.69,0
12570,406,France,Male,43,10,3086.44,4,1,1,137220.79,0
12571,674,Spain,Male,27,9,96698.55,2,0,0,132888.51,0
12572,384,Spain,Male,18,0,94200.38,3,0,0,32728.6,0
12573,396,Germany,Male,54,6,33809.39,3,1,1,149572.0,0
12574,407,Spain,Male,50,0,76775.29,2,1,0,145634.67,0
12575,635,Germany,Male,22,3,67972.45,4,1,1,21047.87,0
12576,618,France,Male,72,1,43234.65,4,1,1,81512.62,0
12577,376,Germany,Female,61,6,76849.2,3,1,0,50778.77,0
12578,702,France,Male,26,8,76901.42,3,0,0,98078.73,0
12579,467,Germany,Male,58,7,10783.61,2,0,0,127656.21,0
12580,523,France,Male,58,2,6272.27,4,1,0,47060.01,0
12581,820,Germany,Female,39,1,21327.21,3,1,0,19857.99,0
12582,596,Spain,Male,58,0,81196.74,2,1,0,61313.53,0
12583,415,Spain,Male,47,8,159129.02,3,1,1,37793.42,0
12584,519,France,Female,42,5,164515.35,2,1,1,109314.99,0
12585,613,Spain,Female,45,3,93083.26,1,0,0,51312.41,0
12586,388,Spain,Female,45,3,132198.15,2,0,1,93814.41,0
12587,648,Spain,Male,22,5,81256.73,2,1,0,25458.67,0
12588,424,Germany,Female,38,4,141947.52,1,0,1,47743.56,1
12589,461,Spain,Male,22,2,81544.31,1,1,1,117484.95,0
12590,645,France,Female,37,3,97922.58,3,1,1,126382.59,0
12591,830,France,Female,38,3,56012.21,1,0,1,87312.91,0
12592,636,France,Male,67,10,73233.03,1,1,1,90690.25,0
12593,602,Germany,Male,18,9,191037.54,3,0,0,17877.06,0
12594,596,France,Male,43,7,611.15,1,1,1,92810.34,0
12595,388,France,Female,28,8,73735.49,4,0,1,91843.92,0
12596,635,France,Male,67,0,36939.23,2,1,1,40891.01,0
12597,733,France,Female,38,0,132979.21,2,0,0,111437.75,0
12598,636,France,Female,42,1,185947.98,2,0,1,27616.43,0
12599,587,France,Male,53,8,54200.99,4,0,1,84522.38,0
12600,776,Germany,Female,61,9,98263.28,2,1,0,22961.96,0
12601,437,France,Male,47,10,111612.46,2,1,1,128480.6,0
12602,630,France,Male,64,0,111649.89,2,1,0,66349.18,0
12603,528,Spain,Male,27,7,30952.01,4,0,0,144825.32,0
12604,485,Germany,Female,51,0,58452.91,4,0,0,72968.7,0
12605,629,Spain,Male,61,7,69279.27,1,1,0,118476.01,0
12606,548,Spain,Male,42,3,70008.38,1,1,1,80379.68,0
12607,598,Spain,Male,63,2,115272.26,2,1,0,16912.89,1
12608,818,France,Female,67,1,100678.15,4,1,1,54525.23,1
12609,569,France,Male,55,7,88212.92,4,0,1,92206.11,0
12610,360,Spain,Female,70,7,7534.26,2,1,0,121030.98,0
12611,352,France,Female,57,4,29145.51,4,0,1,18955.6,0
12612,798,Spain,Male,36,2,34002.18,3,1,0,81228.0,1
12613,399,France,Female,32,10,103045.6,4,0,1,118367.17,0
12614,705,France,Female,37,3,12187.82,3,0,0,40417.23,0
12615,558,Spain,Female,65,7,164208.55,3,1,0,58370.56,0
12616,478,France,Female,69,3,96750.28,4,0,0,50218.49,0
12617,838,Germany,Male,51,3,62146.77,2,0,0,113713.72,0
12618,659,Spain,Female,74,4,177891.95,4,1,1,50183.21,1
12619,436,France,Male,28,9,83048.76,4,0,1,137138.43,0
12620,450,Spain,Male,45,3,38968.0,4,1,0,126406.76,0
12621,469,France,Female,57,8,79522.29,3,1,1,86797.51,1
12622,358,France,Male,28,8,40443.25,1,0,1,146886.39,0
12623,577,France,Female,53,2,84943.18,4,1,0,54629.38,0
12624,730,Germany,Female,32,6,79897.43,3,0,0,11752.23,0
12625,504,France,Female,50,2,9409.47,2,0,0,105296.68,0
12626,504,Spain,Male,35,0,157394.97,4,0,1,123842.5,0
12627,790,France,Female,44,0,151621.7,4,1,1,141801.18,1
12628,580,France,Male,40,4,51760.5,3,1,1,33659.28,0
12629,728,France,Male,61,8,12791.41,3,0,0,14854.23,0
12630,625,Germany,Female,74,2,131085.84,1,1,0,92695.61,0
12631,695,Spain,Female,59,0,69835.75,3,1,1,65721.41,0
12632,720,France,Female,36,4,86147.94,4,1,1,42294.04,0
12633,419,Germany,Male,51,3,111974.78,1,0,1,103595.67,1
12634,667,Germany,Female,23,2,5828.32,1,1,1,83304.91,0
12635,534,France,Male,21,8,122343.29,2,1,1,95812.85,0
12636,503,France,Female,49,0,59010.79,2,1,0,139140.57,1
12637,745,Spain,Female,31,3,164071.0,1,0,1,130360.79,0
12638,384,France,Male,72,9,25114.23,3,1,0,34773.27,1
12639,630,Spain,Male,73,3,33617.04,2,0,0,18957.1,0
12640,591,France,Female,29,4,31035.24,1,1,0,100529.69,0
12641,422,France,Female,40,0,118192.09,3,0,1,11417.79,0
12642,456,France,Female,47,1,119285.33,3,0,1,39289.86,0
12643,775,France,Male,54,0,95118.05,2,0,0,138430.03,0
12644,756,France,Female,61,5,106547.29,2,0,1,64672.42,0
12645,809,France,Male,25,6,101906.31,1,0,1,112468.96,0
12646,697,France,Female,48,4,68083.41,3,1,0,102192.23,0
12647,731,Germany,Female,50,1,46748.92,2,1,0,25662.97,0
12648,499,France,Female,20,2,71447.93,4,1,1,114213.14,0
12649,647,France,Female,52,10,71194.51,4,1,0,115353.94,0
12650,357,France,Male,34,8,69527.69,3,1,0,12010.71,0
12651,432,Spain,Male,61,0,58265.76,2,1,0,144002.27,1
12652,662,France,Male,49,10,63766.98,3,0,1,24426.9,0
12653,526,Germany,Female,73,3,86497.88,4,1,0,76509.01,1
12654,371,France,Male,27,5,57715.85,4,1,0,77401.29,0
12655,571,Germany,Male,43,2,9928.79,2,0,0,75864.88,0
12656,356,France,Female,52,5,21576.11,4,1,1,149045.21,0
12657,635,France,Female,35,9,46318.43,3,1,0,34316.17,0
12658,612,Germany,Female,42,2,148393.61,3,0,0,123090.84,0
12659,619,Spain,Male,27,8,129087.15,2,1,0,133047.43,0
12660,602,France,Male,49,9,12416.06,3,1,1,30224.68,0
12661,422,France,Male,37,1,55116.98,1,0,0,10361.55,0
12662,616,France,Male,53,2,99833.65,2,1,1,46189.15,0
12663,648,Spain,Male,43,0,172018.25,4,1,0,16185.27,0
12664,605,France,Female,49,6,34506.39,4,0,0,19474.33,0
12665,754,France,Female,72,0,83120.85,3,1,0,125948.79,0
12666,363,Germany,Male,70,2,144615.75,1,0,1,13627.97,1
12667,456,Spain,Male,47,8,36643.27,4,0,1,47167.02,1
12668,578,Germany,Female,50,10,26197.9,4,0,0,20801.08,0
12669,386,France,Female,56,8,69636.43,4,1,1,29812.89,0
12670,620,France,Male,42,8,26928.71,4,1,0,85844.26,0
12671,545,France,Male,59,6,204431.69,4,0,0,137175.76,0
12672,445,France,Female,19,5,126411.16,4,0,1,131971.47,0
12673,545,Spain,Female,18,5,84339.07,2,1,0,25873.06,0
12674,740,France,Female,19,6,11835.05,1,1,1,126522.13,0
12675,813,France,Female,31,5,126313.19,2,0,1,131573.68,0
12676,515,Spain,Female,25,0,111634.62,1,0,1,44852.12,0
12677,483,Spain,Male,48,6,39684.62,1,0,0,39049.9,0
12678,404,Spain,Female,66,2,44713.82,2,0,1,61135.33,0
12679,737,France,Male,21,1,19730.11,2,1,0,119069.35,0
12680,612,France,Male,51,4,67059.37,1,1,0,148804.44,0
12681,761,Germany,Female,26,8,126158.25,3,1,0,85564.95,0
12682,552,Germany,Female,61,5,134600.34,2,0,1,66723.9,0
12683,415,Spain,Female,60,8,108219.56,4,1,1,60650.16,0
12684,419,Spain,Male,70,7,123522.57,2,0,1,72855.0,0
12685,804,Spain,Female,56,7,34932.05,4,1,1,44157.95,0
12686,679,France,Female,57,2,42355.13,1,1,1,108720.06,0
12687,637,Germany,Male,25,2,147273.52,3,1,1,91514.34,0
12688,813,France,Female,22,5,100049.97,3,1,0,58768.46,0
12689,781,Germany,Female,24,2,21984.13,3,0,1,108702.56,0
12690,539,France,Male,67,10,103152.78,2,1,0,119324.51,0
12691,744,France,Male,66,10,123779.35,2,0,1,36136.39,0
12692,384,France,Male,43,9,116049.06,3,0,0,64571.49,0
12693,593,France,Male,44,10,78463.77,3,1,0,97337.72,0
12694,367,France,Male,21,7,39379.43,3,0,1,114447.47,0
12695,773,Germany,Female,36,8,96701.98,2,0,0,19239.5,0
12696,674,France,Female,25,6,177826.61,1,1,1,24855.47,0
12697,513,France,Male,58,8,80880.17,4,1,1,118911.27,0
12698,483,Germany,Male,29,1,29828.18,3,0,1,116280.67,0
12699,510,Germany,Male,56,5,92894.02,1,1,1,39492.85,0
12700,578,Germany,Female,67,7,5536.42,2,0,1,64469.92,0
12701,648,Germany,Male,74,9,85973.56,2,1,1,105424.91,0
12702,811,Germany,Female,49,7,52874.85,3,0,1,81208.8,0
12703,537,Germany,Male,23,7,131541.54,1,1,1,119388.86,0
12704,376,Germany,Male,56,1,78038.92,4,1,0,38879.4,0
12705,455,France,Male,61,4,137265.74,1,1,1,68857.51,0
12706,840,France,Male,63,4,215483.32,2,0,1,56036.47,0
12707,753,Germany,Female,44,7,57928.76,4,0,1,127207.3,0
12708,430,France,Male,52,2,19321.87,1,0,1,56236.6,0
12709,756,Germany,Male,32,0,100278.91,1,0,1,111766.78,0
12710,454,France,Female,26,3,66023.94,1,1,1,71046.28,0
12711,391,France,Female,46,4,80381.12,2,1,0,35307.58,0
12712,635,Spain,Male,45,1,33830.62,4,0,0,97865.05,0
12713,703,Germany,Female,19,9,106235.08,1,0,1,32360.96,0
12714,753,France,Female,72,7,75811.68,3,1,0,26496.02,1
12715,809,France,Female,25,5,63573.91,4,1,1,130240.16,0
12716,839,Spain,Male,29,5,56672.22,1,0,0,135487.36,0
12717,756,Germany,Female,24,6,92288.62,4,1,1,58728.32,1
12718,803,France,Male,51,1,145049.63,3,0,1,61086.9,1
12719,423,Spain,Male,57,6,35347.33,2,1,0,94517.89,0
12720,487,Germany,Male,63,1,21297.22,3,1,1,96535.21,0
12721,393,Spain,Male,58,10,143182.85,4,1,1,91937.53,0
12722,770,Germany,Female,19,10,33316.14,2,0,1,47317.2,0
12723,572,Spain,Male,31,2,77937.5,1,0,1,120541.95,0
12724,449,Germany,Male,60,1,100885.1,2,0,0,52252.45,1
12725,797,Germany,Male,35,7,117419.78,2,0,1,132062.04,0
12726,719,Spain,Female,60,6,71873.9,2,1,1,142038.65,0
12727,805,France,Male,62,4,1937.24,3,1,1,48052.17,0
12728,469,France,Male,26,9,134434.06,3,1,0,94725.1,0
12729,362,Germany,Female,40,2,44247.12,1,0,1,108724.28,0
12730,686,France,Female,42,9,38824.21,4,1,0,41972.35,0
12731,799,Spain,Female,37,0,196511.21,4,1,1,145087.36,0
12732,551,Germany,Male,63,9,126137.94,4,1,1,72491.01,1
12733,672,Spain,Female,71,6,5187.21,4,1,1,81652.14,1
12734,694,France,Male,24,0,41263.17,1,1,0,59090.82,0
12735,679,France,Male,49,2,55969.58,1,1,0,65591.22,0
12736,476,Spain,Male,26,10,24555.69,3,1,0,22344.39,0
12737,468,France,Female,48,6,48281.12,2,0,1,141307.32,0
12738,412,Spain,Female,57,6,121287.02,3,1,1,132863.57,0
12739,663,France,Female,52,4,119644.55,2,1,0,117681.68,1
12740,465,France,Male,22,8,86458.6,3,1,0,149758.74,1
12741,820,France,Male,20,4,46215.45,4,1,1,131452.27,0
12742,662,France,Female,67,1,84454.82,3,1,1,96305.6,0
12743,641,France,Male,40,9,111011.9,4,1,0,13412.9,0
12744,718,France,Male,53,2,6273.0,2,1,1,144313.26,0
12745,806,Spain,Male,62,0,50519.1,1,0,0,119127.17,0
12746,547,Spain,Female,19,9,36374.77,2,1,0,84277.28,0
12747,694,France,Male,55,6,114582.17,4,0,0,80259.16,1
12748,445,France,Female,68,7,87482.86,1,0,1,98169.3,0
12749,469,France,Female,68,4,9690.13,3,1,0,111752.22,0
12750,634,Spain,Male,61,8,32763.52,1,0,0,86818.26,0
12751,525,France,Male,35,1,181159.34,2,0,1,59454.45,0
12752,628,Germany,Male,46,8,10725.94,1,0,0,20951.86,0
12753,479,France,Male,45,4,80527.5,2,1,1,65729.84,0
12754,725,France,Female,25,10,31937.59,3,1,0,23275.48,0
12755,499,France,Male,31,9,148733.07,4,1,1,63300.33,0
12756,552,Germany,Female,54,6,67109.89,2,0,0,132308.58,0
12757,684,France,Female,28,2,43903.76,1,0,1,122039.38,0
12758,690,Spain,Female,35,6,2057.01,1,1,1,81187.97,0
12759,595,Germany,Male,23,7,55807.31,2,0,0,106837.37,0
12760,736,France,Female,64,10,122587.36,3,1,0,69955.21,0
12761,801,France,Female,29,2,112876.36,1,0,1,88508.33,0
12762,390,Germany,Female,56,6,11284.88,4,1,0,134249.57,1
12763,448,Germany,Male,27,5,168017.75,2,0,1,143836.6,0
12764,840,France,Male,34,7,55666.42,2,0,1,49184.8,0
12765,415,France,Female,43,6,5461.4,4,1,1,117426.98,0
12766,400,France,Male,54,1,78894.63,3,0,1,63423.07,1
12767,394,Spain,Female,41,0,32276.05,4,1,0,73374.38,0
12768,573,Germany,Male,48,8,34945.84,1,1,1,66120.75,0
12769,474,Spain,Female,61,8,31616.55,1,1,0,32710.59,0
12770,685,Germany,Female,45,10,65266.39,4,0,0,41770.08,0
12771,707,Germany,Female,62,4,39771.84,1,0,1,132760.52,0
12772,665,France,Male,71,1,35426.3,3,0,0,90449.33,0
12773,432,Germany,Male,48,2,103275.09,3,0,0,32028.04,1
12774,750,France,Female,56,1,38408.09,4,0,1,147953.21,0
12775,669,Germany,Male,55,2,145089.78,1,0,1,118918.36,1
12776,416,France,Male,69,4,104036.06,3,0,1,116870.56,0
12777,806,France,Male,44,10,109062.66,1,0,0,86031.28,0
12778,483,Spain,Female,66,2,82044.53,4,0,1,94035.51,0
12779,663,France,Male,35,10,151209.28,4,0,0,30340.66,0
12780,672,Spain,Female,67,3,50398.61,2,0,1,35273.39,0
12781,453,Spain,Male,46,5,9059.6,1,0,0,103013.49,1
12782,514,Germany,Female,23,9,92128.53,4,0,0,103511.19,0
12783,731,France,Female,53,2,98159.14,4,1,0,65485.9,1
12784,832,Spain,Male,36,9,47796.56,3,1,0,124158.3,0
12785,769,Germany,Male,72,7,84003.55,3,0,0,41582.29,0
12786,711,France,Female,47,2,44841.12,2,0,1,32119.96,0
12787,613,Spain,Male,64,0,148661.71,2,0,1,18438.69,0
12788,603,France,Female,43,0,114149.7,4,0,1,140676.93,0
12789,541,France,Female,21,9,77662.53,2,0,1,84060.36,0
12790,439,France,Female,50,1,45792.05,1,0,0,90783.35,0
12791,653,France,Female,54,0,138552.58,2,1,0,101450.48,1
12792,442,Germany,Male,53,8,28500.47,3,0,0,26688.47,1
12793,399,Spain,Female,23,0,44802.26,4,0,1,133222.3,0
12794,780,France,Female,19,6,116905.58,3,1,0,146799.77,0
12795,679,France,Male,53,3,107508.41,3,0,1,43372.63,0
12796,788,Germany,Female,45,7,196750.31,1,0,0,42892.85,0
12797,463,France,Male,66,5,57123.32,1,0,1,129228.65,0
12798,627,France,Male,30,6,46074.72,3,1,1,81183.99,0
12799,668,Spain,Female,57,0,111418.69,3,0,1,37117.0,0
12800,786,Spain,Male,31,4,148467.5,3,1,1,146030.14,0
12801,505,Spain,Male,24,3,60279.44,2,0,1,127275.8,0
12802,549,Spain,Female,50,8,167115.35,4,0,1,62144.44,1
12803,535,France,Female,42,10,180852.59,4,0,1,98107.78,0
12804,424,France,Female,42,3,29197.52,1,0,1,111991.12,0
12805,814,Germany,Male,29,8,40656.3,1,0,0,60123.47,1
12806,539,Spain,Male,28,2,7168.23,1,1,0,91976.06,0
12807,520,France,Male,55,0,104079.79,2,1,1,63017.65,0
12808,552,Germany,Male,40,8,114963.26,2,0,0,128182.05,0
12809,743,France,Female,58,9,107907.83,1,0,0,41903.48,0
12810,432,France,Male,41,9,6036.29,4,1,1,73061.74,0
12811,401,France,Female,60,5,23093.77,2,1,1,17912.04,1
12812,411,France,Male,39,9,18303.62,2,0,0,93772.1,0
12813,695,France,Female,38,10,29506.65,3,1,1,18332.64,0
12814,366,France,Female,32,1,13071.86,1,0,1,57785.65,0
12815,388,Germany,Female,52,3,27623.18,3,0,0,116330.27,0
12816,592,France,Male,40,0,59014.05,2,0,1,86145.14,0
12817,603,Germany,Female,29,3,96510.96,4,1,0,58041.94,0
12818,686,Germany,Male,20,3,108980.04,1,1,1,78396.24,0
12819,793,Spain,Male,71,7,68997.99,1,0,1,26355.82,0
12820,354,France,Female,39,9,28661.17,1,1,1,45348.28,1
12821,484,Spain,Male,71,5,69588.16,2,0,0,138626.73,0
12822,493,France,Male,42,0,105485.99,2,1,1,29792.19,0
12823,490,Germany,Male,19,3,51871.97,1,1,0,119970.26,0
12824,602,Spain,Male,74,6,73462.25,2,1,0,113545.86,0
12825,808,France,Female,50,5,51231.21,3,0,1,99014.92,0
12826,554,France,Female,72,6,37724.2,1,1,0,118963.09,1
12827,564,Germany,Male,58,7,72252.34,1,1,0,28724.95,0
12828,453,France,Female,29,10,1080.42,1,0,1,60289.73,0
12829,666,Germany,Male,31,3,135173.72,4,1,1,58035.25,1
12830,460,France,Female,45,7,26532.65,4,0,1,41180.45,0
12831,707,France,Male,19,9,98618.85,2,1,1,42811.79,0
12832,629,Germany,Female,36,10,14144.24,3,0,1,52790.5,0
12833,712,Spain,Male,18,8,163480.58,3,0,0,144819.37,0
12834,421,Spain,Female,50,0,123810.37,1,1,0,63535.88,0
12835,831,France,Male,58,8,19886.09,2,0,1,120827.86,0
12836,674,France,Male,31,9,42261.89,2,1,0,114869.2,0
12837,826,Germany,Female,18,7,315.14,2,0,1,113837.68,0
12838,828,France,Female,29,9,66439.67,4,1,0,78677.06,0
12839,388,France,Female,40,2,95454.33,4,1,1,81145.34,1
12840,550,Spain,Male,37,8,227958.89,4,0,0,35428.17,1
12841,375,Germany,Male,63,7,14400.25,4,1,0,133835.9,0
12842,442,Germany,Male,57,4,146691.92,3,1,1,62476.63,0
12843,722,Germany,Male,20,1,34039.68,2,0,0,109797.78,0
12844,513,Germany,Female,42,3,87042.04,2,1,1,131685.02,0
12845,451,Germany,Male,58,1,124307.36,4,1,0,90011.56,1
12846,528,Spain,Female,73,6,103574.71,2,1,1,60988.39,0
12847,700,Spain,Male,42,5,96119.22,2,0,1,132414.92,0
12848,792,Spain,Male,44,4,57840.36,2,1,1,23691.26,0
12849,407,Spain,Male,40,1,69487.68,1,1,1,115788.81,0
12850,684,France,Male,70,5,79437.38,2,0,1,50547.47,0
12851,579,France,Male,45,1,144028.29,1,0,1,108141.79,0
12852,370,Spain,Female,38,7,20639.54,2,1,0,40621.1,0
12853,567,France,Male,38,6,39642.51,2,0,1,134343.11,0
12854,508,Germany,Male,49,6,6966.61,3,0,0,76291.2,1
12855,568,France,Male,67,10,10494.32,2,1,0,26039.16,0
12856,384,France,Male,44,1,20735.94,4,0,0,122490.65,0
12857,627,France,Female,56,0,137776.36,1,1,0,58255.29,0
12858,478,France,Female,37,0,202358.41,1,1,1,23494.61,0
12859,414,France,Male,40,4,153635.9,3,0,0,128129.39,1
12860,553,France,Male,36,1,3129.98,4,1,1,21828.45,0
12861,573,Spain,Female,24,0,74629.35,1,1,0,38929.15,0
12862,583,France,Female,26,8,67.26,4,0,1,36938.22,0
12863,845,France,Female,46,5,97477.48,3,0,1,66849.23,0
12864,709,Spain,Male,52,5,148434.08,1,0,1,146372.05,0
12865,380,Germany,Male,74,6,106250.42,3,0,1,20146.76,1
12866,406,France,Male,32,10,123718.73,4,1,1,148138.82,0
12867,745,France,Female,68,5,60902.52,3,1,1,48714.58,0
12868,517,Germany,Male,45,6,51499.93,2,1,0,68528.89,1
12869,634,France,Female,21,0,52284.33,4,1,0,120616.54,1
12870,721,France,Male,68,10,63906.59,1,0,1,129367.23,1
12871,443,Germany,Male,38,7,105431.18,3,1,1,28140.24,0
12872,624,France,Male,72,7,148351.49,3,1,1,106768.59,0
12873,684,France,Female,44,5,48505.89,3,0,0,73184.41,0
12874,787,Germany,Male,67,0,74586.01,1,1,1,21722.42,1
12875,520,Germany,Male,41,6,85754.43,3,1,0,149729.1,0
12876,387,France,Male,60,1,135542.42,2,0,1,67584.29,0
12877,590,France,Male,24,7,65671.78,3,0,0,107366.51,0
12878,675,France,Male,28,1,2475.26,3,0,1,114584.55,0
12879,457,Spain,Male,28,9,136716.41,4,0,0,43848.24,0
12880,837,France,Male,47,8,95334.53,3,1,1,49802.68,0
12881,848,France,Male,48,4,93556.69,4,1,0,64797.41,0
12882,352,France,Male,29,1,8427.09,1,1,1,133670.85,0
12883,816,Germany,Female,59,10,69521.4,1,0,1,127178.39,1
12884,849,Spain,Male,63,9,35995.59,4,1,0,101552.07,0
12885,602,France,Male,58,1,53732.86,1,0,1,58367.8,0
12886,608,Spain,Female,49,2,55358.1,1,1,1,53844.34,1
12887,589,Germany,Male,56,4,43147.28,2,0,0,59899.42,0
12888,628,France,Male,67,8,104970.88,3,1,0,64142.66,1
12889,546,Spain,Female,56,1,158834.41,4,1,0,74976.02,1
12890,381,France,Male,53,10,67854.9,4,1,0,66680.49,0
12891,638,Spain,Male,18,4,180180.02,1,0,0,57624.53,0
12892,784,France,Female,38,6,33736.32,4,1,1,115385.33,0
12893,665,France,Male,30,9,116989.21,1,1,0,132968.03,0
12894,664,Germany,Male,36,1,8136.52,2,1,1,132418.68,0
12895,729,Spain,Female,37,10,77769.52,4,1,0,31486.8,0
12896,816,Spain,Female,64,3,50485.92,4,1,1,91238.4,0
12897,422,Germany,Female,32,5,57097.64,3,0,0,34320.42,0
12898,701,France,Male,34,0,106259.21,2,0,0,132984.51,0
12899,806,France,Female,40,3,46201.43,3,0,0,81363.7,0
12900,750,France,Male,31,8,77107.96,4,1,0,11926.15,0
12901,387,Spain,Male,40,3,19929.5,1,1,0,123770.3,1
12902,468,Germany,Female,74,10,77190.64,2,0,1,104089.13,0
12903,817,France,Female,37,9,94185.47,1,1,0,26386.08,0
12904,416,France,Male,31,5,47112.05,3,0,0,130303.19,0
12905,458,Spain,Male,18,4,47033.35,2,1,1,18552.04,0
12906,715,France,Female,73,1,1033.46,4,0,1,135287.33,0
12907,593,Spain,Female,67,2,103794.29,1,0,0,149788.62,1
12908,820,Germany,Male,32,10,28541.97,4,1,0,72099.84,0
12909,769,France,Male,72,9,97323.85,4,1,1,94007.81,0
12910,422,Germany,Female,40,0,17834.33,4,1,0,64785.81,0
12911,526,France,Male,53,5,154214.73,3,1,0,77079.84,1
12912,597,France,Female,67,10,7072.84,3,1,0,126019.71,0
12913,402,France,Female,33,4,141218.54,3,1,1,120684.75,0
12914,548,France,Female,66,6,42378.99,2,0,0,67847.69,0
12915,690,France,Female,43,9,103570.8,3,1,1,126788.02,0
12916,373,France,Female,20,1,61135.21,3,0,0,54980.52,1
12917,713,Spain,Female,69,8,111796.37,2,0,0,120072.03,1
12918,715,France,Male,24,5,70260.19,1,0,0,54152.61,0
12919,553,Germany,Male,52,0,148155.25,1,1,0,126598.53,1
12920,798,Spain,Male,48,7,111335.16,2,0,1,47127.56,0
12921,679,Spain,Male,57,10,111926.92,3,1,0,82162.27,0
12922,517,Spain,Female,59,7,172757.9,2,0,1,35332.55,0
12923,770,Germany,Male,57,5,27045.06,3,1,1,19766.53,0
12924,795,Germany,Male,56,3,150094.11,3,1,0,67724.36,0
12925,351,Germany,Male,73,1,74382.28,4,1,0,21199.54,1
12926,563,Germany,Female,70,7,21049.75,2,1,0,29698.74,1
12927,674,France,Male,55,10,99411.46,2,0,0,62892.84,0
12928,712,France,Female,24,2,57425.24,1,0,0,116901.34,0
12929,661,France,Male,24,4,173852.28,1,0,1,61405.92,0
12930,845,France,Male,62,8,39734.99,2,0,0,15518.34,0
12931,576,France,Male,46,7,73017.52,4,0,0,69508.79,1
12932,438,Spain,Male,61,6,84413.24,1,1,1,69138.2,0
12933,449,Germany,Male,70,8,47286.45,1,1,1,44890.81,1
12934,766,France,Male,64,10,101258.96,4,0,0,57339.47,1
12935,519,Spain,Female,25,2,8806.75,1,1,1,76561.07,0
12936,817,France,Female,42,1,156615.84,1,0,0,82114.89,0
12937,554,Spain,Male,20,10,172505.96,3,1,1,95068.32,0
12938,553,Germany,Female,33,2,69471.7,3,0,1,142221.03,0
12939,758,Germany,Female,20,6,27564.48,4,0,1,142577.81,0
12940,603,France,Male,67,9,81169.02,4,0,0,105779.08,1
12941,720,Spain,Male,21,0,80831.77,4,1,1,61586.08,0
12942,740,France,Male,25,7,114325.71,4,1,0,12146.06,0
12943,604,France,Male,27,5,51759.87,3,0,0,71441.28,0
12944,831,Germany,Male,22,6,3258.03,4,1,0,48562.32,0
12945,501,France,Female,61,0,61245.2,2,0,0,96892.27,0
12946,718,France,Male,43,7,13021.55,3,1,1,39572.29,0
12947,785,Germany,Male,52,10,179028.0,1,1,0,94555.14,0
12948,551,France,Male,70,8,26471.8,2,1,1,46906.65,0
12949,369,Spain,Male,59,7,29862.25,3,0,0,33510.08,0
12950,460,Germany,Female,42,1,67112.4,3,1,0,17751.26,0
12951,530,France,Female,49,4,6324.45,3,0,0,77220.0,0
12952,508,Germany,Female,55,3,42572.58,1,0,1,27460.72,1
12953,517,Germany,Male,38,8,61670.79,1,1,0,36973.17,0
12954,688,Germany,Female,47,6,39925.19,2,1,0,48154.92,0
12955,592,Germany,Male,62,8,54529.27,3,1,0,32037.57,1
12956,397,Spain,Female,66,4,146360.75,2,1,0,11807.3,1
12957,372,France,Female,27,7,96671.38,4,1,0,27232.7,1
12958,646,Spain,Female,56,4,12297.46,4,1,0,112090.32,0
12959,562,France,Female,38,2,43568.36,1,1,0,68974.01,0
12960,664,France,Female,59,4,115901.62,3,1,0,104338.75,0
12961,421,France,Male,41,1,29969.03,3,0,1,107192.12,0
12962,841,France,Male,24,9,75020.87,3,1,0,94552.61,0
12963,380,Spain,Female,56,9,68218.92,2,0,0,89562.12,0
12964,472,Germany,Male,63,3,102501.93,3,1,0,128601.26,1
12965,846,France,Male,61,9,58978.08,3,1,0,21234.97,1
12966,671,Germany,Male,23,3,61308.55,2,1,1,54026.41,0
12967,766,France,Female,50,3,17162.93,1,1,1,10679.44,0
12968,359,Spain,Female,21,1,92112.11,3,1,0,72927.48,1
12969,517,France,Male,52,4,12916.65,4,1,1,131359.92,0
12970,547,Spain,Female,26,5,176606.51,2,1,1,83020.99,0
12971,675,Spain,Male,34,4,68756.97,2,1,1,129503.57,0
12972,661,France,Male,46,10,56229.48,1,1,1,95843.18,0
12973,469,France,Female,51,3,118466.97,3,1,0,16385.17,0
12974,351,France,Male,66,6,64773.54,1,0,1,22097.57,0
12975,793,Germany,Male,66,10,75432.81,1,1,1,103743.59,0
12976,755,France,Male,24,4,66769.1,1,0,1,143650.98,0
12977,668,Spain,Female,43,5,25396.4,1,0,0,32036.66,0
12978,833,France,Female,73,9,13314.84,4,1,0,139604.83,1
12979,569,Germany,Female,60,7,26997.72,4,1,1,106822.11,0
12980,481,Germany,Female,58,7,139589.41,3,1,0,29353.27,1
12981,494,France,Male,46,6,31412.6,2,0,0,51729.07,0
12982,432,France,Female,49,2,45049.35,3,0,1,128555.05,1
12983,570,Spain,Female,47,0,42382.51,4,0,1,130586.9,0
12984,423,France,Male,70,3,112890.18,3,0,1,106411.87,0
12985,724,France,Male,52,0,191776.77,4,0,0,142996.58,0
12986,584,France,Male,37,6,13165.17,3,0,1,119447.59,0
12987,739,Germany,Female,25,1,103713.64,3,1,0,140071.85,0
12988,518,France,Female,71,6,77335.56,4,0,1,64619.33,1
12989,377,France,Male,30,5,51377.12,3,1,1,71579.54,0
12990,412,Germany,Male,18,10,101049.34,3,1,0,55437.69,0
12991,835,Germany,Male,28,6,8101.05,1,1,0,40289.16,0
12992,567,Germany,Female,45,10,121159.13,2,1,1,52553.75,0
12993,611,France,Male,48,10,83558.01,4,1,1,30182.1,0
12994,630,France,Male,32,2,8715.96,3,1,0,142604.99,0
12995,801,France,Male,56,9,167929.43,3,1,1,97086.48,1
12996,720,Germany,Male,19,5,122276.75,4,1,0,143654.82,0
12997,378,Germany,Male,58,8,141413.39,3,1,0,29458.42,0
12998,667,France,Male,47,4,19378.49,1,1,0,97725.99,1
12999,779,Spain,Female,29,4,53323.33,4,1,0,72543.27,0
